p,k,n,ip,i,delta,defect,lower_weight,boundary,obstruction_filtration,obstruction_gap_units,reflected_D,q0,qm,q1,curve,first_support_relative,o0,o1,o2,o3,o4,o5,o6,o7,o8,o9,o10,o11
17,8,11,11,198,0,0,132,12,404,17,1,15,3,8,off,0,6,14,0,4,5,9,14,15,11,4,7,12
17,8,11,16,203,0,0,142,12,334,12,1,15,3,8,off,0,5,10,10,0,15,0,6,10,7,8,12,9
17,8,12,11,215,0,0,166,14,422,16,1,8,12,16,off,0,7,0,5,6,5,6,2,8,14,13,12,8
17,8,12,12,216,0,0,168,15,440,17,1,4,8,12,off,0,9,15,15,1,11,11,10,9,1,15,16,13
17,8,12,15,219,0,0,174,15,334,10,1,4,8,12,off,0,14,3,0,14,4,4,7,4,15,7,5,6
17,8,12,16,220,0,0,176,15,352,11,1,8,12,16,off,0,7,3,6,4,9,11,14,5,2,15,1,14
17,8,13,11,232,0,0,200,17,440,15,1,16,2,5,off,0,4,3,14,7,16,7,15,9,8,15,15,3
17,8,13,12,233,0,0,202,17,458,16,2,12,15,1,off,1,0,11,14,5,2,8,11,3,0,14,7,12
17,8,13,13,234,0,0,204,18,476,17,2,10,13,16,off,0,2,9,15,13,8,5,8,4,13,13,1,8
17,8,13,14,235,0,0,206,17,334,8,2,10,13,16,off,1,0,2,1,11,1,6,13,5,15,15,11,11
17,8,13,15,236,0,0,208,18,352,9,2,12,15,1,off,0,5,11,13,3,12,5,7,10,5,2,0,16
17,8,13,16,237,0,0,210,18,370,10,1,16,2,5,off,0,4,15,2,10,10,16,9,0,15,4,2,1
17,8,14,11,249,0,0,234,20,458,14,2,5,7,9,off,0,3,4,14,12,14,10,10,9,8,2,13,6
17,8,14,12,250,0,0,236,20,476,15,2,1,3,5,off,0,5,8,9,16,7,10,16,9,10,6,9,2
17,8,14,13,251,0,0,238,20,334,6,2,16,1,3,off,0,15,11,11,8,0,1,13,10,14,13,10,10
17,8,14,14,252,0,0,240,21,352,7,2,16,1,3,off,0,3,16,11,4,1,6,12,4,3,10,10,3
17,8,14,15,253,0,0,242,20,370,8,2,1,3,5,off,0,16,2,3,5,4,3,2,7,16,15,2,14
17,8,14,16,254,0,0,244,21,388,9,2,5,7,9,off,0,7,0,12,2,6,13,1,7,1,2,11,3
17,8,15,11,266,0,0,268,23,476,13,-1,9,10,11,off,0,11,3,7,10,4,1,11,3,12,12,10,10
17,8,15,12,267,0,0,270,23,334,4,-1,5,6,7,off,0,11,1,5,6,7,12,1,16,11,11,15,13
17,8,15,13,268,0,0,272,23,352,5,-1,3,4,5,off,1,0,4,4,8,16,10,11,11,3,9,4,1
17,8,15,14,269,0,0,274,23,370,6,-1,3,4,5,off,1,0,11,15,4,7,8,13,7,8,16,13,0
17,8,15,15,270,0,0,276,24,388,7,-1,5,6,7,off,0,5,5,5,5,10,14,13,2,3,10,0,5
17,8,15,16,271,0,0,278,23,406,8,-1,9,10,11,off,0,9,16,12,12,7,10,16,5,8,7,7,0
17,12,9,9,162,0,0,64,6,336,17,1,5,12,2,off,0,5,15,9,11,13,9,15,1,6,3,4,15
17,12,9,14,167,0,0,74,6,330,16,1,5,12,2,off,0,3,16,14,2,7,15,8,15,15,2,4,0
17,12,9,15,168,0,0,76,7,348,17,1,11,1,8,off,0,12,4,1,14,1,7,9,5,3,9,13,11
17,12,10,8,178,0,0,96,9,336,15,1,8,14,3,off,0,4,0,2,6,2,6,0,6,9,6,9,11
17,12,10,9,179,0,0,98,8,354,16,1,2,8,14,off,0,9,6,6,11,1,2,2,14,1,7,3,16
17,12,10,10,180,0,0,100,9,372,17,1,15,4,10,off,0,3,8,12,15,0,1,5,2,10,6,10,10
17,12,10,13,183,0,0,106,9,330,14,1,15,4,10,off,0,7,2,10,16,8,1,1,13,0,6,14,9
17,12,10,14,184,0,0,108,10,348,15,1,2,8,14,off,0,1,5,13,0,8,14,3,10,8,11,15,16
17,12,10,15,185,0,0,110,9,366,16,1,8,14,3,off,0,10,8,7,2,9,15,5,0,0,4,11,10
17,12,10,16,186,0,0,112,10,384,17,1,16,5,11,off,0,2,7,15,1,4,12,16,2,15,7,11,3
17,12,11,7,194,0,0,128,11,336,13,1,11,16,4,off,0,16,7,14,3,13,2,10,0,2,10,9,6
17,12,11,8,195,0,0,130,11,354,14,1,3,8,13,off,0,4,11,7,1,9,11,6,15,5,10,13,15
17,12,11,9,196,0,0,132,12,372,15,1,14,2,7,off,0,12,14,12,4,12,16,10,14,4,16,12,0
17,12,11,10,197,0,0,134,11,390,16,2,10,15,3,off,0,8,12,1,0,14,15,2,10,6,1,8,2
17,12,11,11,198,0,0,136,12,408,17,2,8,13,1,off,0,8,3,10,10,6,15,7,16,7,7,4,14
17,12,11,12,199,0,0,138,12,330,12,2,8,13,1,off,0,11,5,4,14,11,0,7,15,4,11,3,16
17,12,11,13,200,0,0,140,12,348,13,2,10,15,3,off,0,9,1,11,14,15,16,14,7,16,3,0,15
17,12,11,14,201,0,0,142,12,366,14,1,14,2,7,off,0,2,11,4,12,11,0,10,3,9,13,4,10
17,12,11,15,202,0,0,144,13,384,15,1,3,8,13,off,0,1,1,14,2,9,14,10,12,15,3,4,6
17,12,11,16,203,0,0,146,12,402,16,1,11,16,4,off,0,7,13,6,4,12,6,3,14,11,5,14,2
17,12,12,7,211,0,0,162,14,354,12,1,4,8,12,off,0,10,2,0,9,13,4,6,10,11,4,5,16
17,12,12,8,212,0,0,164,14,276,7,1,13,0,4,qm,0,11,4,8,13,3,16,16,15,13,11,4,6
17,12,12,9,213,0,0,166,14,390,14,2,7,11,15,off,0,13,7,3,2,10,11,13,15,15,11,12,13
17,12,12,10,214,0,0,168,15,408,15,2,3,7,11,off,0,5,10,3,1,7,13,11,5,12,12,10,14
17,12,12,11,215,0,0,170,14,330,10,2,1,5,9,off,0,3,9,4,13,11,9,14,15,12,14,16,7
17,12,12,12,216,0,0,172,15,348,11,2,1,5,9,off,0,2,16,13,15,8,4,3,9,12,15,16,8
17,12,12,13,217,0,0,174,15,366,12,2,3,7,11,off,0,11,7,0,1,5,11,7,13,8,2,3,6
17,12,12,14,218,0,0,176,15,384,13,2,7,11,15,off,0,16,8,11,11,0,15,1,0,2,7,7,11
17,12,12,15,219,0,0,178,15,402,14,1,13,0,4,qm,0,7,0,4,11,8,0,16,0,12,12,14,16
17,12,12,16,220,0,0,180,16,420,15,1,4,8,12,off,0,2,11,4,16,14,2,5,6,14,16,1,2
17,12,13,7,228,0,0,196,17,372,11,1,12,15,1,off,0,3,2,8,4,11,16,7,13,3,14,14,11
17,12,13,8,229,0,0,198,17,390,12,2,4,7,10,off,0,1,9,9,4,2,5,6,12,4,14,12,8
17,12,13,9,230,0,0,200,17,408,13,2,15,1,4,off,0,12,10,6,16,6,5,6,11,10,1,1,13
17,12,13,10,231,-1,1,202,17,-1,-1,2,11,14,0,q1,-1,0,0,0,0,0,0,0,0,0,0,0,0
17,12,13,11,232,0,0,204,18,348,9,2,9,12,15,off,1,0,3,9,7,1,10,15,5,8,16,8,14
17,12,13,12,233,0,0,206,17,366,10,2,9,12,15,off,2,0,0,6,10,11,5,9,3,6,4,7,3
17,12,13,13,234,-1,1,208,18,-1,-1,2,11,14,0,q1,-1,0,0,0,0,0,0,0,0,0,0,0,0
17,12,13,14,235,0,0,210,18,402,12,2,15,1,4,off,0,10,5,12,7,2,8,2,5,8,6,11,5
17,12,13,15,236,0,0,212,18,420,13,2,4,7,10,off,0,7,6,9,5,15,3,12,4,4,1,3,16
17,12,13,16,237,0,0,214,18,438,14,1,12,15,1,off,0,1,5,4,1,4,5,11,16,2,13,15,5
17,12,14,7,245,0,0,230,19,390,10,2,1,3,5,off,0,2,7,2,16,6,6,12,11,6,4,3,4
17,12,14,8,246,0,0,232,20,408,11,2,10,12,14,off,0,7,0,2,13,15,7,16,3,10,15,11,2
17,12,14,9,247,0,0,234,20,330,6,2,4,6,8,off,0,5,6,4,0,1,9,13,2,10,13,6,0
17,12,14,10,248,0,0,236,20,348,7,2,0,2,4,q0,0,7,12,11,4,6,14,15,6,14,9,9,0
17,12,14,11,249,0,0,238,20,366,8,2,15,0,2,qm,0,5,8,11,11,8,7,7,8,0,10,8,0
17,12,14,12,250,0,0,240,21,384,9,2,15,0,2,qm,0,7,8,14,12,14,9,11,1,1,13,2,5
17,12,14,13,251,0,0,242,20,402,10,2,0,2,4,q0,0,2,3,15,14,1,11,4,16,2,14,2,0
17,12,14,14,252,0,0,244,21,420,11,2,4,6,8,off,0,6,11,15,4,2,15,2,3,5,9,14,16
17,12,14,15,253,0,0,246,21,438,12,2,10,12,14,off,0,16,0,6,15,16,2,2,0,3,4,6,12
17,12,14,16,254,0,0,248,21,456,13,2,1,3,5,off,0,1,3,5,9,2,4,15,0,11,4,13,6
17,12,15,7,262,0,0,264,23,408,9,-1,5,6,7,off,0,6,12,12,8,13,6,8,14,7,9,14,9
17,12,15,8,263,0,0,266,22,330,4,-1,14,15,16,off,0,6,10,0,13,14,8,10,7,8,3,5,2
17,12,15,9,264,0,0,268,23,348,5,-1,8,9,10,off,0,10,13,12,5,0,7,9,6,12,11,2,5
17,12,15,10,265,0,0,270,23,366,6,-1,4,5,6,off,0,7,7,12,8,12,16,16,15,14,14,7,16
17,12,15,11,266,0,0,272,23,384,7,-1,2,3,4,off,0,11,14,4,0,1,16,0,16,4,13,11,3
17,12,15,12,267,0,0,274,23,402,8,-1,2,3,4,off,0,15,13,15,0,10,6,0,4,5,8,6,0
17,12,15,13,268,0,0,276,24,420,9,-1,4,5,6,off,0,13,10,1,13,8,11,9,7,0,12,0,14
17,12,15,14,269,0,0,278,23,438,10,-1,8,9,10,off,0,2,7,6,6,0,2,10,10,8,5,15,0
17,12,15,15,270,0,0,280,24,456,11,-1,14,15,16,off,0,2,11,6,0,15,8,0,7,5,12,8,3
17,12,15,16,271,0,0,282,24,474,12,-1,5,6,7,off,0,14,11,4,4,10,16,12,14,16,3,0,3
19,12,10,10,200,0,0,70,6,412,19,1,5,13,2,off,0,18,9,8,0,18,14,12,6,2,2,16,7
19,12,10,17,207,0,0,84,8,408,18,1,5,13,2,off,0,10,5,5,12,9,15,3,15,14,6,1,12
19,12,10,18,208,0,0,86,7,428,19,1,13,2,10,off,0,5,8,1,17,15,3,10,0,5,16,0,1
19,12,11,9,218,0,0,106,9,412,17,1,10,17,5,off,0,15,14,1,12,10,12,16,2,12,14,1,18
19,12,11,10,219,0,0,108,10,432,18,1,2,9,16,off,0,15,18,1,6,14,12,12,9,11,1,16,6
19,12,11,11,220,0,0,110,9,452,19,1,15,3,10,off,0,14,3,12,16,5,6,5,4,0,5,2,9
19,12,11,16,225,0,0,120,11,408,16,1,15,3,10,off,0,7,2,9,1,13,0,18,10,0,2,0,14
19,12,11,17,226,0,0,122,10,428,17,1,2,9,16,off,0,13,15,2,14,13,5,10,17,1,0,16,4
19,12,11,18,227,0,0,124,11,448,18,1,10,17,5,off,0,2,8,11,5,0,7,18,10,9,13,2,4
19,12,12,9,237,0,0,144,13,432,16,1,5,11,17,off,0,5,3,13,1,3,3,11,4,18,9,9,1
19,12,12,10,238,0,0,146,12,452,17,1,16,3,9,off,1,0,3,3,9,13,16,18,17,16,11,16,15
19,12,12,11,239,0,0,148,13,472,18,1,10,16,3,off,0,14,11,9,15,3,13,17,15,8,15,12,7
19,12,12,12,240,0,0,150,13,492,19,1,6,12,18,off,0,1,14,10,9,0,1,18,8,8,0,1,10
19,12,12,15,243,0,0,156,14,408,14,1,6,12,18,off,0,18,13,2,12,6,15,18,14,2,0,16,5
19,12,12,16,244,0,0,158,13,428,15,1,10,16,3,off,1,0,3,12,4,3,4,0,8,8,8,1,2
19,12,12,17,245,0,0,160,14,448,16,1,16,3,9,off,0,5,9,8,2,18,4,16,15,14,17,14,4
19,12,12,18,246,0,0,162,14,468,17,1,5,11,17,off,0,17,10,4,1,7,17,6,17,11,10,0,5
19,12,13,9,256,0,0,182,15,452,15,1,17,3,8,off,0,9,2,16,5,7,8,15,8,7,7,8,4
19,12,13,10,257,0,0,184,16,472,16,1,9,14,0,q1,0,5,15,15,5,8,17,3,14,6,0,1,5
19,12,13,11,258,0,0,186,16,492,17,1,3,8,13,off,0,9,9,14,2,15,13,9,16,17,6,12,2
19,12,13,12,259,0,0,188,16,512,18,2,18,4,9,off,0,8,6,18,12,16,13,13,17,18,11,4,13
19,12,13,13,260,0,0,190,16,532,19,2,16,2,7,off,0,2,18,13,3,17,12,7,12,18,16,3,6
19,12,13,14,261,0,0,192,17,408,12,2,16,2,7,off,0,16,18,10,6,0,18,1,11,1,10,9,5
19,12,13,15,262,0,0,194,16,428,13,2,18,4,9,off,0,10,8,6,0,0,10,8,1,0,1,6,3
19,12,13,16,263,0,0,196,17,448,14,1,3,8,13,off,0,5,18,9,16,9,14,3,15,11,9,5,11
19,12,13,17,264,0,0,198,17,252,3,1,9,14,0,q1,0,14,17,12,0,10,6,9,11,0,1,17,14
19,12,13,18,265,0,0,200,17,488,16,1,17,3,8,off,0,4,13,2,14,6,15,11,10,17,4,7,4
19,12,14,9,275,0,0,220,19,472,14,1,8,12,16,off,0,3,10,17,10,6,12,10,16,13,7,2,8
19,12,14,10,276,0,0,222,19,492,15,1,0,4,8,q0,0,15,11,1,17,0,15,12,7,10,12,14,7
19,12,14,11,277,0,0,224,19,512,16,2,13,17,2,off,0,14,17,1,6,8,6,1,16,5,12,17,1
19,12,14,12,278,0,0,226,19,532,17,2,9,13,17,off,0,16,14,18,6,6,11,14,9,8,18,4,17
19,12,14,13,279,0,0,228,20,408,10,2,7,11,15,off,0,5,18,15,5,4,8,8,2,14,17,14,3
19,12,14,14,280,0,0,230,19,428,11,2,7,11,15,off,1,0,5,17,7,1,1,10,18,16,12,18,2
19,12,14,15,281,0,0,232,20,448,12,2,9,13,17,off,0,14,11,10,4,7,3,9,11,12,10,17,16
19,12,14,16,282,0,0,234,20,468,13,2,13,17,2,off,1,0,10,2,1,14,18,4,15,18,1,6,18
19,12,14,17,283,0,0,236,20,488,14,1,0,4,8,q0,0,6,2,4,17,13,12,5,10,0,18,1,18
19,12,14,18,284,0,0,238,20,508,15,1,8,12,16,off,0,7,16,7,2,14,8,1,5,18,11,4,12
19,12,15,9,294,0,0,258,22,348,5,1,16,0,3,qm,0,15,9,11,1,15,10,4,1,4,8,12,2
19,12,15,10,295,0,0,260,22,512,14,2,8,11,14,off,0,13,13,15,3,5,8,11,8,8,11,11,8
19,12,15,11,296,0,0,262,22,532,15,2,2,5,8,off,0,5,11,4,18,13,15,11,18,2,9,13,17
19,12,15,12,297,0,0,264,23,408,8,2,17,1,4,off,0,10,11,18,9,4,0,2,12,9,10,1,14
19,12,15,13,298,0,0,266,22,428,9,2,15,18,2,off,0,16,15,11,3,16,8,8,1,9,7,15,18
19,12,15,14,299,0,0,268,23,448,10,2,15,18,2,off,0,14,8,5,15,2,10,17,13,12,15,3,8
19,12,15,15,300,0,0,270,23,468,11,2,17,1,4,off,0,13,7,12,9,15,0,5,12,10,6,8,16
19,12,15,16,301,0,0,272,23,488,12,2,2,5,8,off,0,6,12,2,10,17,18,18,12,3,6,10,18
19,12,15,17,302,0,0,274,23,508,13,2,8,11,14,off,1,0,6,13,9,16,10,3,8,1,1,12,7
19,12,15,18,303,0,0,276,24,528,14,1,16,0,3,qm,0,13,10,18,4,11,13,1,13,2,14,5,6
19,12,16,9,313,0,0,296,25,512,12,2,3,5,7,off,0,9,6,14,6,7,9,2,6,5,12,6,15
19,12,16,10,314,0,0,298,25,532,13,2,14,16,18,off,0,13,7,3,2,10,18,8,0,10,4,3,10
19,12,16,11,315,0,0,300,26,408,6,2,8,10,12,off,0,4,1,13,15,11,9,12,14,15,0,18,8
19,12,16,12,316,0,0,302,25,428,7,2,4,6,8,off,0,5,6,14,14,6,5,18,0,9,16,11,18
19,12,16,13,317,0,0,304,26,448,8,2,2,4,6,off,0,1,12,9,9,4,3,12,18,0,15,15,17
19,12,16,14,318,0,0,306,26,468,9,2,2,4,6,off,0,7,1,5,14,6,17,4,5,0,12,8,2
19,12,16,15,319,0,0,308,26,488,10,2,4,6,8,off,0,7,7,6,11,8,4,15,16,15,15,5,18
19,12,16,16,320,0,0,310,26,508,11,2,8,10,12,off,0,6,12,18,7,1,15,16,7,11,0,13,11
19,12,16,17,321,0,0,312,27,528,12,2,14,16,18,off,0,11,11,18,6,4,0,13,14,2,8,5,3
19,12,16,18,322,0,0,314,26,548,13,2,3,5,7,off,0,3,3,17,1,11,2,3,15,18,11,8,7
19,12,17,9,332,0,0,334,28,532,11,-1,7,8,9,off,0,10,15,0,10,1,10,9,7,15,10,6,5
19,12,17,10,333,0,0,336,29,408,4,-1,18,0,1,qm,0,4,13,8,2,17,15,15,14,6,14,9,15
19,12,17,11,334,0,0,338,28,428,5,-1,12,13,14,off,0,12,3,0,15,15,4,11,6,9,2,17,3
19,12,17,12,335,0,0,340,29,448,6,-1,8,9,10,off,0,11,1,12,10,8,7,12,1,7,3,12,7
19,12,17,13,336,0,0,342,29,468,7,-1,6,7,8,off,0,7,18,15,2,9,13,12,11,2,16,16,14
19,12,17,14,337,0,0,344,29,488,8,-1,6,7,8,off,0,13,8,9,7,12,5,2,16,17,0,16,9
19,12,17,15,338,0,0,346,29,508,9,-1,8,9,10,off,0,18,1,7,6,7,8,18,11,12,0,12,18
19,12,17,16,339,0,0,348,30,528,10,-1,12,13,14,off,0,10,6,12,13,2,9,15,18,3,11,3,10
19,12,17,17,340,0,0,350,29,548,11,-1,18,0,1,qm,0,3,10,1,1,13,5,8,13,13,0,9,1
19,12,17,18,341,0,0,352,30,568,12,-1,7,8,9,off,0,7,18,14,5,15,14,9,15,10,7,13,3
19,16,10,10,200,0,0,74,6,416,19,1,7,15,4,off,0,11,9,1,17,16,9,17,2,1,7,14,18
19,16,10,13,203,0,0,80,7,404,18,1,7,15,4,off,0,14,17,9,3,14,5,9,14,18,5,9,13
19,16,10,14,204,0,0,82,7,424,19,1,11,0,8,qm,0,4,10,12,1,8,7,16,5,7,7,14,16
19,16,11,9,218,0,0,110,9,416,17,1,8,15,3,off,0,12,4,6,10,8,7,3,17,3,13,6,8
19,16,11,10,219,0,0,112,10,436,18,2,4,11,18,off,0,16,9,13,7,5,5,4,8,3,18,11,4
19,16,11,11,220,0,0,114,10,456,19,2,2,9,16,off,0,13,1,8,14,3,14,3,11,5,8,17,16
19,16,11,12,221,0,0,116,10,404,16,2,2,9,16,off,0,16,11,1,11,4,1,10,16,14,0,17,13
19,16,11,13,222,0,0,118,10,424,17,2,4,11,18,off,1,0,17,15,12,12,13,17,17,17,0,4,12
19,16,11,14,223,0,0,120,11,444,18,1,8,15,3,off,0,18,13,10,9,1,3,18,13,9,17,18,6
19,16,11,15,224,0,0,122,10,464,19,1,14,2,9,off,0,5,11,11,6,1,10,1,0,9,0,12,13
19,16,12,8,236,0,0,146,12,416,15,1,9,15,2,off,0,3,3,1,5,16,0,14,13,3,10,3,12
19,16,12,9,237,0,0,148,13,436,16,2,3,9,15,off,0,9,16,4,6,15,7,2,17,18,2,3,5
19,16,12,10,238,0,0,150,13,456,17,2,18,5,11,off,0,7,10,16,14,2,4,13,10,9,3,5,15
19,16,12,11,239,0,0,152,13,404,14,2,16,3,9,off,0,9,12,5,13,12,7,12,14,9,13,10,7
19,16,12,12,240,0,0,154,13,424,15,2,16,3,9,off,0,3,16,18,18,14,12,0,14,18,1,2,16
19,16,12,13,241,0,0,156,14,444,16,2,18,5,11,off,0,11,13,2,12,16,8,10,8,12,3,13,9
19,16,12,14,242,0,0,158,13,464,17,2,3,9,15,off,0,3,9,18,7,6,3,0,1,9,4,4,3
19,16,12,15,243,0,0,160,14,484,18,1,9,15,2,off,1,0,8,17,6,8,16,11,9,16,5,0,11
19,16,12,16,244,0,0,162,14,504,19,1,17,4,10,off,0,13,8,12,3,9,9,18,16,3,3,5,3
19,16,13,7,254,0,0,182,15,416,13,1,10,15,1,off,0,10,12,14,13,0,11,2,8,13,9,15,6
19,16,13,8,255,0,0,184,16,436,14,2,2,7,12,off,0,13,11,13,12,2,2,3,6,14,9,14,18
19,16,13,9,256,0,0,186,16,456,15,2,15,1,6,off,0,1,13,0,16,2,13,16,7,0,5,4,17
19,16,13,10,257,0,0,188,16,404,12,2,11,16,2,off,0,12,1,7,1,0,7,13,17,14,17,16,1
19,16,13,11,258,-1,1,190,16,-1,-1,2,9,14,0,q1,-1,0,0,0,0,0,0,0,0,0,0,0,0
19,16,13,12,259,-1,1,192,17,-1,-1,2,9,14,0,q1,-1,0,0,0,0,0,0,0,0,0,0,0,0
19,16,13,13,260,0,0,194,16,464,15,2,11,16,2,off,0,18,11,12,0,0,18,9,5,2,5,16,18
19,16,13,14,261,0,0,196,17,484,16,2,15,1,6,off,0,8,18,9,0,7,8,18,16,6,2,0,8
19,16,13,15,262,0,0,198,17,504,17,2,2,7,12,off,0,13,9,4,4,1,5,18,4,5,16,11,15
19,16,13,16,263,0,0,200,17,524,18,1,10,15,1,off,0,7,11,17,0,7,15,10,12,6,7,18,12
19,16,13,17,264,0,0,202,17,544,19,1,1,6,11,off,0,12,3,0,4,1,12,13,13,17,14,18,10
19,16,14,6,272,0,0,218,18,416,11,1,11,15,0,q1,0,15,9,7,18,1,5,5,12,12,14,7,14
19,16,14,7,273,0,0,220,19,436,12,2,1,5,9,off,0,7,17,7,13,18,12,7,15,9,7,7,2
19,16,14,8,274,0,0,222,19,456,13,2,12,16,1,off,0,3,10,7,14,4,11,0,18,6,6,2,6
19,16,14,9,275,0,0,224,19,404,10,2,6,10,14,off,0,12,4,13,11,14,13,10,11,1,9,7,14
19,16,14,10,276,0,0,226,19,424,11,2,2,6,10,off,0,17,11,4,4,1,10,15,5,3,12,15,10
19,16,14,11,277,0,0,228,20,444,12,2,0,4,8,q0,0,17,5,8,3,16,1,2,2,17,5,9,17
19,16,14,12,278,0,0,230,19,464,13,2,0,4,8,q0,1,0,17,10,5,12,4,6,14,16,1,12,4
19,16,14,13,279,0,0,232,20,484,14,2,2,6,10,off,0,11,13,13,7,15,10,5,16,8,9,10,0
19,16,14,14,280,0,0,234,20,504,15,2,6,10,14,off,0,4,17,13,10,3,12,7,12,11,2,3,4
19,16,14,15,281,0,0,236,20,524,16,2,12,16,1,off,0,10,3,9,5,5,0,12,10,5,11,9,14
19,16,14,16,282,0,0,238,20,544,17,2,1,5,9,off,0,2,16,0,4,15,14,5,7,8,13,3,18
19,16,14,17,283,0,0,240,21,276,2,1,11,15,0,q1,0,16,15,4,6,13,3,11,7,3,10,0,6
19,16,14,18,284,0,0,242,20,584,19,1,4,8,12,off,0,2,14,3,8,13,17,4,18,17,0,1,17
19,16,15,5,290,0,0,254,21,416,9,1,12,15,18,off,0,16,1,2,6,9,2,7,11,1,6,16,9
19,16,15,6,291,0,0,256,22,436,10,2,0,3,6,q0,0,3,8,12,18,1,0,3,13,16,18,17,0
19,16,15,7,292,0,0,258,22,456,11,2,9,12,15,off,0,4,14,1,18,10,3,13,5,17,2,9,17
19,16,15,8,293,0,0,260,22,404,8,2,1,4,7,off,0,4,10,11,12,7,16,10,4,11,12,0,13
19,16,15,9,294,0,0,262,22,424,9,2,14,17,1,off,0,1,1,11,8,15,12,8,4,12,10,11,13
19,16,15,10,295,0,0,264,23,444,10,2,10,13,16,off,0,6,7,9,12,13,1,4,15,7,16,17,7
19,16,15,11,296,0,0,266,22,464,11,2,8,11,14,off,0,3,7,2,8,13,4,7,6,9,16,4,12
19,16,15,12,297,0,0,268,23,484,12,2,8,11,14,off,0,17,0,4,17,18,11,15,14,17,4,18,12
19,16,15,13,298,0,0,270,23,504,13,2,10,13,16,off,0,4,1,6,12,6,7,10,15,12,2,3,8
19,16,15,14,299,0,0,272,23,524,14,2,14,17,1,off,0,15,3,11,13,5,9,1,0,13,1,3,7
19,16,15,15,300,0,0,274,23,544,15,2,1,4,7,off,0,12,0,1,16,3,13,14,6,8,7,4,6
19,16,15,16,301,0,0,276,24,564,16,2,9,12,15,off,0,12,6,11,2,0,0,5,7,13,5,11,0
19,16,15,17,302,0,0,278,23,584,17,2,0,3,6,q0,0,18,3,3,13,14,13,0,18,7,3,9,9
19,16,15,18,303,0,0,280,24,604,18,1,12,15,18,off,0,5,11,7,12,18,14,16,8,9,15,16,11
19,16,16,5,309,0,0,292,25,436,8,2,18,1,3,off,0,12,9,3,15,0,18,16,7,15,5,12,9
19,16,16,6,310,0,0,294,25,456,9,2,6,8,10,off,0,9,3,6,12,12,4,9,9,0,18,9,8
19,16,16,7,311,-1,1,296,25,-1,-1,2,15,17,0,q1,-1,0,0,0,0,0,0,0,0,0,0,0,0
19,16,16,8,312,0,0,298,25,424,7,2,7,9,11,off,0,17,0,12,0,11,11,10,1,2,7,0,2
19,16,16,9,313,0,0,300,26,444,8,2,1,3,5,off,0,5,10,8,4,18,17,0,16,17,10,3,2
19,16,16,10,314,0,0,302,25,464,9,2,16,18,1,off,0,4,3,15,8,12,1,1,9,4,1,10,1
19,16,16,11,315,0,0,304,26,484,10,2,14,16,18,off,0,12,6,11,8,17,12,2,14,11,11,13,5
19,16,16,12,316,0,0,306,26,504,11,2,14,16,18,off,0,8,10,4,4,16,11,7,6,13,5,12,14
19,16,16,13,317,0,0,308,26,524,12,2,16,18,1,off,1,0,17,9,4,11,9,6,10,11,10,1,1
19,16,16,14,318,0,0,310,26,544,13,2,1,3,5,off,0,17,6,14,12,12,3,0,8,15,2,18,17
19,16,16,15,319,0,0,312,27,564,14,2,7,9,11,off,0,14,15,18,16,4,16,9,2,17,5,7,2
19,16,16,16,320,-1,1,314,26,-1,-1,2,15,17,0,q1,-1,0,0,0,0,0,0,0,0,0,0,0,0
19,16,16,17,321,0,0,316,27,604,16,2,6,8,10,off,0,4,7,4,17,5,3,2,7,18,6,18,18
19,16,16,18,322,0,0,318,27,624,17,2,18,1,3,off,0,14,2,16,2,10,9,15,7,17,9,18,5
19,16,17,5,328,0,0,330,28,456,7,-1,3,4,5,off,0,3,5,4,14,4,16,18,0,2,13,3,16
19,16,17,6,329,0,0,332,28,404,4,-1,10,11,12,off,0,4,6,3,8,7,17,2,0,17,3,0,8
19,16,17,7,330,0,0,334,28,424,5,-1,0,1,2,q0,0,9,14,11,1,18,12,14,15,5,12,15,2
19,16,17,8,331,0,0,336,29,444,6,-1,11,12,13,off,0,5,5,1,9,3,0,8,12,9,5,15,1
19,16,17,9,332,0,0,338,28,464,7,-1,5,6,7,off,0,12,2,6,4,18,15,3,4,6,17,12,2
19,16,17,10,333,0,0,340,29,484,8,-1,1,2,3,off,0,2,0,2,11,16,9,0,3,3,17,11,10
19,16,17,11,334,0,0,342,29,504,9,-1,18,0,1,qm,0,2,1,9,7,13,17,15,1,3,6,3,1
19,16,17,12,335,0,0,344,29,524,10,-1,18,0,1,qm,0,1,11,13,15,11,8,12,17,16,0,3,2
19,16,17,13,336,0,0,346,29,544,11,-1,1,2,3,off,0,5,0,17,18,14,13,0,14,16,0,11,4
19,16,17,14,337,0,0,348,30,564,12,-1,5,6,7,off,0,16,4,18,16,10,1,10,18,3,5,8,1
19,16,17,15,338,0,0,350,29,584,13,-1,11,12,13,off,0,18,17,12,14,9,0,3,3,10,0,15,14
19,16,17,16,339,0,0,352,30,604,14,-1,0,1,2,q0,0,4,18,14,2,9,8,11,10,0,0,1,14
19,16,17,17,340,0,0,354,30,624,15,-1,10,11,12,off,0,14,3,2,6,8,18,13,13,1,3,3,16
19,16,17,18,341,0,0,356,30,644,16,-1,3,4,5,off,0,12,10,4,2,7,12,13,14,6,1,1,3
23,12,13,13,312,0,0,130,11,636,23,1,15,1,10,off,0,13,13,3,15,11,6,10,7,19,11,8,10
23,12,13,22,321,0,0,148,13,588,20,1,15,1,10,off,0,21,3,5,11,9,2,0,5,14,18,7,15
23,12,14,13,335,0,0,176,15,660,22,1,10,18,3,off,0,3,4,1,10,5,13,5,19,4,2,9,6
23,12,14,14,336,0,0,178,15,684,23,1,2,10,18,off,0,1,5,4,18,0,15,17,4,4,7,21,7
23,12,14,21,343,0,0,192,17,588,18,1,2,10,18,off,0,13,7,2,22,11,8,9,12,22,2,5,0
23,12,14,22,344,0,0,194,16,612,19,1,10,18,3,off,0,1,7,5,17,19,3,14,1,11,0,22,20
23,12,15,13,358,0,0,222,19,684,21,1,3,10,17,off,0,6,8,2,10,19,17,4,8,11,5,19,18
23,12,15,14,359,0,0,224,19,708,22,1,18,2,9,off,0,9,10,18,3,22,9,3,16,11,6,17,2
23,12,15,15,360,0,0,226,19,732,23,1,12,19,3,off,0,9,12,14,11,0,14,1,11,17,13,14,6
23,12,15,20,365,0,0,236,20,588,16,1,12,19,3,off,0,14,11,22,1,20,19,16,6,22,14,1,10
23,12,15,21,366,0,0,238,20,612,17,1,18,2,9,off,0,15,11,13,11,11,11,11,4,8,16,15,11
23,12,15,22,367,0,0,240,21,636,18,1,3,10,17,off,0,7,2,9,16,15,9,8,6,18,16,10,2
23,12,16,13,381,0,0,268,23,444,8,1,17,0,6,qm,0,10,9,12,11,22,15,19,18,10,16,10,9
23,12,16,14,382,0,0,270,23,732,21,1,9,15,21,off,0,6,6,22,1,6,1,21,18,19,11,5,16
23,12,16,15,383,0,0,272,23,756,22,1,3,9,15,off,0,9,1,18,10,19,18,6,20,21,11,8,8
23,12,16,16,384,0,0,274,23,780,23,1,22,5,11,off,0,7,20,7,7,13,14,3,20,6,17,8,2
23,12,16,19,387,0,0,280,24,588,14,1,22,5,11,off,0,21,16,17,9,9,7,16,18,21,15,11,21
23,12,16,20,388,0,0,282,24,612,15,1,3,9,15,off,0,5,21,4,20,8,12,21,18,6,0,0,13
23,12,16,21,389,0,0,284,24,636,16,1,9,15,21,off,0,7,13,4,10,12,4,9,15,0,1,3,20
23,12,16,22,390,0,0,286,24,660,17,1,17,0,6,qm,0,12,19,15,11,21,17,17,11,15,19,22,8
23,12,17,13,404,0,0,314,26,732,19,1,6,11,16,off,0,14,11,8,21,6,6,11,3,9,20,3,8
23,12,17,14,405,0,0,316,27,756,20,1,21,3,8,off,0,7,8,15,14,14,13,21,13,0,7,3,13
23,12,17,15,406,0,0,318,27,780,21,1,15,20,2,off,0,18,2,17,17,21,15,0,0,19,22,11,16
23,12,17,16,407,0,0,320,27,804,22,2,11,16,21,off,0,21,1,4,1,3,4,3,16,2,5,9,3
23,12,17,17,408,0,0,322,27,828,23,2,9,14,19,off,0,22,19,17,22,15,13,2,2,8,10,19,8
23,12,17,18,409,0,0,324,28,588,12,2,9,14,19,off,0,10,18,2,8,9,3,8,17,15,0,10,14
23,12,17,19,410,0,0,326,27,612,13,2,11,16,21,off,0,7,2,12,0,5,10,6,1,13,5,8,16
23,12,17,20,411,0,0,328,28,636,14,1,15,20,2,off,0,18,0,9,11,11,22,5,0,17,12,21,19
23,12,17,21,412,0,0,330,28,660,15,1,21,3,8,off,0,1,0,15,11,22,9,14,14,14,3,5,5
23,12,17,22,413,0,0,332,28,684,16,1,6,11,16,off,0,18,14,1,19,0,6,12,20,3,9,16,14
23,12,18,13,427,0,0,360,31,756,18,1,16,20,1,off,0,21,10,8,19,1,13,18,7,22,10,22,20
23,12,18,14,428,0,0,362,30,780,19,1,8,12,16,off,0,6,20,0,3,10,9,9,14,8,15,8,21
23,12,18,15,429,0,0,364,31,804,20,2,2,6,10,off,0,10,6,5,7,3,12,17,9,6,7,16,7
23,12,18,16,430,0,0,366,31,828,21,2,21,2,6,off,0,15,12,14,7,3,6,16,5,15,14,9,1
23,12,18,17,431,0,0,368,31,588,10,2,19,0,4,qm,0,16,20,17,15,3,9,18,1,10,14,13,20
23,12,18,18,432,0,0,370,31,612,11,2,19,0,4,qm,0,13,19,9,4,13,2,22,15,22,8,4,12
23,12,18,19,433,0,0,372,32,636,12,2,21,2,6,off,0,15,10,2,7,16,17,16,10,14,20,5,8
23,12,18,20,434,0,0,374,31,660,13,2,2,6,10,off,0,18,18,12,4,21,19,8,18,9,14,2,1
23,12,18,21,435,0,0,376,32,684,14,1,8,12,16,off,0,19,8,3,22,14,16,9,15,7,10,13,19
23,12,18,22,436,0,0,378,32,708,15,1,16,20,1,off,0,13,12,4,5,8,18,14,5,19,3,17,21
23,12,19,13,450,0,0,406,34,780,17,1,1,4,7,off,0,4,12,1,5,15,5,5,21,19,16,13,5
23,12,19,14,451,0,0,408,35,804,18,2,16,19,22,off,0,17,17,19,14,3,2,3,17,13,6,13,20
23,12,19,15,452,0,0,410,34,828,19,2,10,13,16,off,0,2,15,12,0,16,0,7,5,1,9,19,11
23,12,19,16,453,0,0,412,35,588,8,2,6,9,12,off,0,22,13,16,7,3,11,22,1,10,6,7,17
23,12,19,17,454,0,0,414,35,612,9,2,4,7,10,off,0,22,3,2,6,8,12,10,18,11,12,5,21
23,12,19,18,455,0,0,416,35,636,10,2,4,7,10,off,0,11,16,5,21,13,20,19,20,13,22,18,0
23,12,19,19,456,0,0,418,35,660,11,2,6,9,12,off,0,20,18,20,4,6,16,10,5,6,21,16,0
23,12,19,20,457,0,0,420,36,684,12,2,10,13,16,off,0,8,10,1,4,4,10,7,4,1,22,2,15
23,12,19,21,458,0,0,422,35,708,13,2,16,19,22,off,0,1,5,18,7,5,1,7,4,9,22,13,0
23,12,19,22,459,0,0,424,36,732,14,1,1,4,7,off,0,16,20,1,13,6,20,12,22,8,1,14,2
23,12,20,13,473,0,0,452,38,804,16,2,7,9,11,off,0,2,22,19,3,21,14,10,20,4,12,3,17
23,12,20,14,474,0,0,454,38,828,17,2,22,1,3,off,0,7,8,5,15,19,16,0,8,21,6,13,21
23,12,20,15,475,0,0,456,39,588,6,2,16,18,20,off,0,21,8,22,19,18,22,0,21,17,3,12,11
23,12,20,16,476,0,0,458,38,612,7,2,12,14,16,off,0,11,6,2,11,0,14,21,21,2,18,1,21
23,12,20,17,477,0,0,460,39,636,8,2,10,12,14,off,0,18,16,10,22,4,17,6,13,7,15,16,1
23,12,20,18,478,0,0,462,39,660,9,2,10,12,14,off,0,12,19,19,4,11,12,17,0,7,7,2,4
23,12,20,19,479,0,0,464,39,684,10,2,12,14,16,off,0,20,2,9,11,15,4,13,21,14,22,20,12
23,12,20,20,480,0,0,466,39,708,11,2,16,18,20,off,0,11,7,20,2,19,9,0,0,17,4,18,17
23,12,20,21,481,0,0,468,40,732,12,2,22,1,3,off,1,0,3,1,11,13,20,0,21,20,4,1,21
23,12,20,22,482,0,0,470,39,756,13,2,7,9,11,off,0,2,17,9,11,10,0,0,11,13,15,16,16
23,12,21,13,496,0,0,498,42,828,15,-1,11,12,13,off,0,19,0,3,5,2,19,20,7,5,18,14,6
23,12,21,14,497,0,0,500,42,588,4,-1,3,4,5,off,0,13,19,1,6,0,12,1,13,4,13,9,16
23,12,21,15,498,0,0,502,42,612,5,-1,20,21,22,off,0,14,6,20,16,17,21,20,20,2,8,18,10
23,12,21,16,499,0,0,504,43,636,6,-1,16,17,18,off,0,20,1,16,7,20,9,11,5,8,1,0,3
23,12,21,17,500,0,0,506,42,660,7,-1,14,15,16,off,0,15,18,15,22,5,16,4,10,2,4,17,9
23,12,21,18,501,0,0,508,43,684,8,-1,14,15,16,off,0,4,8,4,10,22,19,17,11,22,0,2,19
23,12,21,19,502,0,0,510,43,708,9,-1,16,17,18,off,0,12,15,7,0,20,3,21,21,11,9,0,18
23,12,21,20,503,0,0,512,43,732,10,-1,20,21,22,off,0,21,0,19,10,7,9,8,6,9,7,6,7
23,12,21,21,504,0,0,514,43,756,11,-1,3,4,5,off,0,16,14,12,19,19,1,21,5,3,0,1,8
23,12,21,22,505,0,0,516,44,780,12,-1,11,12,13,off,0,4,3,15,1,16,9,20,3,11,14,19,20
29,22,15,15,450,0,0,110,9,922,29,1,10,23,7,off,0,26,12,0,3,24,2,2,9,13,14,13,23
29,22,15,22,457,0,0,124,11,908,28,1,10,23,7,off,0,15,18,7,14,21,17,9,18,15,16,1,27
29,22,15,23,458,0,0,126,11,938,29,1,18,2,15,off,0,22,24,17,26,8,16,13,27,22,24,3,20
29,22,16,14,478,0,0,166,14,922,27,1,15,27,10,off,0,16,20,11,21,22,11,22,24,12,24,0,4
29,22,16,15,479,0,0,168,15,952,28,1,7,19,2,off,0,12,8,28,17,5,1,11,10,3,20,7,7
29,22,16,16,480,0,0,170,14,982,29,1,1,13,25,off,0,25,9,20,28,28,21,2,26,18,17,8,16
29,22,16,21,485,0,0,180,16,908,26,1,1,13,25,off,0,14,12,20,28,14,12,1,28,15,6,21,11
29,22,16,22,486,0,0,182,15,938,27,1,7,19,2,off,0,7,4,24,18,14,19,17,0,26,17,9,7
29,22,16,23,487,0,0,184,16,968,28,1,15,27,10,off,0,14,12,18,21,22,20,8,17,18,22,14,12
29,22,16,24,488,0,0,186,16,998,29,1,25,8,20,off,0,10,13,14,24,16,23,8,14,9,7,2,15
29,22,17,13,506,0,0,222,19,922,25,1,20,2,13,off,0,28,4,7,2,14,12,5,27,24,22,9,7
29,22,17,14,507,0,0,224,19,952,26,1,10,21,3,off,0,23,26,3,25,24,1,10,17,14,13,10,4
29,22,17,15,508,0,0,226,19,982,27,1,2,13,24,off,0,18,25,28,11,3,10,28,9,25,15,28,16
29,22,17,16,509,0,0,228,20,1012,28,1,25,7,18,off,0,10,19,25,6,24,11,10,4,3,1,28,21
29,22,17,17,510,0,0,230,19,1042,29,1,21,3,14,off,0,5,1,2,4,17,6,21,5,23,13,20,7
29,22,17,20,513,0,0,236,20,908,24,1,21,3,14,off,0,1,5,22,0,20,17,1,3,24,9,24,14
29,22,17,21,514,0,0,238,20,938,25,1,25,7,18,off,0,23,15,27,28,26,3,23,7,10,0,5,24
29,22,17,22,515,0,0,240,21,968,26,1,2,13,24,off,0,14,27,15,11,4,14,17,8,1,14,1,6
29,22,17,23,516,0,0,242,20,998,27,1,10,21,3,off,0,15,23,19,24,6,23,3,28,19,23,21,28
29,22,17,24,517,0,0,244,21,1028,28,1,20,2,13,off,0,5,7,1,11,16,9,1,16,14,19,7,24
29,22,17,25,518,0,0,246,21,1058,29,1,3,14,25,off,0,13,28,22,19,11,3,21,12,6,3,8,16
29,22,18,12,534,0,0,278,23,922,23,1,25,6,16,off,0,23,7,9,26,16,14,1,21,18,16,17,23
29,22,18,13,535,0,0,280,24,952,24,1,13,23,4,off,0,10,8,4,13,24,9,10,7,11,7,0,13
29,22,18,14,536,0,0,282,24,982,25,1,3,13,23,off,0,12,27,4,2,28,3,11,1,1,24,24,13
29,22,18,15,537,0,0,284,24,1012,26,1,24,5,15,off,0,1,6,10,19,22,4,24,21,20,15,6,20
29,22,18,16,538,0,0,286,24,1042,27,1,18,28,9,off,0,28,21,12,25,19,26,5,8,24,15,8,11
29,22,18,17,539,0,0,288,25,1072,28,2,14,24,5,off,0,1,6,14,23,27,11,4,13,8,1,8,13
29,22,18,18,540,0,0,290,24,1102,29,2,12,22,3,off,0,2,28,3,2,4,19,0,17,11,1,9,19
29,22,18,19,541,0,0,292,25,908,22,2,12,22,3,off,0,8,11,24,10,4,14,4,20,10,25,0,14
29,22,18,20,542,0,0,294,25,938,23,2,14,24,5,off,0,8,9,7,1,0,11,7,26,8,15,9,0
29,22,18,21,543,0,0,296,25,968,24,1,18,28,9,off,0,21,11,15,25,2,0,5,4,25,20,10,20
29,22,18,22,544,0,0,298,25,998,25,1,24,5,15,off,0,18,7,19,12,1,22,22,17,22,8,11,25
29,22,18,23,545,0,0,300,26,1028,26,1,3,13,23,off,0,13,1,10,4,11,5,4,3,17,10,13,9
29,22,18,24,546,0,0,302,25,1058,27,1,13,23,4,off,0,14,11,9,19,14,23,6,18,25,17,23,5
29,22,18,25,547,0,0,304,26,1088,28,1,25,6,16,off,0,23,3,24,3,22,22,8,22,25,3,11,9
29,22,18,26,548,0,0,306,26,1118,29,1,10,20,1,off,0,19,7,12,2,23,27,17,4,25,16,21,6
29,22,19,11,562,0,0,334,28,922,21,1,1,10,19,off,0,14,1,17,22,12,23,28,11,12,13,24,19
29,22,19,12,563,0,0,336,29,952,22,1,16,25,5,off,0,9,16,12,19,26,27,6,17,1,1,9,7
29,22,19,13,564,0,0,338,28,982,23,1,4,13,22,off,0,14,26,18,23,2,6,19,17,8,17,10,11
29,22,19,14,565,0,0,340,29,1012,24,1,23,3,12,off,0,17,4,11,10,4,25,19,28,23,5,22,27
29,22,19,15,566,0,0,342,29,1042,25,1,15,24,4,off,0,21,8,12,11,23,14,24,15,7,0,21,14
29,22,19,16,567,0,0,344,29,1072,26,2,9,18,27,off,0,4,4,28,15,14,11,10,22,5,2,13,17
29,22,19,17,568,0,0,346,29,1102,27,2,5,14,23,off,0,13,28,9,25,26,10,8,15,14,28,0,28
29,22,19,18,569,0,0,348,30,908,20,2,3,12,21,off,0,23,15,27,28,0,10,21,1,4,22,20,5
29,22,19,19,570,0,0,350,29,938,21,2,3,12,21,off,1,0,23,1,23,25,0,2,2,8,7,17,17
29,22,19,20,571,0,0,352,30,968,22,2,5,14,23,off,0,28,14,8,11,3,17,12,5,25,0,3,11
29,22,19,21,572,0,0,354,30,998,23,2,9,18,27,off,0,2,5,15,8,7,25,28,12,21,16,6,11
29,22,19,22,573,0,0,356,30,1028,24,1,15,24,4,off,0,13,13,6,21,27,21,1,14,15,22,10,19
29,22,19,23,574,0,0,358,30,1058,25,1,23,3,12,off,0,12,17,3,12,10,7,21,2,17,25,0,19
29,22,19,24,575,0,0,360,31,1088,26,1,4,13,22,off,0,22,1,9,19,19,2,12,3,14,22,17,5
29,22,19,25,576,0,0,362,30,1118,27,1,16,25,5,off,0,13,11,28,26,7,2,10,9,1,10,19,1
29,22,19,26,577,0,0,364,31,1148,28,1,1,10,19,off,0,26,0,20,27,16,6,16,12,8,12,21,27
29,22,19,27,578,0,0,366,31,1178,29,1,17,26,6,off,0,13,4,11,24,2,3,20,24,19,4,11,18
29,22,20,10,590,0,0,390,33,922,19,1,6,14,22,off,0,9,0,10,28,12,23,15,28,23,3,0,7
29,22,20,11,591,0,0,392,33,952,20,1,19,27,6,off,0,21,18,9,19,25,22,4,2,26,3,21,15
29,22,20,12,592,0,0,394,33,982,21,1,5,13,21,off,0,25,23,5,5,0,11,7,7,18,5,5,13
29,22,20,13,593,0,0,396,34,1012,22,1,22,1,9,off,0,10,23,17,20,20,9,19,28,11,10,1,2
29,22,20,14,594,0,0,398,33,1042,23,1,12,20,28,off,0,10,17,8,8,14,6,14,19,27,24,0,4
29,22,20,15,595,0,0,400,34,1072,24,2,4,12,20,off,0,5,13,21,19,0,22,22,18,21,14,27,19
29,22,20,16,596,0,0,402,34,1102,25,2,27,6,14,off,0,6,24,26,8,27,22,7,4,21,22,13,12
29,22,20,17,597,0,0,404,34,908,18,2,23,2,10,off,0,27,13,2,12,26,19,15,12,14,11,1,10
29,22,20,18,598,0,0,406,34,938,19,2,21,0,8,qm,0,25,3,19,23,22,9,23,21,17,7,26,28
29,22,20,19,599,0,0,408,35,968,20,2,21,0,8,qm,0,25,28,25,11,10,24,6,24,11,3,12,1
29,22,20,20,600,0,0,410,34,998,21,2,23,2,10,off,0,11,24,19,25,17,5,13,1,18,24,11,12
29,22,20,21,601,0,0,412,35,1028,22,2,27,6,14,off,0,3,5,15,23,2,10,1,10,12,11,17,0
29,22,20,22,602,0,0,414,35,1058,23,2,4,12,20,off,0,28,25,20,21,3,6,8,12,6,15,8,4
29,22,20,23,603,0,0,416,35,1088,24,1,12,20,28,off,0,15,11,7,20,28,13,8,26,25,19,16,11
29,22,20,24,604,0,0,418,35,1118,25,1,22,1,9,off,0,15,4,7,12,20,7,23,7,8,0,27,19
29,22,20,25,605,0,0,420,36,1148,26,1,5,13,21,off,0,13,28,28,5,1,19,0,17,18,28,7,25
29,22,20,26,606,0,0,422,35,1178,27,1,19,27,6,off,0,25,3,7,18,8,15,15,15,11,25,25,3
29,22,20,27,607,0,0,424,36,1208,28,1,6,14,22,off,0,24,11,10,27,5,10,28,0,0,13,12,3
29,22,20,28,608,0,0,426,36,1238,29,1,24,3,11,off,0,15,17,6,10,6,26,26,28,18,22,17,15
29,22,21,9,618,0,0,446,37,922,17,1,11,18,25,off,0,3,1,2,14,26,17,6,1,23,18,18,11
29,22,21,10,619,0,0,448,38,728,10,1,22,0,7,qm,0,14,15,23,23,1,9,16,12,19,7,16,13
29,22,21,11,620,0,0,450,38,982,19,1,6,13,20,off,0,12,13,1,23,6,14,8,2,3,22,3,13
29,22,21,12,621,0,0,452,38,1012,20,1,21,28,6,off,0,15,7,23,27,11,2,25,19,19,0,0,17
29,22,21,13,622,0,0,454,38,1042,21,1,9,16,23,off,0,2,1,19,13,6,23,15,14,15,9,8,14
29,22,21,14,623,0,0,456,39,1072,22,2,28,6,13,off,0,3,11,14,22,20,21,22,19,21,10,6,26
29,22,21,15,624,0,0,458,38,1102,23,2,20,27,5,off,0,22,6,15,12,1,2,15,20,14,21,21,18
29,22,21,16,625,0,0,460,39,908,16,2,14,21,28,off,0,16,9,5,17,20,7,3,5,9,9,21,17
29,22,21,17,626,0,0,462,39,938,17,2,10,17,24,off,0,4,13,21,25,26,25,13,4,11,14,15,17
29,22,21,18,627,0,0,464,39,968,18,2,8,15,22,off,0,26,23,4,23,13,17,2,11,21,2,17,19
29,22,21,19,628,0,0,466,39,998,19,2,8,15,22,off,0,28,21,19,9,8,23,3,13,1,9,21,22
29,22,21,20,629,0,0,468,40,1028,20,2,10,17,24,off,0,3,20,28,9,26,0,19,15,6,5,25,0
29,22,21,21,630,0,0,470,39,1058,21,2,14,21,28,off,0,12,10,2,15,3,12,11,27,19,15,11,5
29,22,21,22,631,0,0,472,40,1088,22,2,20,27,5,off,0,21,27,6,11,27,28,11,10,5,27,13,8
29,22,21,23,632,0,0,474,40,1118,23,2,28,6,13,off,0,12,12,21,10,16,21,11,4,25,23,14,20
29,22,21,24,633,0,0,476,40,1148,24,1,9,16,23,off,0,8,5,2,0,16,4,14,20,23,21,23,25
29,22,21,25,634,0,0,478,40,1178,25,1,21,28,6,off,0,15,27,20,16,23,23,0,17,21,0,23,8
29,22,21,26,635,0,0,480,41,1208,26,1,6,13,20,off,0,3,23,27,15,18,26,7,24,15,5,20,9
29,22,21,27,636,0,0,482,40,1238,27,1,22,0,7,qm,0,23,0,5,25,4,23,23,9,17,0,3,14
29,22,21,28,637,0,0,484,41,1268,28,1,11,18,25,off,0,16,16,15,19,26,26,17,28,26,27,9,8
29,22,22,9,647,0,0,504,43,952,16,1,25,2,8,off,0,11,20,4,7,15,15,25,0,15,11,19,7
29,22,22,10,648,0,0,506,42,982,17,1,7,13,19,off,0,3,25,28,27,1,18,13,9,23,10,13,17
29,22,22,11,649,0,0,508,43,1012,18,1,20,26,3,off,0,14,12,6,4,15,7,21,22,1,5,8,20
29,22,22,12,650,0,0,510,43,1042,19,1,6,12,18,off,0,16,20,28,0,26,12,13,7,4,28,25,28
29,22,22,13,651,0,0,512,43,848,12,2,23,0,6,qm,0,21,21,11,27,2,0,13,19,22,14,12,10
29,22,22,14,652,0,0,514,43,1102,21,2,13,19,25,off,0,24,21,22,5,22,18,22,19,27,5,16,28
29,22,22,15,653,0,0,516,44,908,14,2,5,11,17,off,1,0,9,1,25,4,22,21,26,8,10,4,28
29,22,22,16,654,0,0,518,43,938,15,2,28,5,11,off,0,17,4,26,28,9,19,12,20,5,22,18,10
29,22,22,17,655,0,0,520,44,968,16,2,24,1,7,off,0,11,6,13,20,1,22,15,9,4,16,27,28
29,22,22,18,656,0,0,522,44,998,17,2,22,28,5,off,0,25,19,1,10,22,3,17,4,8,22,6,13
29,22,22,19,657,0,0,524,44,1028,18,2,22,28,5,off,0,27,14,17,6,12,2,9,1,10,6,5,19
29,22,22,20,658,0,0,526,44,1058,19,2,24,1,7,off,0,5,13,11,2,15,28,5,16,6,1,12,27
29,22,22,21,659,0,0,528,45,1088,20,2,28,5,11,off,0,5,3,19,15,16,27,1,14,13,17,25,16
29,22,22,22,660,0,0,530,44,1118,21,2,5,11,17,off,1,0,9,12,19,19,22,20,3,8,10,4,12
29,22,22,23,661,0,0,532,45,1148,22,2,13,19,25,off,0,9,27,10,17,20,7,2,9,9,20,19,25
29,22,22,24,662,0,0,534,45,1178,23,2,23,0,6,qm,0,28,23,19,28,5,24,9,24,12,16,1,4
29,22,22,25,663,0,0,536,45,1208,24,1,6,12,18,off,0,22,0,7,21,10,4,23,4,23,14,2,10
29,22,22,26,664,0,0,538,45,1238,25,1,20,26,3,off,0,25,9,9,15,28,0,18,1,9,3,10,11
29,22,22,27,665,0,0,540,46,1268,26,1,7,13,19,off,0,18,17,21,1,22,9,26,20,27,6,11,12
29,22,22,28,666,0,0,542,45,1298,27,1,25,2,8,off,0,15,23,0,15,14,13,13,6,19,16,2,16
29,22,23,9,676,0,0,562,47,982,15,1,8,13,18,off,0,3,2,22,4,27,6,12,20,1,19,9,9
29,22,23,10,677,0,0,564,48,1012,16,1,19,24,0,q1,0,12,24,16,11,24,5,5,11,19,5,21,22
29,22,23,11,678,0,0,566,47,1042,17,1,3,8,13,off,0,14,10,17,11,1,6,12,4,17,25,9,17
29,22,23,12,679,0,0,568,48,1072,18,2,18,23,28,off,0,14,4,17,24,17,24,1,16,14,25,26,17
29,22,23,13,680,0,0,570,48,1102,19,2,6,11,16,off,0,19,9,24,11,6,25,22,2,21,23,7,1
29,22,23,14,681,0,0,572,48,908,12,2,25,1,6,off,0,15,13,8,3,7,11,4,2,23,6,1,7
29,22,23,15,682,0,0,574,48,938,13,2,17,22,27,off,0,8,11,6,27,8,8,23,19,19,27,3,1
29,22,23,16,683,0,0,576,49,968,14,2,11,16,21,off,0,16,16,2,0,18,20,19,22,7,6,22,24
29,22,23,17,684,0,0,578,48,998,15,2,7,12,17,off,0,5,23,20,4,9,18,9,28,28,13,17,3
29,22,23,18,685,0,0,580,49,1028,16,2,5,10,15,off,0,2,14,21,4,10,14,23,23,3,21,27,6
29,22,23,19,686,0,0,582,49,1058,17,2,5,10,15,off,0,11,4,27,5,8,2,18,12,26,0,27,12
29,22,23,20,687,0,0,584,49,1088,18,2,7,12,17,off,0,22,4,2,17,14,9,4,25,0,13,19,25
29,22,23,21,688,0,0,586,49,1118,19,2,11,16,21,off,0,7,3,26,0,10,23,23,21,22,0,22,14
29,22,23,22,689,0,0,588,50,1148,20,2,17,22,27,off,0,23,5,23,23,2,1,21,19,8,11,23,6
29,22,23,23,690,0,0,590,49,1178,21,2,25,1,6,off,0,10,6,1,22,11,2,3,4,4,20,21,9
29,22,23,24,691,0,0,592,50,1208,22,2,6,11,16,off,0,25,25,0,2,0,14,7,25,11,11,8,9
29,22,23,25,692,0,0,594,50,1238,23,2,18,23,28,off,0,28,10,8,23,17,17,20,8,11,9,13,2
29,22,23,26,693,0,0,596,50,1268,24,1,3,8,13,off,0,24,2,0,0,24,9,27,24,6,4,28,12
29,22,23,27,694,0,0,598,50,682,3,1,19,24,0,q1,0,22,21,13,23,17,10,23,14,4,3,7,18
29,22,23,28,695,0,0,600,51,1328,26,1,8,13,18,off,0,15,18,2,21,13,9,7,11,5,28,26,3
29,22,24,9,705,0,0,620,52,1012,14,1,18,22,26,off,0,13,23,16,2,16,9,15,2,12,4,0,13
29,22,24,10,706,0,0,622,52,1042,15,1,0,4,8,q0,0,21,0,18,3,18,19,0,1,23,5,26,20
29,22,24,11,707,0,0,624,53,1072,16,2,13,17,21,off,0,15,10,5,12,11,14,25,8,4,7,5,21
29,22,24,12,708,0,0,626,52,1102,17,2,28,3,7,off,0,22,17,11,25,16,17,5,23,3,18,16,25
29,22,24,13,709,0,0,628,53,908,10,2,16,20,24,off,0,13,24,14,20,7,16,12,8,15,10,9,10
29,22,24,14,710,0,0,630,53,938,11,2,6,10,14,off,0,1,21,15,28,23,15,10,27,12,10,23,27
29,22,24,15,711,0,0,632,53,968,12,2,27,2,6,off,0,3,5,8,24,2,20,22,2,1,10,3,25
29,22,24,16,712,-1,1,634,53,-1,-1,2,21,25,0,q1,-1,0,0,0,0,0,0,0,0,0,0,0,0
29,22,24,17,713,0,0,636,54,1028,14,2,17,21,25,off,0,22,2,21,12,18,6,16,21,16,1,3,11
29,22,24,18,714,0,0,638,53,1058,15,2,15,19,23,off,0,4,10,12,7,17,21,11,5,23,16,4,0
29,22,24,19,715,0,0,640,54,1088,16,2,15,19,23,off,0,26,4,13,11,8,10,8,14,18,9,4,25
29,22,24,20,716,0,0,642,54,1118,17,2,17,21,25,off,0,13,4,6,17,0,6,12,16,9,9,10,3
29,22,24,21,717,-1,1,644,54,-1,-1,2,21,25,0,q1,-1,0,0,0,0,0,0,0,0,0,0,0,0
29,22,24,22,718,0,0,646,54,1178,19,2,27,2,6,off,0,2,20,27,27,26,16,24,22,12,11,26,24
29,22,24,23,719,0,0,648,55,1208,20,2,6,10,14,off,0,16,12,6,14,2,27,23,1,19,4,21,21
29,22,24,24,720,0,0,650,54,1238,21,2,16,20,24,off,0,9,28,19,8,23,14,4,13,5,7,24,20
29,22,24,25,721,0,0,652,55,1268,22,2,28,3,7,off,0,19,25,18,15,22,27,18,28,9,21,27,10
29,22,24,26,722,0,0,654,55,1298,23,2,13,17,21,off,0,21,7,24,10,21,10,24,5,8,0,5,25
29,22,24,27,723,0,0,656,55,1328,24,1,0,4,8,q0,0,17,23,26,22,12,24,26,9,17,23,6,10
29,22,24,28,724,0,0,658,55,1358,25,1,18,22,26,off,0,5,5,18,26,8,24,4,18,3,12,12,23
29,22,25,9,734,0,0,678,57,818,5,1,26,0,3,qm,0,8,2,14,8,4,15,6,27,5,17,21,27
29,22,25,10,735,0,0,680,57,1072,14,2,8,11,14,off,0,17,18,7,18,14,12,11,16,9,14,14,22
29,22,25,11,736,0,0,682,57,1102,15,2,21,24,27,off,0,17,18,24,24,21,28,9,27,1,25,21,14
29,22,25,12,737,0,0,684,58,908,8,2,7,10,13,off,0,28,11,3,14,0,23,26,2,7,14,27,7
29,22,25,13,738,0,0,686,57,938,9,2,24,27,1,off,0,24,13,22,6,3,23,10,20,13,17,18,10
29,22,25,14,739,0,0,688,58,968,10,2,14,17,20,off,1,0,17,0,24,14,2,13,16,21,19,0,4
29,22,25,15,740,0,0,690,58,998,11,2,6,9,12,off,0,4,21,18,28,1,19,27,27,28,20,26,4
29,22,25,16,741,0,0,692,58,1028,12,2,0,3,6,q0,0,2,24,27,6,20,1,20,12,11,1,2,6
29,22,25,17,742,0,0,694,58,1058,13,2,25,28,2,off,0,1,14,14,26,13,6,5,0,28,26,24,12
29,22,25,18,743,-1,1,696,59,-1,-1,2,23,26,0,q1,-1,0,0,0,0,0,0,0,0,0,0,0,0
29,22,25,19,744,-1,1,698,58,-1,-1,2,23,26,0,q1,-1,0,0,0,0,0,0,0,0,0,0,0,0
29,22,25,20,745,0,0,700,59,1148,16,2,25,28,2,off,0,14,25,6,20,25,7,0,10,17,17,22,27
29,22,25,21,746,0,0,702,59,1178,17,2,0,3,6,q0,0,24,23,8,6,22,22,18,7,5,16,26,6
29,22,25,22,747,0,0,704,59,1208,18,2,6,9,12,off,0,21,13,17,28,10,2,27,12,9,7,19,4
29,22,25,23,748,0,0,706,59,1238,19,2,14,17,20,off,0,17,0,11,8,8,25,1,25,27,0,8,16
29,22,25,24,749,0,0,708,60,1268,20,2,24,27,1,off,0,25,27,5,22,19,15,13,5,5,3,15,5
29,22,25,25,750,0,0,710,59,1298,21,2,7,10,13,off,0,11,13,5,0,22,14,21,10,8,6,2,5
29,22,25,26,751,0,0,712,60,1328,22,2,21,24,27,off,0,20,14,22,3,11,19,22,15,4,1,25,9
29,22,25,27,752,0,0,714,60,1358,23,2,8,11,14,off,0,6,3,28,28,25,9,0,12,10,16,7,0
29,22,25,28,753,0,0,716,60,1388,24,1,26,0,3,qm,0,21,6,24,12,27,20,6,23,0,6,14,24
29,22,26,9,763,0,0,736,62,1072,12,2,3,5,7,off,0,4,9,8,26,9,26,9,16,8,1,13,8
29,22,26,10,764,0,0,738,62,1102,13,2,14,16,18,off,0,6,25,15,18,19,3,3,4,5,21,27,22
29,22,26,11,765,0,0,740,62,908,6,2,27,0,2,qm,0,26,11,23,0,3,28,20,24,18,24,24,16
29,22,26,12,766,0,0,742,62,938,7,2,13,15,17,off,0,13,6,0,12,24,10,24,17,9,4,8,16
29,22,26,13,767,0,0,744,63,968,8,2,1,3,5,off,0,28,18,10,13,26,14,23,21,6,27,28,7
29,22,26,14,768,0,0,746,62,998,9,2,20,22,24,off,0,9,5,24,1,20,26,26,22,24,13,19,8
29,22,26,15,769,0,0,748,63,1028,10,2,12,14,16,off,0,22,7,6,6,10,24,15,25,26,21,11,8
29,22,26,16,770,0,0,750,63,1058,11,2,6,8,10,off,0,16,22,21,5,22,25,20,27,25,20,24,17
29,22,26,17,771,0,0,752,63,1088,12,2,2,4,6,off,0,26,20,22,16,1,25,11,18,3,20,26,5
29,22,26,18,772,0,0,754,63,1118,13,2,0,2,4,q0,0,21,25,6,9,10,0,10,14,23,20,13,0
29,22,26,19,773,0,0,756,64,1148,14,2,0,2,4,q0,0,19,6,15,6,14,0,24,21,19,1,27,5
29,22,26,20,774,0,0,758,63,1178,15,2,2,4,6,off,0,2,28,6,14,4,2,25,16,8,12,25,6
29,22,26,21,775,0,0,760,64,1208,16,2,6,8,10,off,0,14,23,5,24,26,26,15,5,3,0,0,15
29,22,26,22,776,0,0,762,64,1238,17,2,12,14,16,off,0,11,21,8,12,13,0,0,1,20,3,20,9
29,22,26,23,777,0,0,764,64,1268,18,2,20,22,24,off,0,22,5,27,27,28,10,12,19,17,17,16,12
29,22,26,24,778,0,0,766,64,1298,19,2,1,3,5,off,0,13,9,7,26,10,1,1,14,13,6,7,7
29,22,26,25,779,0,0,768,65,1328,20,2,13,15,17,off,0,2,8,25,12,2,7,12,27,24,21,15,19
29,22,26,26,780,0,0,770,64,1358,21,2,27,0,2,qm,0,8,26,16,22,21,15,16,19,23,10,16,6
29,22,26,27,781,0,0,772,65,1388,22,2,14,16,18,off,0,6,8,21,9,3,15,25,17,28,15,16,7
29,22,26,28,782,0,0,774,65,1418,23,2,3,5,7,off,0,12,8,3,9,0,9,14,15,18,3,16,9
29,22,27,9,792,0,0,794,66,1102,11,-1,7,8,9,off,0,6,15,9,19,24,14,18,11,4,0,5,4
29,22,27,10,793,0,0,796,67,908,4,-1,18,19,20,off,0,27,8,3,17,20,19,1,1,7,20,20,14
29,22,27,11,794,0,0,798,67,938,5,-1,2,3,4,off,0,2,27,11,9,0,2,24,27,23,3,14,19
29,22,27,12,795,0,0,800,67,968,6,-1,17,18,19,off,0,25,21,20,22,17,22,1,10,9,10,4,9
29,22,27,13,796,0,0,802,67,998,7,-1,5,6,7,off,0,25,12,3,1,12,27,21,4,24,1,21,4
29,22,27,14,797,0,0,804,68,1028,8,-1,24,25,26,off,0,2,1,21,26,13,17,24,11,5,28,26,2
29,22,27,15,798,0,0,806,67,1058,9,-1,16,17,18,off,1,0,10,11,6,17,12,13,21,13,5,6,13
29,22,27,16,799,0,0,808,68,1088,10,-1,10,11,12,off,0,9,28,9,1,5,20,6,12,2,21,16,17
29,22,27,17,800,0,0,810,68,1118,11,-1,6,7,8,off,0,18,4,23,4,27,18,5,9,18,19,7,4
29,22,27,18,801,0,0,812,68,1148,12,-1,4,5,6,off,0,4,10,12,21,14,14,18,21,7,18,5,4
29,22,27,19,802,0,0,814,68,1178,13,-1,4,5,6,off,0,11,23,28,12,22,7,27,9,10,23,13,26
29,22,27,20,803,0,0,816,69,1208,14,-1,6,7,8,off,0,3,20,1,1,20,17,21,2,5,18,11,28
29,22,27,21,804,0,0,818,68,1238,15,-1,10,11,12,off,0,14,15,21,6,8,26,22,1,1,6,7,5
29,22,27,22,805,0,0,820,69,1268,16,-1,16,17,18,off,0,16,11,27,9,22,21,21,23,14,13,21,8
29,22,27,23,806,0,0,822,69,1298,17,-1,24,25,26,off,0,19,7,14,8,3,2,13,18,4,5,28,19
29,22,27,24,807,0,0,824,69,1328,18,-1,5,6,7,off,0,22,1,4,7,13,1,15,11,12,23,13,22
29,22,27,25,808,0,0,826,69,1358,19,-1,17,18,19,off,0,9,15,7,16,9,18,3,4,25,7,4,25
29,22,27,26,809,0,0,828,70,1388,20,-1,2,3,4,off,1,0,18,26,21,15,25,17,8,0,2,25,8
29,22,27,27,810,0,0,830,69,1418,21,-1,18,19,20,off,0,7,7,8,3,16,5,11,16,25,21,19,22
29,22,27,28,811,0,0,832,70,1448,22,-1,7,8,9,off,0,14,24,17,14,25,6,14,15,14,3,15,22
31,12,21,21,672,0,0,426,36,1356,31,1,24,2,11,off,0,2,4,15,9,15,22,28,12,29,22,15,8
31,12,21,30,681,0,0,444,38,1044,20,1,24,2,11,off,0,10,9,10,20,8,12,22,16,5,2,19,26
31,12,22,21,703,0,0,488,41,1388,30,1,11,19,27,off,0,20,22,2,26,28,30,15,28,14,2,11,29
31,12,22,22,704,0,0,490,41,1420,31,1,3,11,19,off,0,19,13,6,22,6,24,8,18,24,2,17,15
31,12,22,29,711,0,0,504,43,1044,18,1,3,11,19,off,0,30,30,7,24,5,11,30,5,17,17,0,5
31,12,22,30,712,0,0,506,42,1076,19,1,11,19,27,off,0,15,29,25,27,10,15,29,18,9,30,28,1
31,12,23,21,734,0,0,550,46,1420,29,1,27,3,10,off,0,10,11,9,7,22,22,2,22,13,9,21,9
31,12,23,22,735,0,0,552,47,1452,30,1,19,26,2,off,0,1,20,16,12,29,7,7,9,4,23,12,7
31,12,23,23,736,0,0,554,46,1484,31,1,13,20,27,off,0,22,21,3,6,15,28,9,9,29,22,12,19
31,12,23,28,741,0,0,564,48,1044,16,1,13,20,27,off,0,5,23,25,25,30,21,10,6,26,5,14,24
31,12,23,29,742,0,0,566,47,1076,17,1,19,26,2,off,0,5,26,14,4,14,26,26,27,14,15,10,9
31,12,23,30,743,0,0,568,48,1108,18,1,27,3,10,off,0,12,28,28,28,30,22,10,21,23,14,5,11
31,12,24,21,765,0,0,612,52,1452,28,1,10,16,22,off,0,25,7,20,12,30,0,27,20,7,28,23,10
31,12,24,22,766,0,0,614,51,1484,29,1,2,8,14,off,0,4,30,17,29,29,17,27,18,24,23,21,29
31,12,24,23,767,0,0,616,52,1516,30,1,27,2,8,off,0,15,12,2,21,19,19,15,3,4,11,9,16
31,12,24,24,768,0,0,618,52,1548,31,1,23,29,4,off,0,10,8,25,18,9,26,27,23,23,6,8,25
31,12,24,27,771,0,0,624,53,1044,14,1,23,29,4,off,0,28,0,12,15,18,0,5,3,7,3,21,8
31,12,24,28,772,0,0,626,52,1076,15,1,27,2,8,off,0,23,14,23,25,3,14,14,24,2,18,0,20
31,12,24,29,773,0,0,628,53,1108,16,1,2,8,14,off,0,2,21,13,19,27,26,14,23,11,9,4,9
31,12,24,30,774,0,0,630,53,1140,17,1,10,16,22,off,0,8,12,12,4,0,24,19,3,3,7,18,9
31,12,25,21,796,0,0,674,56,1484,27,1,22,27,1,off,0,11,19,24,20,14,22,17,8,2,13,18,14
31,12,25,22,797,0,0,676,57,1516,28,1,14,19,24,off,0,20,11,8,3,1,29,16,16,25,11,6,29
31,12,25,23,798,0,0,678,57,1548,29,1,8,13,18,off,0,28,28,12,5,0,9,11,24,0,6,1,3
31,12,25,24,799,0,0,680,57,1580,30,2,4,9,14,off,0,4,23,11,12,8,25,20,1,11,0,19,24
31,12,25,25,800,0,0,682,57,1612,31,2,2,7,12,off,0,25,23,0,7,6,17,8,11,4,26,7,25
31,12,25,26,801,0,0,684,58,1044,12,2,2,7,12,off,0,28,2,25,20,27,29,30,21,11,18,10,22
31,12,25,27,802,0,0,686,57,1076,13,2,4,9,14,off,0,10,5,27,28,28,0,24,10,5,30,21,6
31,12,25,28,803,0,0,688,58,1108,14,1,8,13,18,off,0,12,30,2,14,0,7,28,7,15,18,15,20
31,12,25,29,804,0,0,690,58,1140,15,1,14,19,24,off,0,24,20,28,14,18,0,12,20,5,16,4,15
31,12,25,30,805,0,0,692,58,1172,16,1,22,27,1,off,0,11,2,12,26,28,0,28,17,18,9,26,6
31,12,26,21,827,0,0,736,62,1516,26,1,1,5,9,off,0,30,21,2,6,17,11,5,18,23,29,21,13
31,12,26,22,828,0,0,738,62,1548,27,1,24,28,1,off,0,5,24,7,6,4,21,2,30,20,20,15,24
31,12,26,23,829,0,0,740,62,1580,28,2,18,22,26,off,0,9,13,7,23,14,20,17,10,14,1,7,15
31,12,26,24,830,0,0,742,62,1612,29,2,14,18,22,off,0,26,8,19,16,28,18,26,3,20,16,0,5
31,12,26,25,831,0,0,744,63,1044,10,2,12,16,20,off,0,25,8,5,20,13,13,14,9,11,12,11,30
31,12,26,26,832,0,0,746,62,1076,11,2,12,16,20,off,1,0,25,16,15,18,3,16,5,10,6,27,28
31,12,26,27,833,0,0,748,63,1108,12,2,14,18,22,off,0,8,28,29,25,18,5,6,10,8,0,21,4
31,12,26,28,834,0,0,750,63,1140,13,2,18,22,26,off,0,10,9,18,0,4,2,21,11,4,28,23,0
31,12,26,29,835,0,0,752,63,1172,14,1,24,28,1,off,0,16,7,22,5,12,2,16,17,2,16,30,1
31,12,26,30,836,0,0,754,63,1204,15,1,1,5,9,off,0,4,14,27,27,17,5,26,8,28,30,5,19
31,12,27,21,858,0,0,798,67,1548,25,1,9,12,15,off,0,15,17,8,13,24,24,17,10,17,0,7,3
31,12,27,22,859,0,0,800,67,1580,26,2,1,4,7,off,0,29,23,10,6,23,12,25,8,16,18,18,17
31,12,27,23,860,0,0,802,67,1612,27,2,26,29,1,off,0,27,15,16,2,5,9,9,2,19,7,16,30
31,12,27,24,861,0,0,804,68,1044,8,2,22,25,28,off,0,24,21,25,18,25,12,23,5,23,23,7,24
31,12,27,25,862,0,0,806,67,1076,9,2,20,23,26,off,0,9,14,26,12,24,1,27,4,25,2,3,18
31,12,27,26,863,0,0,808,68,1108,10,2,20,23,26,off,0,16,16,26,21,30,6,26,12,2,10,3,29
31,12,27,27,864,0,0,810,68,1140,11,2,22,25,28,off,0,7,11,28,9,14,7,2,11,27,1,28,19
31,12,27,28,865,0,0,812,68,1172,12,2,26,29,1,off,0,27,7,7,10,19,24,15,3,17,22,18,28
31,12,27,29,866,0,0,814,68,1204,13,2,1,4,7,off,0,1,8,11,26,29,9,2,16,5,18,6,30
31,12,27,30,867,0,0,816,69,1236,14,1,9,12,15,off,0,6,3,16,28,27,15,0,5,15,11,9,27
31,12,28,21,889,0,0,860,72,1580,24,2,15,17,19,off,0,9,13,28,5,21,13,16,12,22,18,17,5
31,12,28,22,890,0,0,862,72,1612,25,2,7,9,11,off,0,15,5,30,16,21,26,18,12,5,9,8,23
31,12,28,23,891,0,0,864,73,1044,6,2,1,3,5,off,0,29,23,24,7,25,8,8,12,28,22,0,15
31,12,28,24,892,0,0,866,72,1076,7,2,28,30,1,off,0,9,15,19,19,0,14,14,20,4,6,7,3
31,12,28,25,893,0,0,868,73,1108,8,2,26,28,30,off,0,9,27,23,21,9,30,14,12,16,9,29,25
31,12,28,26,894,0,0,870,73,1140,9,2,26,28,30,off,0,6,14,20,15,11,15,21,30,25,25,20,23
31,12,28,27,895,0,0,872,73,1172,10,2,28,30,1,off,0,19,0,2,27,3,8,22,15,22,13,30,16
31,12,28,28,896,0,0,874,73,1204,11,2,1,3,5,off,0,19,9,20,4,6,8,22,21,16,23,0,28
31,12,28,29,897,0,0,876,74,1236,12,2,7,9,11,off,0,22,10,6,17,22,18,0,3,21,25,19,9
31,12,28,30,898,0,0,878,73,1268,13,2,15,17,19,off,0,8,29,1,7,23,5,25,19,11,6,0,16
31,12,29,21,920,0,0,922,77,1612,23,-1,19,20,21,off,0,18,1,4,7,3,23,2,16,26,24,20,16
31,12,29,22,921,0,0,924,78,1044,4,-1,11,12,13,off,0,15,26,19,19,25,23,9,2,12,0,29,7
31,12,29,23,922,0,0,926,77,1076,5,-1,5,6,7,off,0,12,9,3,7,5,4,9,6,3,0,10,22
31,12,29,24,923,0,0,928,78,1108,6,-1,1,2,3,off,0,23,23,5,16,22,9,10,9,12,10,4,9
31,12,29,25,924,0,0,930,78,1140,7,-1,30,0,1,qm,0,27,17,1,19,9,6,26,30,30,19,8,8
31,12,29,26,925,0,0,932,78,1172,8,-1,30,0,1,qm,0,29,10,18,20,25,2,14,8,7,10,22,30
31,12,29,27,926,0,0,934,78,1204,9,-1,1,2,3,off,0,30,4,20,4,13,21,26,11,7,10,27,13
31,12,29,28,927,0,0,936,79,1236,10,-1,5,6,7,off,0,10,30,11,8,1,14,20,28,14,21,3,15
31,12,29,29,928,0,0,938,78,1268,11,-1,11,12,13,off,0,27,2,16,9,16,5,3,27,5,0,10,12
31,12,29,30,929,0,0,940,79,1300,12,-1,19,20,21,off,0,10,6,24,7,26,0,29,11,18,18,25,20
31,16,17,17,544,0,0,174,15,1104,31,1,21,3,16,off,0,8,26,5,23,11,23,23,8,1,20,18,30
31,16,17,30,557,0,0,200,17,1040,28,1,21,3,16,off,0,21,24,30,0,13,7,27,25,11,20,30,30
31,16,18,17,575,0,0,236,20,1136,30,1,16,28,9,off,0,22,4,16,13,23,25,26,18,23,0,7,12
31,16,18,18,576,0,0,238,20,1168,31,1,4,16,28,off,0,22,12,12,0,19,26,1,6,0,26,18,5
31,16,18,29,587,0,0,260,22,1040,26,1,4,16,28,off,0,9,24,11,18,29,29,3,10,3,18,18,19
31,16,18,30,588,0,0,262,22,1072,27,1,16,28,9,off,0,22,15,10,0,30,6,6,0,30,30,18,10
31,16,19,17,606,0,0,298,25,1168,29,1,9,20,0,q1,0,29,11,28,0,21,18,20,25,2,0,28,20
31,16,19,18,607,0,0,300,26,1200,30,1,28,8,19,off,0,8,15,4,7,6,7,4,19,15,16,19,9
31,16,19,19,608,0,0,302,25,1232,31,1,18,29,9,off,1,0,21,12,24,18,22,11,7,16,13,21,13
31,16,19,28,617,0,0,320,27,1040,24,1,18,29,9,off,0,3,0,20,16,14,13,14,29,23,11,0,30
31,16,19,29,618,0,0,322,27,1072,25,1,28,8,19,off,0,7,8,8,1,4,12,24,11,28,16,21,23
31,16,19,30,619,0,0,324,28,624,10,1,9,20,0,q1,0,13,14,16,29,25,22,21,15,12,27,7,25
31,16,20,17,637,0,0,360,31,1200,28,1,0,10,20,q0,1,0,12,21,24,0,14,28,11,4,4,21,7
31,16,20,18,638,0,0,362,30,1232,29,1,19,29,8,off,0,26,26,9,25,10,21,7,27,3,2,21,2
31,16,20,19,639,0,0,364,31,1264,30,1,9,19,29,off,0,9,19,8,15,15,1,20,8,0,7,0,30
31,16,20,20,640,0,0,366,31,1296,31,1,1,11,21,off,0,23,26,1,27,12,18,23,16,14,2,23,22
31,16,20,27,647,0,0,380,32,1040,22,1,1,11,21,off,0,3,28,13,23,11,17,16,18,25,4,18,4
31,16,20,28,648,0,0,382,32,1072,23,1,9,19,29,off,0,1,15,8,19,6,19,0,0,16,9,19,26
31,16,20,29,649,0,0,384,33,1104,24,1,19,29,8,off,0,30,13,3,15,18,1,18,21,16,24,8,11
31,16,20,30,650,0,0,386,32,1136,25,1,0,10,20,q0,0,28,26,25,20,13,16,21,21,12,22,2,14
31,16,21,17,668,0,0,422,35,1232,27,1,20,29,7,off,0,3,2,4,10,7,14,3,4,23,23,14,16
31,16,21,18,669,0,0,424,36,1264,28,1,8,17,26,off,0,21,13,24,30,24,18,14,26,7,19,5,1
31,16,21,19,670,0,0,426,36,1296,29,1,29,7,16,off,0,19,9,12,19,4,16,3,18,29,1,10,25
31,16,21,20,671,0,0,428,36,1328,30,1,21,30,8,off,0,22,29,1,10,26,5,28,25,0,1,6,18
31,16,21,21,672,0,0,430,36,1360,31,1,15,24,2,off,0,13,20,30,5,24,13,12,5,11,12,8,16
31,16,21,26,677,0,0,440,37,1040,20,1,15,24,2,off,0,14,26,9,6,19,4,28,2,15,8,13,6
31,16,21,27,678,0,0,442,37,1072,21,1,21,30,8,off,0,11,14,24,0,27,14,21,22,28,7,5,11
31,16,21,28,679,0,0,444,38,1104,22,1,29,7,16,off,0,22,25,23,8,24,20,6,26,8,17,14,22
31,16,21,29,680,0,0,446,37,1136,23,1,8,17,26,off,0,26,3,8,6,2,25,28,0,18,24,13,20
31,16,21,30,681,0,0,448,38,1168,24,1,20,29,7,off,0,8,27,29,15,18,7,0,25,28,5,8,6
31,16,22,17,699,0,0,484,41,1264,26,1,7,15,23,off,0,15,19,10,16,20,11,20,20,30,19,0,16
31,16,22,18,700,0,0,486,41,1296,27,1,26,3,11,off,0,5,17,12,25,8,28,18,12,29,21,19,11
31,16,22,19,701,0,0,488,41,1328,28,1,16,24,1,off,0,28,4,27,13,24,8,22,14,16,26,17,5
31,16,22,20,702,0,0,490,41,1360,29,1,8,16,24,off,0,19,7,19,20,24,12,14,1,3,15,21,0
31,16,22,21,703,0,0,492,42,1392,30,1,2,10,18,off,0,2,13,19,7,8,14,24,8,27,13,2,22
31,16,22,22,704,0,0,494,41,1424,31,1,29,6,14,off,0,14,27,11,29,29,23,17,14,7,5,27,17
31,16,22,25,707,0,0,500,42,1040,18,1,29,6,14,off,0,26,19,17,21,5,22,23,15,26,15,17,14
31,16,22,26,708,0,0,502,42,1072,19,1,2,10,18,off,0,20,20,14,28,2,15,12,30,16,4,24,21
31,16,22,27,709,0,0,504,43,1104,20,1,8,16,24,off,0,18,24,18,1,29,28,27,6,25,7,4,16
31,16,22,28,710,0,0,506,42,1136,21,1,16,24,1,off,1,0,19,14,0,13,9,21,25,15,29,0,25
31,16,22,29,711,0,0,508,43,1168,22,1,26,3,11,off,0,18,15,12,4,29,30,30,3,10,10,29,4
31,16,22,30,712,0,0,510,43,1200,23,1,7,15,23,off,0,29,1,19,19,23,7,29,17,29,25,25,21
31,16,23,17,730,0,0,546,46,1296,25,1,23,30,6,off,0,15,2,9,21,7,1,17,14,9,12,12,6
31,16,23,18,731,0,0,548,46,1328,26,1,11,18,25,off,0,17,2,10,6,26,18,29,19,9,5,17,23
31,16,23,19,732,0,0,550,46,1360,27,1,1,8,15,off,0,10,4,30,24,17,17,29,16,10,2,1,23
31,16,23,20,733,0,0,552,47,912,12,1,24,0,7,qm,0,11,25,14,13,14,15,5,16,19,21,10,4
31,16,23,21,734,0,0,554,46,1424,29,1,18,25,1,off,0,18,26,29,12,30,11,10,11,20,21,18,14
31,16,23,22,735,0,0,556,47,1456,30,2,14,21,28,off,1,0,13,4,0,8,19,21,6,11,4,5,4
31,16,23,23,736,0,0,558,47,1488,31,2,12,19,26,off,0,23,27,23,17,19,17,25,26,2,29,17,8
31,16,23,24,737,0,0,560,47,1040,16,2,12,19,26,off,0,27,25,11,13,8,16,23,9,17,12,8,30
31,16,23,25,738,0,0,562,47,1072,17,2,14,21,28,off,0,5,13,12,0,10,29,30,17,6,21,19,28
31,16,23,26,739,0,0,564,48,1104,18,1,18,25,1,off,0,2,10,4,7,24,24,11,26,11,29,24,30
31,16,23,27,740,0,0,566,47,1136,19,1,24,0,7,qm,0,19,2,1,17,0,23,9,0,10,28,16,17
31,16,23,28,741,0,0,568,48,1168,20,1,1,8,15,off,0,14,9,24,24,15,19,3,21,27,21,26,0
31,16,23,29,742,0,0,570,48,1200,21,1,11,18,25,off,0,8,14,29,12,24,30,1,19,3,5,10,25
31,16,23,30,743,0,0,572,48,1232,22,1,23,30,6,off,0,7,6,23,17,10,13,26,4,12,14,13,20
31,16,24,17,761,0,0,608,51,1328,24,1,6,12,18,off,0,20,19,18,30,25,26,7,22,25,21,13,8
31,16,24,18,762,0,0,610,51,880,9,1,25,0,6,qm,0,5,15,9,22,0,29,24,0,9,21,18,1
31,16,24,19,763,0,0,612,52,1392,26,1,15,21,27,off,0,16,8,14,23,18,10,8,25,15,29,6,1
31,16,24,20,764,0,0,614,51,1424,27,1,7,13,19,off,0,14,4,21,21,27,27,20,22,4,8,17,29
31,16,24,21,765,0,0,616,52,1456,28,2,1,7,13,off,0,14,10,18,2,30,11,6,21,20,16,22,25
31,16,24,22,766,0,0,618,52,1488,29,2,28,3,9,off,0,14,5,6,29,23,27,10,8,14,19,14,1
31,16,24,23,767,0,0,620,52,1040,14,2,26,1,7,off,0,21,6,11,14,5,10,10,5,22,23,8,13
31,16,24,24,768,0,0,622,52,1072,15,2,26,1,7,off,0,7,8,5,26,1,12,22,16,18,8,0,13
31,16,24,25,769,0,0,624,53,1104,16,2,28,3,9,off,0,16,5,4,26,11,21,1,24,10,24,1,2
31,16,24,26,770,0,0,626,52,1136,17,2,1,7,13,off,0,5,21,5,28,2,21,17,29,25,29,0,17
31,16,24,27,771,0,0,628,53,1168,18,1,7,13,19,off,0,21,10,22,24,0,24,22,30,23,11,3,24
31,16,24,28,772,0,0,630,53,1200,19,1,15,21,27,off,0,8,7,8,17,14,5,11,0,20,5,11,10
31,16,24,29,773,0,0,632,53,1232,20,1,25,0,6,qm,0,18,22,16,29,9,27,28,3,3,24,10,14
31,16,24,30,774,0,0,634,53,1264,21,1,6,12,18,off,0,19,12,3,15,5,2,15,13,1,6,0,29
31,16,25,17,792,0,0,670,56,1360,23,1,18,23,28,off,0,10,8,11,21,22,20,9,15,12,30,4,14
31,16,25,18,793,0,0,672,57,1392,24,1,6,11,16,off,0,20,20,3,2,16,4,12,20,26,25,1,3
31,16,25,19,794,0,0,674,56,1424,25,1,27,1,6,off,0,8,13,19,18,24,30,4,4,21,7,18,20
31,16,25,20,795,0,0,676,57,1456,26,2,19,24,29,off,0,28,21,22,2,0,20,13,3,17,29,0,0
31,16,25,21,796,0,0,678,57,1488,27,2,13,18,23,off,0,1,21,14,7,27,21,4,20,5,4,8,22
31,16,25,22,797,0,0,680,57,1040,12,2,9,14,19,off,0,4,6,2,4,15,15,12,23,3,13,26,9
31,16,25,23,798,0,0,682,57,1072,13,2,7,12,17,off,0,18,10,15,18,14,14,15,5,8,22,20,25
31,16,25,24,799,0,0,684,58,1104,14,2,7,12,17,off,0,3,11,2,1,12,14,17,28,26,27,12,30
31,16,25,25,800,0,0,686,57,1136,15,2,9,14,19,off,0,27,19,8,30,16,0,12,29,19,26,26,22
31,16,25,26,801,0,0,688,58,1168,16,2,13,18,23,off,0,20,19,29,30,6,28,13,9,4,14,12,23
31,16,25,27,802,0,0,690,58,1200,17,2,19,24,29,off,0,23,28,20,3,11,6,22,26,14,1,0,26
31,16,25,28,803,0,0,692,58,1232,18,1,27,1,6,off,0,29,3,22,18,8,13,2,18,14,14,18,17
31,16,25,29,804,0,0,694,58,1264,19,1,6,11,16,off,0,6,29,13,24,6,27,2,8,25,27,5,5
31,16,25,30,805,0,0,696,59,1296,20,1,18,23,28,off,0,24,11,28,23,0,15,20,28,10,21,19,2
31,16,26,17,823,0,0,732,62,1392,22,1,28,1,5,off,0,23,16,5,16,5,25,12,27,0,30,1,0
31,16,26,18,824,0,0,734,61,1424,23,1,16,20,24,off,0,16,16,12,17,11,23,12,12,13,16,28,25
31,16,26,19,825,0,0,736,62,1456,24,2,6,10,14,off,0,24,7,6,13,2,8,17,8,29,30,29,20
31,16,26,20,826,0,0,738,62,1488,25,2,29,2,6,off,0,10,0,20,10,8,15,3,17,11,12,27,25
31,16,26,21,827,-1,1,740,62,-1,-1,2,23,27,0,q1,-1,0,0,0,0,0,0,0,0,0,0,0,0
31,16,26,22,828,0,0,742,62,1072,11,2,19,23,27,off,0,13,18,6,18,24,9,28,30,3,13,29,1
31,16,26,23,829,0,0,744,63,1104,12,2,17,21,25,off,0,19,7,10,0,26,12,19,28,10,14,22,30
31,16,26,24,830,0,0,746,62,1136,13,2,17,21,25,off,1,0,19,14,30,0,6,10,9,7,28,16,25
31,16,26,25,831,0,0,748,63,1168,14,2,19,23,27,off,0,18,17,21,17,9,3,29,17,22,15,29,14
31,16,26,26,832,-1,1,750,63,-1,-1,2,23,27,0,q1,-1,0,0,0,0,0,0,0,0,0,0,0,0
31,16,26,27,833,0,0,752,63,1232,16,2,29,2,6,off,1,0,18,15,4,13,18,11,22,27,13,15,1
31,16,26,28,834,0,0,754,63,1264,17,2,6,10,14,off,0,14,25,3,18,14,23,12,5,20,21,26,22
31,16,26,29,835,0,0,756,64,1296,18,1,16,20,24,off,0,2,5,5,26,19,13,21,2,15,24,26,15
31,16,26,30,836,0,0,758,63,1328,19,1,28,1,5,off,0,30,12,6,20,12,28,22,23,10,18,24,21
31,16,27,17,854,0,0,794,66,1424,21,1,5,8,11,off,0,6,6,7,1,7,28,20,6,21,13,24,25
31,16,27,18,855,0,0,796,67,1456,22,2,24,27,30,off,0,26,20,27,7,21,28,8,15,29,4,3,14
31,16,27,19,856,0,0,798,67,1488,23,2,14,17,20,off,0,11,10,14,10,12,12,3,22,25,28,12,17
31,16,27,20,857,0,0,800,67,1040,8,2,6,9,12,off,1,0,29,23,4,18,22,2,18,5,21,27,26
31,16,27,21,858,0,0,802,67,1072,9,2,0,3,6,q0,0,23,11,25,12,4,5,16,11,4,3,30,29
31,16,27,22,859,0,0,804,68,1104,10,2,27,30,2,off,0,21,27,3,10,10,7,25,20,30,15,11,20
31,16,27,23,860,-1,1,806,67,-1,-1,2,25,28,0,q1,-1,0,0,0,0,0,0,0,0,0,0,0,0
31,16,27,24,861,-1,1,808,68,-1,-1,2,25,28,0,q1,-1,0,0,0,0,0,0,0,0,0,0,0,0
31,16,27,25,862,0,0,810,68,1200,13,2,27,30,2,off,0,10,23,17,5,18,17,17,13,15,2,13,21
31,16,27,26,863,0,0,812,68,1232,14,2,0,3,6,q0,0,25,10,22,25,23,5,26,19,10,15,5,25
31,16,27,27,864,0,0,814,68,1264,15,2,6,9,12,off,0,19,24,8,25,6,26,29,17,27,1,22,8
31,16,27,28,865,0,0,816,69,1296,16,2,14,17,20,off,0,22,18,2,13,19,28,19,28,12,10,10,3
31,16,27,29,866,0,0,818,68,1328,17,2,24,27,30,off,0,30,13,5,4,30,2,29,29,13,27,17,13
31,16,27,30,867,0,0,820,69,1360,18,1,5,8,11,off,0,17,9,28,27,5,30,12,0,16,12,18,20
31,16,28,17,885,0,0,856,72,1456,20,2,11,13,15,off,0,1,4,10,29,13,1,17,6,21,21,13,28
31,16,28,18,886,0,0,858,72,1488,21,2,30,1,3,off,0,23,18,25,28,22,16,1,10,30,10,17,22
31,16,28,19,887,0,0,860,72,1040,6,2,20,22,24,off,0,26,23,15,21,26,12,24,1,11,25,20,7
31,16,28,20,888,0,0,862,72,1072,7,2,12,14,16,off,0,18,10,25,26,15,1,11,24,27,9,11,30
31,16,28,21,889,0,0,864,73,1104,8,2,6,8,10,off,1,0,7,5,26,25,0,8,13,20,25,7,18
31,16,28,22,890,0,0,866,72,1136,9,2,2,4,6,off,0,28,4,4,8,14,14,18,17,28,14,6,24
31,16,28,23,891,0,0,868,73,1168,10,2,0,2,4,q0,0,14,8,20,19,22,20,6,4,30,12,22,13
31,16,28,24,892,0,0,870,73,1200,11,2,0,2,4,q0,0,30,3,12,18,20,10,9,10,12,23,28,7
31,16,28,25,893,0,0,872,73,1232,12,2,2,4,6,off,0,17,0,4,29,7,26,17,9,7,2,7,0
31,16,28,26,894,0,0,874,73,1264,13,2,6,8,10,off,1,0,27,30,6,6,0,22,15,7,5,11,15
31,16,28,27,895,0,0,876,74,1296,14,2,12,14,16,off,0,24,5,11,10,3,6,27,9,26,9,18,19
31,16,28,28,896,0,0,878,73,1328,15,2,20,22,24,off,0,24,28,7,14,9,27,2,19,14,11,28,1
31,16,28,29,897,0,0,880,74,1360,16,2,30,1,3,off,0,11,24,17,13,11,9,3,8,19,9,29,4
31,16,28,30,898,0,0,882,74,1392,17,2,11,13,15,off,0,30,26,14,27,24,26,3,4,3,10,9,10
31,16,29,17,916,0,0,918,77,1488,19,-1,15,16,17,off,0,13,29,28,17,17,25,3,27,24,2,8,22
31,16,29,18,917,0,0,920,77,1040,4,-1,3,4,5,off,0,19,28,7,7,21,6,6,22,26,10,5,14
31,16,29,19,918,0,0,922,77,1072,5,-1,24,25,26,off,1,0,12,28,17,29,23,1,5,16,3,3,27
31,16,29,20,919,0,0,924,78,1104,6,-1,16,17,18,off,3,0,0,0,6,24,12,15,28,11,16,22,23
31,16,29,21,920,0,0,926,77,1136,7,-1,10,11,12,off,0,5,23,17,9,24,18,30,10,11,17,26,5
31,16,29,22,921,0,0,928,78,1168,8,-1,6,7,8,off,0,20,12,20,1,20,13,29,25,26,6,17,2
31,16,29,23,922,0,0,930,78,1200,9,-1,4,5,6,off,1,0,23,9,18,13,8,0,18,28,24,2,30
31,16,29,24,923,0,0,932,78,1232,10,-1,4,5,6,off,1,0,19,7,1,12,13,0,11,21,11,21,4
31,16,29,25,924,0,0,934,78,1264,11,-1,6,7,8,off,0,18,25,18,8,9,20,1,3,10,6,14,27
31,16,29,26,925,0,0,936,79,1296,12,-1,10,11,12,off,0,4,6,5,26,11,27,8,19,18,15,16,5
31,16,29,27,926,0,0,938,78,1328,13,-1,16,17,18,off,3,0,0,0,11,29,8,5,6,2,28,14,4
31,16,29,28,927,0,0,940,79,1360,14,-1,24,25,26,off,0,27,22,2,22,14,7,21,15,5,6,23,0
31,16,29,29,928,0,0,942,79,1392,15,-1,3,4,5,off,0,28,13,0,25,29,16,30,16,1,16,10,11
31,16,29,30,929,0,0,944,79,1424,16,-1,15,16,17,off,0,27,28,25,8,5,16,12,7,25,2,24,30
31,22,16,16,512,0,0,116,10,1046,31,1,10,24,7,off,1,0,23,16,29,10,7,3,1,7,3,26,4
31,22,16,25,521,0,0,134,11,1034,30,1,10,24,7,off,0,24,10,17,2,18,3,26,14,0,14,24,1
31,22,16,26,522,0,0,136,12,1066,31,1,20,3,17,off,0,26,8,16,26,0,7,24,16,13,12,6,15
31,22,17,15,542,0,0,176,15,1046,29,1,17,30,12,off,0,15,9,1,2,28,30,7,21,26,23,3,19
31,22,17,16,543,0,0,178,15,1078,30,1,7,20,2,off,0,30,13,4,6,17,25,12,28,30,5,16,25
31,22,17,17,544,0,0,180,16,1110,31,1,30,12,25,off,0,24,2,16,10,30,30,13,9,19,19,8,26
31,22,17,24,551,0,0,194,16,1034,28,1,30,12,25,off,0,12,26,11,0,27,2,2,0,16,2,24,8
31,22,17,25,552,0,0,196,17,1066,29,1,7,20,2,off,0,26,12,14,20,25,13,3,9,3,9,12,30
31,22,17,26,553,0,0,198,17,1098,30,1,17,30,12,off,0,17,30,26,20,21,15,13,26,23,13,3,24
31,22,17,27,554,0,0,200,17,1130,31,1,29,11,24,off,0,10,0,27,6,28,8,25,10,2,25,13,21
31,22,18,14,572,0,0,236,20,1046,27,1,24,5,17,off,0,9,28,29,12,27,18,14,7,23,26,19,3
31,22,18,15,573,0,0,238,20,1078,28,1,12,24,5,off,0,20,29,12,12,15,12,19,7,6,10,13,18
31,22,18,16,574,0,0,240,21,1110,29,1,2,14,26,off,0,3,0,15,11,6,9,18,13,21,4,27,26
31,22,18,17,575,0,0,242,20,1142,30,1,25,6,18,off,0,1,23,7,26,29,10,22,2,14,26,12,2
31,22,18,18,576,0,0,244,21,874,21,1,19,0,12,qm,0,15,28,7,12,2,29,30,21,2,17,6,21
31,22,18,23,581,0,0,254,21,1034,26,1,19,0,12,qm,0,25,17,27,22,29,15,24,8,21,24,0,13
31,22,18,24,582,0,0,256,22,1066,27,1,25,6,18,off,0,2,9,12,2,11,16,21,26,23,21,3,14
31,22,18,25,583,0,0,258,22,1098,28,1,2,14,26,off,0,16,14,28,28,18,12,30,22,6,27,25,21
31,22,18,26,584,0,0,260,22,1130,29,1,12,24,5,off,0,3,23,25,3,17,3,16,27,15,25,28,21
31,22,18,27,585,0,0,262,22,1162,30,1,24,5,17,off,1,0,15,24,2,10,26,15,16,19,13,19,9
31,22,18,28,586,0,0,264,23,534,9,1,7,19,0,q1,0,14,14,4,28,25,13,6,27,4,16,7,25
31,22,19,13,602,0,0,296,25,1046,25,1,0,11,22,q0,0,16,10,25,16,2,10,23,30,28,9,25,22
31,22,19,14,603,0,0,298,25,1078,26,1,17,28,8,off,0,16,6,11,21,16,24,11,1,16,30,18,16
31,22,19,15,604,0,0,300,26,1110,27,1,5,16,27,off,0,25,13,10,19,2,1,5,17,20,9,30,25
31,22,19,16,605,0,0,302,25,1142,28,1,26,6,17,off,0,26,1,7,18,23,12,5,21,13,26,15,4
31,22,19,17,606,0,0,304,26,1174,29,1,18,29,9,off,0,28,17,24,15,2,18,9,24,24,23,18,22
31,22,19,18,607,0,0,306,26,1206,30,1,12,23,3,off,0,10,4,30,16,13,14,25,15,28,24,6,9
31,22,19,19,608,0,0,308,26,1238,31,1,8,19,30,off,0,27,10,18,23,24,1,4,14,10,3,21,10
31,22,19,22,611,0,0,314,26,1034,24,1,8,19,30,off,0,19,23,5,2,10,0,1,12,7,21,17,24
31,22,19,23,612,0,0,316,27,1066,25,1,12,23,3,off,0,12,29,6,30,8,3,29,13,7,4,17,24
31,22,19,24,613,0,0,318,27,1098,26,1,18,29,9,off,0,20,12,10,5,3,15,13,16,26,22,14,17
31,22,19,25,614,0,0,320,27,1130,27,1,26,6,17,off,0,22,18,30,17,12,18,6,18,14,20,21,11
31,22,19,26,615,0,0,322,27,1162,28,1,5,16,27,off,0,28,27,18,21,25,15,6,28,26,17,10,15
31,22,19,27,616,0,0,324,28,1194,29,1,17,28,8,off,0,26,2,30,3,23,1,28,20,14,27,6,4
31,22,19,28,617,0,0,326,27,1226,30,1,0,11,22,q0,0,13,29,11,15,18,17,21,27,29,5,10,27
31,22,19,29,618,0,0,328,28,1258,31,1,16,27,7,off,0,4,24,14,27,30,18,6,12,17,10,14,23
31,22,20,12,632,0,0,356,30,1046,23,1,7,17,27,off,0,23,8,4,29,23,2,4,18,14,5,4,1
31,22,20,13,633,0,0,358,30,1078,24,1,22,1,11,off,0,13,14,4,19,23,14,21,17,6,19,0,18
31,22,20,14,634,0,0,360,31,1110,25,1,8,18,28,off,0,4,10,26,15,14,27,13,26,0,7,17,29
31,22,20,15,635,0,0,362,30,1142,26,1,27,6,16,off,0,7,1,5,23,24,17,18,30,20,26,13,18
31,22,20,16,636,0,0,364,31,1174,27,1,17,27,6,off,1,0,6,21,15,17,23,21,17,20,24,28,13
31,22,20,17,637,0,0,366,31,1206,28,1,9,19,29,off,0,18,7,18,16,17,27,24,15,6,23,7,3
31,22,20,18,638,0,0,368,31,1238,29,1,3,13,23,off,0,16,22,6,30,22,30,28,29,15,8,2,1
31,22,20,19,639,0,0,370,31,1270,30,2,30,9,19,off,0,21,0,18,21,27,23,16,26,24,29,20,25
31,22,20,20,640,0,0,372,32,1302,31,2,28,7,17,off,0,9,22,25,2,6,18,28,20,23,1,15,18
31,22,20,21,641,0,0,374,31,1034,22,2,28,7,17,off,1,0,9,13,13,8,30,15,10,5,21,10,10
31,22,20,22,642,0,0,376,32,1066,23,2,30,9,19,off,0,1,3,6,5,29,13,1,27,25,29,5,9
31,22,20,23,643,0,0,378,32,1098,24,1,3,13,23,off,0,19,18,24,9,4,14,21,2,17,29,21,10
31,22,20,24,644,0,0,380,32,1130,25,1,9,19,29,off,0,24,21,27,26,28,15,20,21,7,7,8,12
31,22,20,25,645,0,0,382,32,1162,26,1,17,27,6,off,0,27,18,2,9,2,8,3,18,16,10,24,21
31,22,20,26,646,0,0,384,33,1194,27,1,27,6,16,off,0,13,16,27,30,19,13,30,24,23,24,11,6
31,22,20,27,647,0,0,386,32,1226,28,1,8,18,28,off,1,0,23,24,13,21,6,3,29,2,30,27,10
31,22,20,28,648,0,0,388,33,1258,29,1,22,1,11,off,0,27,27,23,17,10,9,1,8,24,14,26,17
31,22,20,29,649,0,0,390,33,1290,30,1,7,17,27,off,0,24,2,20,17,8,26,25,22,21,22,24,28
31,22,20,30,650,0,0,392,33,1322,31,1,25,4,14,off,0,23,13,3,22,29,21,21,26,0,13,14,10
31,22,21,11,662,0,0,416,35,1046,21,1,14,23,1,off,0,19,20,1,11,7,27,18,6,29,17,2,26
31,22,21,12,663,0,0,418,35,1078,22,1,27,5,14,off,0,24,7,22,16,9,16,28,26,19,30,8,25
31,22,21,13,664,0,0,420,36,1110,23,1,11,20,29,off,0,17,19,11,1,27,6,2,23,23,26,12,17
31,22,21,14,665,0,0,422,35,1142,24,1,28,6,15,off,0,21,11,11,16,21,9,27,26,1,7,16,29
31,22,21,15,666,0,0,424,36,1174,25,1,16,25,3,off,0,27,3,2,3,16,28,18,18,19,12,27,5
31,22,21,16,667,0,0,426,36,1206,26,1,6,15,24,off,0,10,22,0,24,16,0,0,16,29,2,27,26
31,22,21,17,668,0,0,428,36,1238,27,1,29,7,16,off,0,11,27,21,18,5,14,23,27,8,26,18,30
31,22,21,18,669,0,0,430,36,1270,28,2,23,1,10,off,0,17,20,21,13,26,10,0,11,16,20,3,3
31,22,21,19,670,0,0,432,37,1302,29,2,19,28,6,off,0,9,19,16,19,8,24,27,30,13,3,20,24
31,22,21,20,671,0,0,434,36,1034,20,2,17,26,4,off,0,25,24,12,8,30,7,20,8,2,14,5,17
31,22,21,21,672,0,0,436,37,1066,21,2,17,26,4,off,0,24,19,28,28,5,11,28,28,17,26,28,22
31,22,21,22,673,0,0,438,37,1098,22,2,19,28,6,off,0,22,7,8,25,2,14,1,4,22,19,18,19
31,22,21,23,674,0,0,440,37,1130,23,2,23,1,10,off,0,26,15,20,3,17,8,23,4,29,30,4,26
31,22,21,24,675,0,0,442,37,1162,24,1,29,7,16,off,0,17,10,18,12,5,10,15,23,12,19,19,14
31,22,21,25,676,0,0,444,38,1194,25,1,6,15,24,off,0,25,6,22,30,7,8,26,9,3,0,1,11
31,22,21,26,677,0,0,446,37,1226,26,1,16,25,3,off,0,28,30,6,14,19,10,7,25,22,19,4,20
31,22,21,27,678,0,0,448,38,1258,27,1,28,6,15,off,0,26,25,27,20,24,8,15,14,11,27,26,19
31,22,21,28,679,0,0,450,38,1290,28,1,11,20,29,off,0,14,29,6,21,4,19,16,27,25,24,13,9
31,22,21,29,680,0,0,452,38,1322,29,1,27,5,14,off,0,17,25,21,8,21,7,22,6,13,23,4,22
31,22,21,30,681,0,0,454,38,1354,30,1,14,23,1,off,0,3,4,8,19,14,13,13,9,15,24,14,16
31,22,22,11,693,0,0,478,40,1078,20,1,1,9,17,off,0,23,22,10,24,14,26,30,15,2,8,17,25
31,22,22,12,694,0,0,480,41,1110,21,1,14,22,30,off,0,27,27,27,19,30,23,29,25,28,11,16,18
31,22,22,13,695,0,0,482,40,1142,22,1,29,6,14,off,0,10,30,2,19,17,11,16,15,14,17,6,8
31,22,22,14,696,0,0,484,41,1174,23,1,15,23,0,q1,0,26,5,29,24,30,12,29,27,24,4,24,3
31,22,22,15,697,0,0,486,41,1206,24,1,3,11,19,off,0,3,3,14,25,10,27,30,28,18,10,18,28
31,22,22,16,698,0,0,488,41,1238,25,1,24,1,9,off,0,13,18,20,0,22,17,13,13,12,10,1,4
31,22,22,17,699,0,0,490,41,1270,26,2,16,24,1,off,0,20,7,20,19,0,1,0,14,11,2,18,3
31,22,22,18,700,0,0,492,42,1302,27,2,10,18,26,off,0,20,19,8,21,4,29,12,16,21,6,15,14
31,22,22,19,701,0,0,494,41,1034,18,2,6,14,22,off,0,11,12,26,1,3,25,14,18,14,16,12,15
31,22,22,20,702,0,0,496,42,1066,19,2,4,12,20,off,0,15,21,17,30,14,12,25,21,5,6,7,18
31,22,22,21,703,0,0,498,42,1098,20,2,4,12,20,off,0,10,4,4,17,24,6,22,6,2,27,23,24
31,22,22,22,704,0,0,500,42,1130,21,2,6,14,22,off,0,29,26,19,19,10,18,6,10,17,9,8,2
31,22,22,23,705,0,0,502,42,1162,22,2,10,18,26,off,0,27,29,17,12,27,29,2,28,12,26,28,22
31,22,22,24,706,0,0,504,43,1194,23,2,16,24,1,off,0,30,24,24,15,1,28,25,16,1,2,11,3
31,22,22,25,707,0,0,506,42,1226,24,1,24,1,9,off,0,25,17,6,7,16,3,10,12,2,0,3,13
31,22,22,26,708,0,0,508,43,1258,25,1,3,11,19,off,0,20,28,29,26,16,20,14,11,24,25,1,2
31,22,22,27,709,0,0,510,43,630,4,1,15,23,0,q1,0,28,4,7,17,19,13,23,19,5,28,16,2
31,22,22,28,710,0,0,512,43,1322,27,1,29,6,14,off,0,8,2,19,9,21,29,0,22,22,11,13,30
31,22,22,29,711,0,0,514,43,1354,28,1,14,22,30,off,0,22,25,8,25,7,12,4,26,30,22,12,14
31,22,22,30,712,0,0,516,44,1386,29,1,1,9,17,off,0,15,3,11,21,27,24,7,23,17,6,5,10
31,22,23,11,724,0,0,540,46,1110,19,1,17,24,0,q1,0,22,19,3,1,16,7,30,2,3,22,4,26
31,22,23,12,725,0,0,542,45,1142,20,1,30,6,13,off,0,24,4,22,0,13,27,26,29,10,19,22,19
31,22,23,13,726,0,0,544,46,1174,21,1,14,21,28,off,0,3,11,10,15,11,4,13,24,9,7,6,18
31,22,23,14,727,0,0,546,46,1206,22,1,0,7,14,q0,0,29,2,6,20,28,28,24,30,3,30,20,2
31,22,23,15,728,0,0,548,46,1238,23,1,19,26,2,off,0,11,0,8,11,0,7,29,20,23,22,13,5
31,22,23,16,729,0,0,550,46,1270,24,2,9,16,23,off,0,14,9,4,12,29,23,5,13,8,14,13,30
31,22,23,17,730,0,0,552,47,1302,25,2,1,8,15,off,0,9,16,29,1,13,19,7,27,0,3,28,0
31,22,23,18,731,0,0,554,46,1034,16,2,26,2,9,off,0,4,14,8,11,24,3,25,12,15,24,25,29
31,22,23,19,732,0,0,556,47,1066,17,2,22,29,5,off,0,25,17,3,20,13,20,5,29,28,0,3,12
31,22,23,20,733,0,0,558,47,1098,18,2,20,27,3,off,0,28,29,17,25,26,20,7,25,26,8,6,25
31,22,23,21,734,0,0,560,47,1130,19,2,20,27,3,off,0,14,28,27,10,24,17,30,17,4,14,1,24
31,22,23,22,735,0,0,562,47,1162,20,2,22,29,5,off,0,7,7,12,5,26,26,13,1,6,0,28,7
31,22,23,23,736,0,0,564,48,1194,21,2,26,2,9,off,0,28,15,19,7,10,23,1,10,0,22,1,24
31,22,23,24,737,0,0,566,47,1226,22,2,1,8,15,off,0,10,6,13,7,17,23,23,8,0,13,15,0
31,22,23,25,738,0,0,568,48,1258,23,2,9,16,23,off,0,3,24,8,5,0,23,15,8,22,28,21,23
31,22,23,26,739,0,0,570,48,1290,24,1,19,26,2,off,0,18,5,24,13,21,14,11,7,14,17,6,20
31,22,23,27,740,0,0,572,48,1322,25,1,0,7,14,q0,0,15,1,9,28,8,19,0,24,26,16,18,10
31,22,23,28,741,0,0,574,48,1354,26,1,14,21,28,off,0,29,30,14,28,12,14,20,2,20,5,14,22
31,22,23,29,742,0,0,576,49,1386,27,1,30,6,13,off,0,17,16,24,11,0,7,8,21,7,28,1,8
31,22,23,30,743,0,0,578,48,758,6,1,17,24,0,q1,0,16,0,17,15,24,6,22,3,30,3,8,4
31,22,24,11,755,0,0,602,50,1142,18,1,0,6,12,q0,0,14,27,7,11,11,9,22,9,0,28,6,24
31,22,24,12,756,0,0,604,51,1174,19,1,13,19,25,off,0,13,4,29,25,5,28,14,24,18,29,26,24
31,22,24,13,757,0,0,606,51,1206,20,1,28,3,9,off,0,29,20,7,12,24,9,23,16,0,2,1,13
31,22,24,14,758,0,0,608,51,1238,21,1,14,20,26,off,0,2,29,16,12,10,0,13,2,13,27,6,16
31,22,24,15,759,0,0,610,51,1270,22,2,2,8,14,off,0,28,21,3,8,13,5,28,7,26,5,24,20
31,22,24,16,760,0,0,612,52,1302,23,2,23,29,4,off,0,19,7,11,4,6,29,2,29,8,5,29,18
31,22,24,17,761,0,0,614,51,1034,14,2,15,21,27,off,0,14,18,0,2,8,1,15,4,22,7,24,13
31,22,24,18,762,0,0,616,52,1066,15,2,9,15,21,off,0,14,21,15,1,25,19,3,21,3,9,8,28
31,22,24,19,763,0,0,618,52,1098,16,2,5,11,17,off,0,10,26,23,19,13,30,14,17,30,6,3,12
31,22,24,20,764,0,0,620,52,1130,17,2,3,9,15,off,0,17,23,23,0,2,4,17,27,7,16,2,12
31,22,24,21,765,0,0,622,52,1162,18,2,3,9,15,off,0,16,10,2,0,19,11,25,12,17,15,0,12
31,22,24,22,766,0,0,624,53,1194,19,2,5,11,17,off,0,29,23,24,24,6,19,6,21,28,26,12,23
31,22,24,23,767,0,0,626,52,1226,20,2,9,15,21,off,0,22,2,16,26,1,21,28,12,28,22,0,28
31,22,24,24,768,0,0,628,53,1258,21,2,15,21,27,off,0,9,15,25,7,22,28,5,15,5,25,18,16
31,22,24,25,769,0,0,630,53,1290,22,2,23,29,4,off,0,6,13,30,27,16,13,27,2,13,17,18,0
31,22,24,26,770,0,0,632,53,1322,23,2,2,8,14,off,0,5,22,12,3,6,9,8,5,13,7,23,8
31,22,24,27,771,0,0,634,53,1354,24,1,14,20,26,off,0,3,6,9,27,6,16,5,24,10,25,18,30
31,22,24,28,772,0,0,636,54,1386,25,1,28,3,9,off,0,10,18,29,8,15,16,4,22,16,16,23,11
31,22,24,29,773,0,0,638,53,1418,26,1,13,19,25,off,0,5,18,30,14,19,1,12,24,0,18,23,19
31,22,24,30,774,0,0,640,54,1450,27,1,0,6,12,q0,0,7,0,5,12,5,21,30,6,16,15,20,12
31,22,25,11,786,0,0,664,56,1174,17,1,12,17,22,off,0,12,4,21,25,10,27,0,4,7,2,10,1
31,22,25,12,787,0,0,666,56,1206,18,1,25,30,4,off,0,25,26,30,1,4,6,25,0,11,9,21,11
31,22,25,13,788,0,0,668,56,1238,19,1,9,14,19,off,0,22,14,15,13,28,0,17,19,22,23,20,29
31,22,25,14,789,0,0,670,56,970,10,2,26,0,5,qm,0,5,22,24,20,28,19,1,21,9,16,27,7
31,22,25,15,790,0,0,672,57,1302,21,2,14,19,24,off,0,11,26,0,13,4,19,27,16,3,20,25,15
31,22,25,16,791,0,0,674,56,1034,12,2,4,9,14,off,0,18,19,23,22,0,24,17,18,19,5,16,23
31,22,25,17,792,0,0,676,57,1066,13,2,27,1,6,off,0,3,3,16,6,6,25,4,19,26,25,5,19
31,22,25,18,793,-1,1,678,57,-1,-1,2,21,26,0,q1,-1,0,0,0,0,0,0,0,0,0,0,0,0
31,22,25,19,794,0,0,680,57,1130,15,2,17,22,27,off,0,21,3,0,21,20,21,24,18,19,2,18,12
31,22,25,20,795,0,0,682,57,1162,16,2,15,20,25,off,0,2,2,2,12,3,8,27,10,24,1,5,24
31,22,25,21,796,0,0,684,58,1194,17,2,15,20,25,off,0,14,14,25,9,22,20,7,7,4,10,15,9
31,22,25,22,797,0,0,686,57,1226,18,2,17,22,27,off,0,10,25,0,18,11,0,24,20,17,4,18,19
31,22,25,23,798,-1,1,688,58,-1,-1,2,21,26,0,q1,-1,0,0,0,0,0,0,0,0,0,0,0,0
31,22,25,24,799,0,0,690,58,1290,20,2,27,1,6,off,0,20,29,25,12,8,21,9,12,28,23,16,13
31,22,25,25,800,0,0,692,58,1322,21,2,4,9,14,off,0,14,27,2,13,10,28,27,28,10,25,12,15
31,22,25,26,801,0,0,694,58,1354,22,2,14,19,24,off,0,7,18,25,3,16,16,13,7,18,11,6,29
31,22,25,27,802,0,0,696,59,1386,23,2,26,0,5,qm,0,22,24,21,5,12,3,0,21,15,22,0,16
31,22,25,28,803,0,0,698,58,1418,24,1,9,14,19,off,0,12,1,10,10,25,6,28,20,12,11,21,0
31,22,25,29,804,0,0,700,59,1450,25,1,25,30,4,off,0,25,27,17,29,26,7,11,4,22,26,21,6
31,22,25,30,805,0,0,702,59,1482,26,1,12,17,22,off,0,4,8,20,1,14,2,23,4,0,3,18,28
31,22,26,11,817,0,0,726,61,1206,16,1,22,26,30,off,0,6,7,24,20,3,25,25,21,10,2,13,21
31,22,26,12,818,0,0,728,61,1238,17,1,4,8,12,off,0,10,18,25,25,19,9,3,4,26,26,26,30
31,22,26,13,819,0,0,730,61,1270,18,2,19,23,27,off,0,21,21,8,21,19,2,0,15,14,3,10,6
31,22,26,14,820,0,0,732,62,1302,19,2,5,9,13,off,0,29,25,23,26,27,7,13,16,12,30,9,25
31,22,26,15,821,0,0,734,61,1034,10,2,24,28,1,off,0,9,26,7,4,29,15,12,29,27,27,23,13
31,22,26,16,822,0,0,736,62,1066,11,2,14,18,22,off,0,7,20,18,20,0,10,24,13,23,4,22,10
31,22,26,17,823,0,0,738,62,1098,12,2,6,10,14,off,0,27,27,3,30,3,0,18,18,25,19,2,24
31,22,26,18,824,0,0,740,62,1130,13,2,0,4,8,q0,0,3,7,22,19,17,7,19,30,23,1,21,3
31,22,26,19,825,0,0,742,62,1162,14,2,27,0,4,qm,0,1,7,23,21,6,18,19,22,16,0,6,17
31,22,26,20,826,0,0,744,63,1194,15,2,25,29,2,off,0,15,1,21,11,3,2,14,15,9,28,19,5
31,22,26,21,827,0,0,746,62,1226,16,2,25,29,2,off,1,0,15,2,1,13,15,12,5,27,19,1,23
31,22,26,22,828,0,0,748,63,1258,17,2,27,0,4,qm,0,7,29,9,12,18,12,13,8,0,17,28,24
31,22,26,23,829,0,0,750,63,1290,18,2,0,4,8,q0,0,7,22,29,17,20,29,26,23,25,29,18,10
31,22,26,24,830,0,0,752,63,1322,19,2,6,10,14,off,0,27,12,14,17,0,15,8,19,4,9,2,8
31,22,26,25,831,0,0,754,63,1354,20,2,14,18,22,off,0,20,9,22,0,10,7,11,30,16,11,13,30
31,22,26,26,832,0,0,756,64,1386,21,2,24,28,1,off,0,9,24,16,1,30,8,27,10,9,28,28,14
31,22,26,27,833,0,0,758,63,1418,22,2,5,9,13,off,0,25,29,4,23,4,16,25,6,13,19,29,25
31,22,26,28,834,0,0,760,64,1450,23,2,19,23,27,off,0,1,8,14,18,24,3,7,30,26,12,1,12
31,22,26,29,835,0,0,762,64,1482,24,1,4,8,12,off,0,29,6,15,9,25,6,16,7,22,14,10,7
31,22,26,30,836,0,0,764,64,1514,25,1,22,26,30,off,0,27,23,26,27,11,16,11,17,3,27,27,3
31,22,27,11,848,0,0,788,66,1238,15,1,30,2,5,off,0,18,7,24,18,17,12,8,24,24,30,22,3
31,22,27,12,849,0,0,790,66,1270,16,2,12,15,18,off,0,9,21,23,6,30,16,17,22,27,20,23,8
31,22,27,13,850,0,0,792,67,1302,17,2,27,30,2,off,0,7,23,20,15,9,8,12,15,14,20,13,22
31,22,27,14,851,0,0,794,66,1034,8,2,13,16,19,off,0,13,7,22,12,24,12,13,18,6,10,27,4
31,22,27,15,852,0,0,796,67,1066,9,2,1,4,7,off,0,9,27,5,23,8,17,8,6,2,8,8,7
31,22,27,16,853,0,0,798,67,1098,10,2,22,25,28,off,0,23,4,22,19,5,4,24,17,15,23,18,1
31,22,27,17,854,0,0,800,67,1130,11,2,14,17,20,off,0,4,5,7,28,27,27,30,24,7,0,5,22
31,22,27,18,855,0,0,802,67,1162,12,2,8,11,14,off,0,11,5,17,30,5,2,10,22,7,29,11,5
31,22,27,19,856,0,0,804,68,1194,13,2,4,7,10,off,0,17,30,12,20,6,8,27,3,1,17,24,18
31,22,27,20,857,0,0,806,67,1226,14,2,2,5,8,off,0,27,17,14,11,21,20,5,12,4,1,1,26
31,22,27,21,858,0,0,808,68,1258,15,2,2,5,8,off,0,22,3,2,7,12,19,16,12,29,3,26,13
31,22,27,22,859,0,0,810,68,1290,16,2,4,7,10,off,0,14,29,6,10,17,15,1,19,16,25,3,22
31,22,27,23,860,0,0,812,68,1322,17,2,8,11,14,off,0,20,30,24,15,12,3,15,14,24,24,7,7
31,22,27,24,861,0,0,814,68,1354,18,2,14,17,20,off,0,22,2,4,13,14,14,12,21,26,16,26,18
31,22,27,25,862,0,0,816,69,1386,19,2,22,25,28,off,0,16,30,14,11,5,4,10,15,28,11,11,12
31,22,27,26,863,0,0,818,68,1418,20,2,1,4,7,off,0,25,4,4,4,25,9,21,0,4,5,1,20
31,22,27,27,864,0,0,820,69,1450,21,2,13,16,19,off,0,14,12,1,23,27,12,21,8,19,1,4,30
31,22,27,28,865,0,0,822,69,1482,22,2,27,30,2,off,0,10,21,10,9,26,15,24,16,17,29,22,7
31,22,27,29,866,0,0,824,69,1514,23,2,12,15,18,off,0,30,4,4,13,16,24,2,1,17,6,19,22
31,22,27,30,867,0,0,826,69,1546,24,1,30,2,5,off,0,21,27,30,12,13,7,29,15,8,20,27,24
31,22,28,11,879,0,0,850,71,1270,14,2,5,7,9,off,0,26,18,22,28,16,8,15,23,17,0,18,27
31,22,28,12,880,0,0,852,72,1302,15,2,18,20,22,off,0,9,22,17,0,17,21,8,10,10,24,19,6
31,22,28,13,881,0,0,854,71,1034,6,2,2,4,6,off,0,21,6,29,30,13,25,22,6,18,27,11,15
31,22,28,14,882,0,0,856,72,1066,7,2,19,21,23,off,0,8,27,3,7,6,27,5,12,5,15,23,8
31,22,28,15,883,0,0,858,72,1098,8,2,7,9,11,off,0,20,1,14,10,14,20,30,11,18,15,20,9
31,22,28,16,884,0,0,860,72,1130,9,2,28,30,1,off,0,16,3,8,13,17,9,13,23,23,12,27,7
31,22,28,17,885,0,0,862,72,1162,10,2,20,22,24,off,0,7,21,15,27,17,24,28,29,25,12,22,13
31,22,28,18,886,0,0,864,73,1194,11,2,14,16,18,off,0,3,4,29,3,5,10,23,24,24,7,3,29
31,22,28,19,887,0,0,866,72,1226,12,2,10,12,14,off,0,29,28,19,14,13,28,18,22,14,29,9,9
31,22,28,20,888,0,0,868,73,1258,13,2,8,10,12,off,0,1,0,22,2,12,20,11,14,29,3,18,1
31,22,28,21,889,0,0,870,73,1290,14,2,8,10,12,off,0,11,0,7,28,25,10,1,4,24,29,6,22
31,22,28,22,890,0,0,872,73,1322,15,2,10,12,14,off,0,2,14,30,16,23,0,6,8,7,1,9,0
31,22,28,23,891,0,0,874,73,1354,16,2,14,16,18,off,0,18,11,19,15,26,10,9,11,27,20,18,19
31,22,28,24,892,0,0,876,74,1386,17,2,20,22,24,off,0,13,26,16,8,1,26,6,16,16,20,29,17
31,22,28,25,893,0,0,878,73,1418,18,2,28,30,1,off,0,11,25,28,15,19,25,19,6,26,17,29,8
31,22,28,26,894,0,0,880,74,1450,19,2,7,9,11,off,0,20,23,14,25,2,9,17,19,5,21,25,30
31,22,28,27,895,0,0,882,74,1482,20,2,19,21,23,off,0,24,15,17,19,1,21,28,28,13,20,12,23
31,22,28,28,896,0,0,884,74,1514,21,2,2,4,6,off,0,23,26,7,23,8,14,15,17,4,16,0,30
31,22,28,29,897,0,0,886,74,1546,22,2,18,20,22,off,0,8,28,15,0,1,30,15,17,7,16,20,11
31,22,28,30,898,0,0,888,75,1578,23,2,5,7,9,off,0,7,2,29,3,10,6,3,12,28,23,2,6
31,22,29,11,910,0,0,912,77,1302,13,-1,9,10,11,off,0,17,6,14,7,30,23,19,30,30,8,26,1
31,22,29,12,911,0,0,914,76,1034,4,-1,22,23,24,off,0,23,23,27,22,3,26,25,5,4,10,25,17
31,22,29,13,912,0,0,916,77,1066,5,-1,6,7,8,off,0,26,9,17,22,18,30,23,25,21,28,29,10
31,22,29,14,913,0,0,918,77,1098,6,-1,23,24,25,off,0,28,9,3,5,18,27,0,16,21,11,21,20
31,22,29,15,914,0,0,920,77,1130,7,-1,11,12,13,off,0,5,29,19,15,9,9,26,7,17,6,3,3
31,22,29,16,915,0,0,922,77,1162,8,-1,1,2,3,off,0,12,7,30,22,2,11,5,11,2,4,19,26
31,22,29,17,916,0,0,924,78,1194,9,-1,24,25,26,off,0,17,28,9,10,12,27,6,6,16,9,1,19
31,22,29,18,917,0,0,926,77,1226,10,-1,18,19,20,off,0,25,22,24,5,24,24,1,9,5,28,5,2
31,22,29,19,918,0,0,928,78,1258,11,-1,14,15,16,off,0,11,25,10,13,0,24,12,5,18,29,8,7
31,22,29,20,919,0,0,930,78,1290,12,-1,12,13,14,off,1,0,4,16,29,10,26,30,8,26,12,4,8
31,22,29,21,920,0,0,932,78,1322,13,-1,12,13,14,off,1,0,6,9,24,14,19,9,29,4,21,11,30
31,22,29,22,921,0,0,934,78,1354,14,-1,14,15,16,off,0,13,3,9,11,0,25,25,13,26,29,23,17
31,22,29,23,922,0,0,936,79,1386,15,-1,18,19,20,off,0,15,22,10,30,29,13,28,8,23,30,11,1
31,22,29,24,923,0,0,938,78,1418,16,-1,24,25,26,off,0,12,26,19,8,30,18,2,19,17,8,26,6
31,22,29,25,924,0,0,940,79,1450,17,-1,1,2,3,off,0,6,22,15,24,21,0,11,18,17,27,28,12
31,22,29,26,925,0,0,942,79,1482,18,-1,11,12,13,off,0,4,1,22,26,4,17,3,14,20,15,1,25
31,22,29,27,926,0,0,944,79,1514,19,-1,23,24,25,off,0,27,30,11,25,14,24,17,25,25,10,25,9
31,22,29,28,927,0,0,946,79,1546,20,-1,6,7,8,off,0,23,8,22,2,16,8,20,9,3,17,29,4
31,22,29,29,928,0,0,948,80,1578,21,-1,22,23,24,off,0,17,5,30,30,5,15,30,2,13,14,2,4
31,22,29,30,929,0,0,950,79,1610,22,-1,9,10,11,off,0,26,4,28,26,20,21,26,15,5,8,6,22
37,12,27,27,1026,0,0,732,62,2064,37,1,11,20,29,off,0,14,21,34,20,35,29,31,4,32,2,36,28
37,12,27,36,1035,0,0,750,63,1470,20,1,11,20,29,off,0,27,17,11,24,3,9,9,7,10,22,21,8
37,12,28,27,1063,0,0,806,67,1166,10,1,29,0,8,qm,0,15,16,19,11,33,7,18,19,11,10,7,7
37,12,28,28,1064,0,0,808,68,2140,37,1,21,29,0,q1,0,18,8,16,12,26,36,30,7,34,31,33,14
37,12,28,35,1071,0,0,822,69,1038,6,1,21,29,0,q1,0,35,15,31,27,18,17,19,24,21,9,31,5
37,12,28,36,1072,0,0,824,69,1508,19,1,29,0,8,qm,0,28,3,4,2,26,2,28,16,31,13,20,3
37,12,29,27,1100,0,0,880,74,2140,35,1,8,15,22,off,0,19,11,26,14,4,1,8,10,16,18,7,8
37,12,29,28,1101,0,0,882,74,2178,36,1,0,7,14,q0,0,2,5,22,14,27,1,3,14,20,34,13,19
37,12,29,29,1102,0,0,884,74,2216,37,1,31,1,8,off,0,6,36,22,35,1,8,34,13,11,24,13,8
37,12,29,34,1107,0,0,894,75,1470,16,1,31,1,8,off,0,25,9,7,26,11,10,35,30,11,30,8,31
37,12,29,35,1108,0,0,896,75,1508,17,1,0,7,14,q0,0,12,1,25,20,34,3,13,24,33,25,11,36
37,12,29,36,1109,0,0,898,75,1546,18,1,8,15,22,off,0,20,16,23,12,13,27,32,6,34,12,20,7
37,12,30,27,1137,0,0,954,80,2178,34,1,22,28,34,off,0,35,15,5,13,34,10,10,34,26,28,24,31
37,12,30,28,1138,0,0,956,80,2216,35,1,14,20,26,off,0,18,18,34,2,18,23,13,27,10,31,32,28
37,12,30,29,1139,0,0,958,80,2254,36,1,8,14,20,off,0,22,4,0,10,29,30,27,23,13,35,10,36
37,12,30,30,1140,0,0,960,81,2292,37,1,4,10,16,off,0,30,23,7,35,3,8,29,5,7,27,1,35
37,12,30,33,1143,0,0,966,81,1470,14,1,4,10,16,off,0,1,12,21,2,28,18,19,29,12,23,11,33
37,12,30,34,1144,0,0,968,81,1508,15,1,8,14,20,off,0,18,5,32,15,16,1,19,33,23,24,31,8
37,12,30,35,1145,0,0,970,81,1546,16,1,14,20,26,off,0,12,24,29,25,26,34,28,35,18,0,30,13
37,12,30,36,1146,0,0,972,82,1584,17,1,22,28,34,off,0,18,23,19,20,16,36,3,20,0,20,14,6
37,12,31,27,1174,0,0,1028,86,2216,33,1,34,2,7,off,0,25,14,23,14,14,34,27,28,16,10,30,1
37,12,31,28,1175,0,0,1030,86,2254,34,1,26,31,36,off,0,29,9,7,29,2,31,21,6,31,27,12,6
37,12,31,29,1176,0,0,1032,87,2292,35,1,20,25,30,off,0,8,34,14,2,33,5,29,6,3,23,1,0
37,12,31,30,1177,0,0,1034,86,2330,36,2,16,21,26,off,0,11,28,32,14,19,27,7,29,3,18,30,22
37,12,31,31,1178,0,0,1036,87,2368,37,2,14,19,24,off,0,21,9,9,22,31,12,11,1,15,16,26,33
37,12,31,32,1179,0,0,1038,87,1470,12,2,14,19,24,off,0,14,15,24,19,9,31,24,20,19,19,6,15
37,12,31,33,1180,0,0,1040,87,1508,13,2,16,21,26,off,0,26,9,15,33,2,19,20,15,12,10,20,1
37,12,31,34,1181,0,0,1042,87,1546,14,1,20,25,30,off,0,13,26,16,11,27,17,16,31,24,28,13,22
37,12,31,35,1182,0,0,1044,88,1584,15,1,26,31,36,off,0,21,6,8,31,18,14,24,11,25,15,6,2
37,12,31,36,1183,0,0,1046,87,1622,16,1,34,2,7,off,0,26,24,13,4,22,1,4,34,32,8,34,32
37,12,32,27,1211,0,0,1102,92,2254,32,1,7,11,15,off,0,23,10,3,11,3,35,4,26,25,0,24,16
37,12,32,28,1212,0,0,1104,93,2292,33,1,36,3,7,off,0,22,32,11,30,30,30,22,12,32,30,33,8
37,12,32,29,1213,0,0,1106,92,2330,34,2,30,34,1,off,0,33,1,17,21,11,21,9,30,14,36,20,1
37,12,32,30,1214,0,0,1108,93,2368,35,2,26,30,34,off,0,20,2,22,14,16,3,25,20,15,17,12,33
37,12,32,31,1215,0,0,1110,93,1470,10,2,24,28,32,off,0,33,32,20,12,2,18,11,35,5,13,22,15
37,12,32,32,1216,0,0,1112,93,1508,11,2,24,28,32,off,0,35,11,13,5,9,25,16,22,24,31,9,6
37,12,32,33,1217,0,0,1114,93,1546,12,2,26,30,34,off,0,21,16,20,36,15,32,16,20,22,2,35,3
37,12,32,34,1218,0,0,1116,94,1584,13,2,30,34,1,off,0,9,20,8,6,20,24,23,15,35,1,36,7
37,12,32,35,1219,0,0,1118,93,1622,14,1,36,3,7,off,0,10,32,3,17,19,9,29,30,28,6,32,1
37,12,32,36,1220,0,0,1120,94,1660,15,1,7,11,15,off,0,10,35,36,3,5,1,7,33,9,16,6,34
37,12,33,27,1248,0,0,1176,99,2292,31,1,15,18,21,off,0,11,18,8,14,3,19,18,26,19,30,14,14
37,12,33,28,1249,0,0,1178,98,2330,32,2,7,10,13,off,0,31,26,3,23,28,31,26,3,26,25,30,14
37,12,33,29,1250,0,0,1180,99,2368,33,2,1,4,7,off,0,18,6,24,20,13,30,21,35,28,23,5,4
37,12,33,30,1251,0,0,1182,99,1470,8,2,34,0,3,qm,0,10,22,34,34,10,34,15,32,6,14,23,10
37,12,33,31,1252,0,0,1184,99,1508,9,2,32,35,1,off,0,30,22,20,12,21,1,3,18,13,14,26,15
37,12,33,32,1253,0,0,1186,99,1546,10,2,32,35,1,off,0,10,17,22,3,17,30,19,21,22,32,22,22
37,12,33,33,1254,0,0,1188,100,1584,11,2,34,0,3,qm,0,14,23,4,27,20,35,33,9,17,13,27,36
37,12,33,34,1255,0,0,1190,99,1622,12,2,1,4,7,off,0,22,23,5,23,34,26,22,34,3,35,25,33
37,12,33,35,1256,0,0,1192,100,1660,13,2,7,10,13,off,0,10,20,34,26,12,33,23,4,30,26,12,20
37,12,33,36,1257,0,0,1194,100,1698,14,1,15,18,21,off,0,20,12,18,1,21,16,8,23,17,9,27,0
37,12,34,27,1285,0,0,1250,104,2330,30,2,21,23,25,off,0,17,19,28,18,14,12,6,26,16,10,7,26
37,12,34,28,1286,0,0,1252,105,2368,31,2,13,15,17,off,0,8,18,0,36,9,14,21,1,33,6,14,26
37,12,34,29,1287,0,0,1254,105,1470,6,2,7,9,11,off,0,9,26,22,2,2,26,9,34,14,30,23,22
37,12,34,30,1288,0,0,1256,105,1508,7,2,3,5,7,off,0,14,28,26,32,26,28,35,5,10,32,26,29
37,12,34,31,1289,0,0,1258,105,1546,8,2,1,3,5,off,0,36,27,30,13,33,11,21,14,20,23,16,5
37,12,34,32,1290,0,0,1260,106,1584,9,2,1,3,5,off,1,0,16,24,1,13,23,3,23,32,17,10,26
37,12,34,33,1291,0,0,1262,105,1622,10,2,3,5,7,off,0,10,15,1,24,14,9,0,5,6,13,36,36
37,12,34,34,1292,0,0,1264,106,1660,11,2,7,9,11,off,0,18,15,34,17,31,2,30,1,1,17,28,29
37,12,34,35,1293,0,0,1266,106,1698,12,2,13,15,17,off,0,10,26,9,8,14,36,27,20,24,23,19,35
37,12,34,36,1294,0,0,1268,106,1736,13,2,21,23,25,off,0,32,36,24,36,8,24,27,34,36,7,35,9
37,12,35,27,1322,0,0,1324,111,2368,29,-1,25,26,27,off,0,32,6,0,25,6,11,35,17,9,12,5,26
37,12,35,28,1323,0,0,1326,111,1470,4,-1,17,18,19,off,0,16,15,8,12,29,29,35,13,30,36,26,9
37,12,35,29,1324,0,0,1328,111,1508,5,-1,11,12,13,off,0,6,4,32,34,4,0,26,9,15,31,36,25
37,12,35,30,1325,0,0,1330,111,1546,6,-1,7,8,9,off,0,29,23,19,30,16,6,26,1,16,6,16,32
37,12,35,31,1326,0,0,1332,112,1584,7,-1,5,6,7,off,0,26,16,33,30,13,7,6,16,13,8,20,24
37,12,35,32,1327,0,0,1334,111,1622,8,-1,5,6,7,off,1,0,26,32,25,9,28,5,5,17,6,6,35
37,12,35,33,1328,0,0,1336,112,1660,9,-1,7,8,9,off,0,23,4,33,25,10,29,10,15,8,16,5,31
37,12,35,34,1329,0,0,1338,112,1698,10,-1,11,12,13,off,0,4,25,11,26,0,8,7,12,18,11,9,27
37,12,35,35,1330,0,0,1340,112,1736,11,-1,17,18,19,off,0,15,25,11,19,4,12,35,19,21,1,25,2
37,12,35,36,1331,0,0,1342,112,1774,12,-1,25,26,27,off,0,6,0,12,31,29,25,17,17,12,5,11,16
37,16,23,23,874,0,0,432,37,1764,37,1,26,2,15,off,0,27,19,36,24,23,17,1,9,26,20,26,16
37,16,23,36,887,0,0,458,38,1466,28,1,26,2,15,off,0,21,1,16,20,18,32,9,9,0,34,19,23
37,16,24,23,911,0,0,506,42,1802,36,1,15,27,2,off,1,0,6,2,8,27,29,33,34,17,36,12,13
37,16,24,24,912,0,0,508,43,1840,37,1,3,15,27,off,0,27,3,2,17,8,1,23,33,14,21,3,20
37,16,24,35,923,0,0,530,44,1466,26,1,3,15,27,off,0,3,34,16,4,13,22,23,11,24,30,26,6
37,16,24,36,924,0,0,532,45,1504,27,1,15,27,2,off,0,9,28,22,32,30,2,32,11,2,35,2,7
37,16,25,23,948,0,0,580,49,1840,35,1,2,13,24,off,0,11,21,33,15,8,4,31,22,18,5,22,6
37,16,25,24,949,0,0,582,49,1878,36,1,27,1,12,off,0,28,27,19,14,36,33,15,12,30,12,28,18
37,16,25,25,950,0,0,584,49,1916,37,1,17,28,2,off,0,10,8,24,28,34,28,35,11,2,14,35,4
37,16,25,34,959,0,0,602,50,1466,24,1,17,28,2,off,0,21,34,8,34,9,29,31,19,8,1,6,28
37,16,25,35,960,0,0,604,51,1504,25,1,27,1,12,off,0,19,17,1,7,2,10,26,5,33,22,12,11
37,16,25,36,961,0,0,606,51,1542,26,1,2,13,24,off,0,23,2,9,11,12,16,36,15,8,0,5,3
37,16,26,23,985,0,0,654,55,1878,34,1,24,34,7,off,0,15,0,1,19,22,7,34,23,17,34,17,14
37,16,26,24,986,0,0,656,55,1916,35,1,12,22,32,off,0,12,30,23,3,13,35,19,10,0,10,10,26
37,16,26,25,987,0,0,658,55,1954,36,1,2,12,22,off,1,0,29,31,15,36,6,23,27,29,36,4,28
37,16,26,26,988,0,0,660,56,1992,37,1,31,4,14,off,0,29,13,36,1,25,11,23,12,33,9,1,9
37,16,26,33,995,0,0,674,56,1466,22,1,31,4,14,off,0,30,27,1,18,8,5,15,13,6,16,15,29
37,16,26,34,996,0,0,676,57,1504,23,1,2,12,22,off,0,28,7,9,14,12,24,11,21,4,23,16,29
37,16,26,35,997,0,0,678,57,1542,24,1,12,22,32,off,0,16,29,8,20,13,33,26,22,20,12,13,21
37,16,26,36,998,0,0,680,57,1580,25,1,24,34,7,off,0,36,8,33,8,22,25,22,5,19,33,36,7
37,16,27,23,1022,0,0,728,61,1916,33,1,7,16,25,off,0,22,12,7,14,9,19,17,18,21,23,8,0
37,16,27,24,1023,0,0,730,61,1954,34,1,32,4,13,off,0,13,8,16,24,18,29,35,35,31,33,18,21
37,16,27,25,1024,0,0,732,62,1992,35,1,22,31,3,off,0,20,28,15,11,23,31,12,12,11,35,14,11
37,16,27,26,1025,0,0,734,61,2030,36,1,14,23,32,off,0,18,10,15,13,36,8,5,16,2,15,28,30
37,16,27,27,1026,0,0,736,62,2068,37,1,8,17,26,off,0,15,23,24,29,7,26,2,36,34,27,30,36
37,16,27,32,1031,0,0,746,62,1466,20,1,8,17,26,off,0,5,3,21,14,25,24,11,36,34,6,3,16
37,16,27,33,1032,0,0,748,63,1504,21,1,14,23,32,off,0,27,35,28,12,13,24,15,22,3,31,18,24
37,16,27,34,1033,0,0,750,63,1542,22,1,22,31,3,off,0,36,10,2,35,21,30,0,36,19,36,27,15
37,16,27,35,1034,0,0,752,63,1580,23,1,32,4,13,off,0,8,17,11,22,9,31,32,35,36,34,14,24
37,16,27,36,1035,0,0,754,63,1618,24,1,7,16,25,off,1,0,4,31,32,9,27,9,1,18,28,7,0
37,16,28,23,1059,0,0,802,67,1954,32,1,25,33,4,off,0,26,4,1,5,27,17,23,7,14,26,33,32
37,16,28,24,1060,0,0,804,68,1992,33,1,13,21,29,off,0,11,30,13,28,19,1,35,32,7,29,34,33
37,16,28,25,1061,0,0,806,67,2030,34,1,3,11,19,off,1,0,24,19,11,5,36,0,21,25,35,22,24
37,16,28,26,1062,0,0,808,68,2068,35,1,32,3,11,off,0,21,20,5,6,3,9,26,25,16,0,19,10
37,16,28,27,1063,0,0,810,68,2106,36,1,26,34,5,off,0,13,11,9,21,30,2,22,18,13,25,29,31
37,16,28,28,1064,0,0,812,68,2144,37,1,22,30,1,off,0,27,22,6,13,11,4,24,17,24,21,8,21
37,16,28,31,1067,0,0,818,68,1466,18,1,22,30,1,off,0,10,10,27,14,32,7,0,16,0,31,11,27
37,16,28,32,1068,0,0,820,69,1504,19,1,26,34,5,off,0,33,13,32,29,31,26,7,29,34,10,11,33
37,16,28,33,1069,0,0,822,69,1542,20,1,32,3,11,off,0,35,8,2,1,27,30,30,21,2,35,23,5
37,16,28,34,1070,0,0,824,69,1580,21,1,3,11,19,off,0,18,18,10,16,30,1,4,32,30,0,11,29
37,16,28,35,1071,0,0,826,69,1618,22,1,13,21,29,off,0,31,0,22,3,29,1,35,32,4,8,8,3
37,16,28,36,1072,0,0,828,70,1656,23,1,25,33,4,off,0,5,30,16,2,29,3,6,27,4,27,30,9
37,16,29,23,1096,0,0,876,74,1992,31,1,4,11,18,off,0,13,14,2,34,22,5,8,13,35,24,12,31
37,16,29,24,1097,0,0,878,73,2030,32,1,29,36,6,off,0,10,22,19,3,3,8,11,1,20,12,12,14
37,16,29,25,1098,0,0,880,74,2068,33,1,19,26,33,off,0,7,17,11,15,1,18,23,12,17,9,18,14
37,16,29,26,1099,0,0,882,74,2106,34,1,11,18,25,off,0,5,17,18,5,29,32,11,3,2,27,24,34
37,16,29,27,1100,0,0,884,74,2144,35,1,5,12,19,off,0,28,15,2,13,36,11,25,35,13,4,14,13
37,16,29,28,1101,0,0,886,74,2182,36,2,1,8,15,off,0,6,30,9,30,28,14,17,17,14,0,31,26
37,16,29,29,1102,0,0,888,75,2220,37,2,36,6,13,off,0,29,19,2,3,9,3,21,29,24,23,23,18
37,16,29,30,1103,0,0,890,74,1466,16,2,36,6,13,off,1,0,29,1,6,12,8,18,36,10,31,8,31
37,16,29,31,1104,0,0,892,75,1504,17,2,1,8,15,off,0,12,9,5,10,13,3,4,18,27,11,29,5
37,16,29,32,1105,0,0,894,75,1542,18,1,5,12,19,off,1,0,4,2,11,25,21,29,33,8,28,1,10
37,16,29,33,1106,0,0,896,75,1580,19,1,11,18,25,off,0,19,14,2,34,24,13,19,9,36,22,34,20
37,16,29,34,1107,0,0,898,75,1618,20,1,19,26,33,off,0,22,6,32,8,10,31,1,6,18,28,23,15
37,16,29,35,1108,0,0,900,76,1656,21,1,29,36,6,off,0,12,15,32,19,18,3,6,1,22,15,31,0
37,16,29,36,1109,0,0,902,75,1694,22,1,4,11,18,off,0,23,25,17,15,35,18,29,4,15,8,2,29
37,16,30,23,1133,0,0,950,79,2030,30,1,18,24,30,off,0,12,1,16,7,21,34,8,19,5,33,0,8
37,16,30,24,1134,0,0,952,80,2068,31,1,6,12,18,off,0,9,19,8,19,21,22,28,0,17,25,30,17
37,16,30,25,1135,0,0,954,80,2106,32,1,33,2,8,off,0,26,31,21,25,27,2,9,2,26,31,11,18
37,16,30,26,1136,0,0,956,80,2144,33,1,25,31,0,q1,0,12,10,8,11,15,23,17,8,10,23,21,16
37,16,30,27,1137,0,0,958,80,2182,34,2,19,25,31,off,0,23,29,9,3,3,17,17,23,7,10,4,24
37,16,30,28,1138,0,0,960,81,2220,35,2,15,21,27,off,0,4,12,7,34,36,2,17,24,30,36,9,23
37,16,30,29,1139,0,0,962,80,1466,14,2,13,19,25,off,0,24,10,17,36,6,2,25,9,12,0,3,2
37,16,30,30,1140,0,0,964,81,1504,15,2,13,19,25,off,0,10,18,32,0,34,30,15,12,16,5,31,33
37,16,30,31,1141,0,0,966,81,1542,16,2,15,21,27,off,0,3,2,34,34,1,15,16,33,18,11,2,11
37,16,30,32,1142,0,0,968,81,1580,17,2,19,25,31,off,0,17,8,10,24,28,23,1,15,29,7,25,16
37,16,30,33,1143,0,0,970,81,1042,2,1,25,31,0,q1,0,11,11,7,17,14,25,17,19,18,2,14,10
37,16,30,34,1144,0,0,972,82,1656,19,1,33,2,8,off,0,1,10,11,0,36,30,35,15,27,20,21,25
37,16,30,35,1145,0,0,974,81,1694,20,1,6,12,18,off,0,7,1,25,26,7,8,12,18,4,24,26,25
37,16,30,36,1146,0,0,976,82,1732,21,1,18,24,30,off,0,35,15,33,17,26,19,3,0,26,29,21,20
37,16,31,23,1170,0,0,1024,86,2068,29,1,30,35,3,off,0,21,1,36,9,12,18,30,9,29,5,6,16
37,16,31,24,1171,0,0,1026,86,2106,30,1,18,23,28,off,1,0,28,23,30,13,36,19,9,19,31,15,20
37,16,31,25,1172,0,0,1028,86,2144,31,1,8,13,18,off,0,1,12,6,4,29,36,23,27,17,7,23,22
37,16,31,26,1173,0,0,1030,86,2182,32,2,0,5,10,q0,0,7,25,12,17,3,23,12,1,23,5,10,20
37,16,31,27,1174,0,0,1032,87,2220,33,2,31,36,4,off,1,0,18,3,25,9,0,8,16,4,17,17,9
37,16,31,28,1175,-1,1,1034,86,-1,-1,2,27,32,0,q1,-1,0,0,0,0,0,0,0,0,0,0,0,0
37,16,31,29,1176,0,0,1036,87,1504,13,2,25,30,35,off,0,36,9,0,13,29,30,33,24,18,5,15,25
37,16,31,30,1177,0,0,1038,87,1542,14,2,25,30,35,off,0,24,15,0,23,12,22,35,36,8,36,12,8
37,16,31,31,1178,-1,1,1040,87,-1,-1,2,27,32,0,q1,-1,0,0,0,0,0,0,0,0,0,0,0,0
37,16,31,32,1179,0,0,1042,87,1618,16,2,31,36,4,off,1,0,4,35,11,23,0,28,29,16,36,25,18
37,16,31,33,1180,0,0,1044,88,1656,17,2,0,5,10,q0,0,10,27,17,32,21,31,27,28,31,22,0,27
37,16,31,34,1181,0,0,1046,87,1694,18,1,8,13,18,off,0,12,20,29,5,0,31,19,17,23,34,12,14
37,16,31,35,1182,0,0,1048,88,1732,19,1,18,23,28,off,0,18,18,28,29,19,25,0,29,36,4,15,21
37,16,31,36,1183,0,0,1050,88,1770,20,1,30,35,3,off,0,10,1,28,18,25,3,5,34,7,31,11,11
37,16,32,23,1207,0,0,1098,92,2106,28,1,3,7,11,off,0,6,20,24,4,9,11,17,0,4,10,3,21
37,16,32,24,1208,0,0,1100,92,2144,29,1,28,32,36,off,0,10,4,2,3,9,33,1,24,24,4,6,30
37,16,32,25,1209,0,0,1102,92,2182,30,2,18,22,26,off,0,23,28,26,12,3,29,1,4,22,7,22,10
37,16,32,26,1210,0,0,1104,93,2220,31,2,10,14,18,off,0,35,5,10,23,23,32,0,21,11,30,15,29
37,16,32,27,1211,0,0,1106,92,1466,10,2,4,8,12,off,0,22,15,11,0,15,5,9,14,36,32,26,24
37,16,32,28,1212,0,0,1108,93,1504,11,2,0,4,8,q0,0,8,23,18,29,35,25,13,6,30,13,23,31
37,16,32,29,1213,0,0,1110,93,1542,12,2,35,2,6,off,0,32,14,24,13,11,5,22,23,14,18,30,9
37,16,32,30,1214,0,0,1112,93,1580,13,2,35,2,6,off,0,16,21,23,27,31,9,32,6,8,23,19,11
37,16,32,31,1215,0,0,1114,93,1618,14,2,0,4,8,q0,0,1,36,13,27,12,20,32,6,7,32,27,23
37,16,32,32,1216,0,0,1116,94,1656,15,2,4,8,12,off,0,24,10,19,34,24,28,8,27,31,35,23,34
37,16,32,33,1217,0,0,1118,93,1694,16,2,10,14,18,off,0,26,36,28,9,26,12,0,28,1,1,9,13
37,16,32,34,1218,0,0,1120,94,1732,17,2,18,22,26,off,0,30,22,8,14,33,0,2,35,3,9,22,14
37,16,32,35,1219,0,0,1122,94,1770,18,1,28,32,36,off,0,31,13,17,32,30,21,12,15,6,8,23,16
37,16,32,36,1220,0,0,1124,94,1808,19,1,3,7,11,off,0,23,9,17,29,16,24,33,21,21,4,15,29
37,16,33,23,1244,0,0,1172,98,2144,27,1,11,14,17,off,0,32,13,16,2,8,35,27,35,6,25,2,32
37,16,33,24,1245,0,0,1174,98,2182,28,2,36,2,5,off,0,21,4,23,35,7,24,4,12,10,15,27,4
37,16,33,25,1246,0,0,1176,99,2220,29,2,26,29,32,off,1,0,22,1,36,29,25,9,3,28,16,16,20
37,16,33,26,1247,0,0,1178,98,1466,8,2,18,21,24,off,0,26,17,2,34,5,3,34,15,6,0,9,21
37,16,33,27,1248,0,0,1180,99,1504,9,2,12,15,18,off,0,23,13,30,32,1,34,22,21,16,21,7,36
37,16,33,28,1249,0,0,1182,99,1542,10,2,8,11,14,off,1,0,33,1,22,27,10,3,4,23,10,20,29
37,16,33,29,1250,0,0,1184,99,1580,11,2,6,9,12,off,0,21,2,11,3,28,33,36,9,4,23,31,29
37,16,33,30,1251,0,0,1186,99,1618,12,2,6,9,12,off,0,7,15,1,10,35,28,6,29,21,5,12,8
37,16,33,31,1252,0,0,1188,100,1656,13,2,8,11,14,off,0,33,36,20,14,11,18,18,8,26,25,8,0
37,16,33,32,1253,0,0,1190,99,1694,14,2,12,15,18,off,0,24,19,34,22,14,27,16,13,7,3,35,1
37,16,33,33,1254,0,0,1192,100,1732,15,2,18,21,24,off,1,0,28,33,17,6,34,2,3,0,7,28,33
37,16,33,34,1255,0,0,1194,100,1770,16,2,26,29,32,off,0,22,36,1,11,12,20,19,28,16,22,17,0
37,16,33,35,1256,0,0,1196,100,1808,17,2,36,2,5,off,0,29,9,29,31,32,18,29,25,3,29,19,22
37,16,33,36,1257,0,0,1198,100,1846,18,1,11,14,17,off,0,27,10,14,6,11,31,6,15,22,34,24,10
37,16,34,23,1281,0,0,1246,104,2182,26,2,17,19,21,off,0,10,20,19,4,19,20,6,29,4,3,33,14
37,16,34,24,1282,0,0,1248,105,2220,27,2,5,7,9,off,0,20,35,3,12,29,6,11,26,5,36,35,20
37,16,34,25,1283,0,0,1250,104,1466,6,2,32,34,36,off,0,33,34,1,21,14,22,6,34,0,15,16,21
37,16,34,26,1284,0,0,1252,105,1504,7,2,24,26,28,off,0,28,13,11,27,19,32,3,6,36,13,3,33
37,16,34,27,1285,0,0,1254,105,1542,8,2,18,20,22,off,0,20,4,26,16,16,13,15,31,0,2,11,8
37,16,34,28,1286,0,0,1256,105,1580,9,2,14,16,18,off,0,4,21,30,30,22,36,11,24,17,6,16,22
37,16,34,29,1287,0,0,1258,105,1618,10,2,12,14,16,off,0,23,36,20,7,4,16,23,29,22,14,8,23
37,16,34,30,1288,0,0,1260,106,1656,11,2,12,14,16,off,0,8,11,10,5,24,26,23,28,5,3,16,26
37,16,34,31,1289,0,0,1262,105,1694,12,2,14,16,18,off,0,24,2,4,4,9,1,0,24,25,14,25,12
37,16,34,32,1290,0,0,1264,106,1732,13,2,18,20,22,off,0,21,30,22,1,15,25,18,18,5,34,29,10
37,16,34,33,1291,0,0,1266,106,1770,14,2,24,26,28,off,0,10,20,2,0,29,15,23,32,15,14,3,25
37,16,34,34,1292,0,0,1268,106,1808,15,2,32,34,36,off,0,19,2,32,4,0,13,22,24,32,1,16,7
37,16,34,35,1293,0,0,1270,106,1846,16,2,5,7,9,off,0,11,32,27,11,29,12,0,36,9,25,1,11
37,16,34,36,1294,0,0,1272,107,1884,17,2,17,19,21,off,0,35,14,14,28,21,2,13,24,5,10,31,17
37,16,35,23,1318,0,0,1320,111,2220,25,-1,21,22,23,off,0,32,14,17,8,8,15,7,22,13,33,28,15
37,16,35,24,1319,0,0,1322,110,1466,4,-1,9,10,11,off,0,18,31,1,26,11,24,28,34,28,27,33,11
37,16,35,25,1320,0,0,1324,111,1504,5,-1,36,0,1,qm,0,32,16,31,6,17,27,5,0,27,27,34,10
37,16,35,26,1321,0,0,1326,111,1542,6,-1,28,29,30,off,0,24,0,21,33,22,10,13,18,0,31,16,6
37,16,35,27,1322,0,0,1328,111,1580,7,-1,22,23,24,off,0,28,30,5,14,1,21,16,15,26,19,32,9
37,16,35,28,1323,0,0,1330,111,1618,8,-1,18,19,20,off,0,24,28,31,11,0,34,7,32,22,21,29,29
37,16,35,29,1324,0,0,1332,112,1656,9,-1,16,17,18,off,0,36,13,8,9,23,32,30,13,10,11,6,36
37,16,35,30,1325,0,0,1334,111,1694,10,-1,16,17,18,off,1,0,36,26,24,36,4,7,25,30,16,36,29
37,16,35,31,1326,0,0,1336,112,1732,11,-1,18,19,20,off,0,28,26,1,0,32,32,24,16,28,29,8,9
37,16,35,32,1327,0,0,1338,112,1770,12,-1,22,23,24,off,0,30,12,35,25,24,22,24,6,17,18,21,23
37,16,35,33,1328,0,0,1340,112,1808,13,-1,28,29,30,off,1,0,24,21,31,32,33,20,0,15,12,29,10
37,16,35,34,1329,0,0,1342,112,1846,14,-1,36,0,1,qm,0,16,36,31,20,14,30,0,14,27,34,27,20
37,16,35,35,1330,0,0,1344,113,1884,15,-1,9,10,11,off,0,12,6,19,24,7,26,26,29,7,26,23,35
37,16,35,36,1331,0,0,1346,112,1922,16,-1,21,22,23,off,0,14,33,18,24,10,5,23,30,26,21,17,32
41,12,31,31,1302,0,0,976,82,2616,41,1,23,32,0,q1,0,19,36,16,3,31,12,12,16,3,33,15,24
41,12,31,40,1311,0,0,994,83,1314,8,1,23,32,0,q1,0,9,39,33,25,24,16,11,14,23,26,31,17
41,12,32,31,1343,0,0,1058,88,2658,40,1,0,8,16,q0,0,22,4,9,1,26,2,33,9,24,12,6,32
41,12,32,32,1344,0,0,1060,89,1500,11,1,33,0,8,qm,0,8,33,1,19,20,37,9,0,34,27,31,24
41,12,32,39,1351,0,0,1074,90,1794,18,1,33,0,8,qm,0,28,28,19,23,25,37,35,9,15,28,9,25
41,12,32,40,1352,0,0,1076,90,1836,19,1,0,8,16,q0,0,33,15,32,13,38,29,15,2,8,12,5,33
41,12,33,31,1384,0,0,1140,96,2700,39,1,16,23,30,off,0,39,31,3,0,7,22,14,34,6,13,40,1
41,12,33,32,1385,0,0,1142,95,2742,40,1,8,15,22,off,1,0,22,4,20,26,39,30,39,35,29,18,38
41,12,33,33,1386,0,0,1144,96,2784,41,1,2,9,16,off,0,1,12,9,39,14,13,0,31,10,29,2,8
41,12,33,38,1391,0,0,1154,96,1794,16,1,2,9,16,off,0,3,32,35,17,1,34,2,29,29,8,27,14
41,12,33,39,1392,0,0,1156,97,1836,17,1,8,15,22,off,0,3,9,39,29,18,1,17,24,5,19,37,27
41,12,33,40,1393,0,0,1158,97,1878,18,1,16,23,30,off,0,25,30,4,14,34,18,38,1,0,18,1,39
41,12,34,31,1425,0,0,1222,102,2742,38,1,30,36,1,off,0,37,28,6,37,29,21,11,32,35,14,6,19
41,12,34,32,1426,0,0,1224,103,2784,39,1,22,28,34,off,0,7,11,27,16,2,39,2,13,14,14,2,13
41,12,34,33,1427,0,0,1226,102,2826,40,1,16,22,28,off,0,10,23,11,30,27,21,27,34,20,21,22,37
41,12,34,34,1428,0,0,1228,103,2868,41,1,12,18,24,off,0,1,27,28,36,18,2,30,12,35,27,6,5
41,12,34,37,1431,0,0,1234,103,1794,14,1,12,18,24,off,0,21,22,34,39,37,32,27,4,19,5,13,23
41,12,34,38,1432,0,0,1236,104,1836,15,1,16,22,28,off,0,29,33,30,9,19,20,5,23,9,18,2,34
41,12,34,39,1433,0,0,1238,103,1878,16,1,22,28,34,off,0,5,4,24,32,6,28,19,17,23,14,27,35
41,12,34,40,1434,0,0,1240,104,1920,17,1,30,36,1,off,0,11,17,2,24,40,32,10,2,6,11,9,20
41,12,35,31,1466,0,0,1304,109,2784,37,1,1,6,11,off,0,8,27,24,33,0,27,3,12,10,14,36,29
41,12,35,32,1467,0,0,1306,109,2826,38,1,34,39,3,off,0,12,27,36,25,10,39,35,27,13,40,25,36
41,12,35,33,1468,0,0,1308,110,2868,39,1,28,33,38,off,0,15,9,22,20,2,16,23,29,5,34,7,32
41,12,35,34,1469,0,0,1310,109,2910,40,2,24,29,34,off,0,2,3,32,23,17,23,12,35,36,15,31,5
41,12,35,35,1470,0,0,1312,110,2952,41,2,22,27,32,off,0,13,24,11,1,28,30,38,22,39,16,37,4
41,12,35,36,1471,0,0,1314,110,1794,12,2,22,27,32,off,0,36,40,2,31,35,6,21,32,10,18,12,33
41,12,35,37,1472,0,0,1316,110,1836,13,2,24,29,34,off,0,10,14,18,6,22,11,7,20,12,1,30,16
41,12,35,38,1473,0,0,1318,110,1878,14,1,28,33,38,off,0,28,36,17,30,24,38,17,5,0,37,28,15
41,12,35,39,1474,0,0,1320,111,1920,15,1,34,39,3,off,0,8,16,17,21,1,7,23,13,10,11,27,1
41,12,35,40,1475,0,0,1322,110,1962,16,1,1,6,11,off,0,16,6,18,23,38,30,0,16,3,11,1,12
41,12,36,31,1507,0,0,1386,116,2826,36,1,11,15,19,off,0,24,36,10,24,35,21,24,13,38,23,20,38
41,12,36,32,1508,0,0,1388,116,2868,37,1,3,7,11,off,0,10,37,19,22,30,29,18,3,9,10,2,36
41,12,36,33,1509,0,0,1390,116,2910,38,2,38,1,5,off,0,40,2,2,1,17,40,19,17,21,8,15,5
41,12,36,34,1510,0,0,1392,117,2952,39,2,34,38,1,off,0,13,2,25,5,16,25,33,7,9,37,28,16
41,12,36,35,1511,0,0,1394,116,1794,10,2,32,36,40,off,0,8,22,38,34,25,10,29,15,2,27,9,26
41,12,36,36,1512,0,0,1396,117,1836,11,2,32,36,40,off,0,2,39,4,4,38,11,29,7,29,6,15,0
41,12,36,37,1513,0,0,1398,117,1878,12,2,34,38,1,off,0,21,37,40,29,36,16,0,7,31,15,29,32
41,12,36,38,1514,0,0,1400,117,1920,13,2,38,1,5,off,0,14,10,23,30,2,27,29,6,4,21,33,31
41,12,36,39,1515,0,0,1402,117,1962,14,1,3,7,11,off,0,29,15,33,4,40,24,22,10,39,8,2,13
41,12,36,40,1516,0,0,1404,118,2004,15,1,11,15,19,off,0,7,36,38,10,35,40,38,16,12,37,20,33
41,12,37,31,1548,0,0,1468,123,2868,35,1,19,22,25,off,0,37,28,0,12,5,19,23,38,10,6,32,30
41,12,37,32,1549,0,0,1470,123,2910,36,2,11,14,17,off,0,26,34,12,8,14,33,20,34,29,15,18,9
41,12,37,33,1550,0,0,1472,123,2952,37,2,5,8,11,off,1,0,24,13,35,10,2,31,20,12,2,34,7
41,12,37,34,1551,0,0,1474,123,1794,8,2,1,4,7,off,0,3,11,7,32,0,35,18,9,32,15,14,12
41,12,37,35,1552,0,0,1476,124,1836,9,2,40,2,5,off,0,30,21,22,19,3,15,24,23,4,32,5,32
41,12,37,36,1553,0,0,1478,123,1878,10,2,40,2,5,off,1,0,30,1,25,35,15,8,4,20,36,33,14
41,12,37,37,1554,0,0,1480,124,1920,11,2,1,4,7,off,0,11,15,3,0,29,34,12,25,29,19,23,20
41,12,37,38,1555,0,0,1482,124,1962,12,2,5,8,11,off,0,24,6,18,31,18,17,22,26,18,34,21,8
41,12,37,39,1556,0,0,1484,124,2004,13,2,11,14,17,off,0,9,3,21,22,27,17,32,21,17,24,11,39
41,12,37,40,1557,0,0,1486,124,2046,14,1,19,22,25,off,0,18,11,2,27,27,8,31,11,3,31,7,21
41,12,38,31,1589,0,0,1550,129,2910,34,2,25,27,29,off,0,13,18,37,0,20,7,7,10,5,15,20,31
41,12,38,32,1590,0,0,1552,130,2952,35,2,17,19,21,off,0,21,3,39,30,31,3,11,39,29,20,22,21
41,12,38,33,1591,0,0,1554,130,1794,6,2,11,13,15,off,0,33,36,10,1,0,33,3,39,14,7,16,40
41,12,38,34,1592,0,0,1556,130,1836,7,2,7,9,11,off,0,7,6,7,40,34,23,7,22,5,36,33,26
41,12,38,35,1593,0,0,1558,130,1878,8,2,5,7,9,off,0,7,9,5,14,40,1,19,3,13,34,14,35
41,12,38,36,1594,0,0,1560,131,1920,9,2,5,7,9,off,0,22,29,35,29,3,40,19,0,11,3,20,12
41,12,38,37,1595,0,0,1562,130,1962,10,2,7,9,11,off,0,23,38,19,25,31,15,4,16,24,20,15,14
41,12,38,38,1596,0,0,1564,131,2004,11,2,11,13,15,off,0,31,24,11,11,30,40,34,20,7,36,22,1
41,12,38,39,1597,0,0,1566,131,2046,12,2,17,19,21,off,0,19,7,5,25,11,13,10,0,36,1,39,15
41,12,38,40,1598,0,0,1568,131,2088,13,2,25,27,29,off,0,33,25,25,8,14,13,2,22,14,9,9,19
41,12,39,31,1630,0,0,1632,137,2952,33,-1,29,30,31,off,0,31,12,24,10,30,4,25,18,15,17,15,7
41,12,39,32,1631,0,0,1634,136,1794,4,-1,21,22,23,off,0,13,7,20,24,15,4,3,37,38,27,35,23
41,12,39,33,1632,0,0,1636,137,1836,5,-1,15,16,17,off,0,21,29,1,4,13,30,24,2,18,33,31,32
41,12,39,34,1633,0,0,1638,137,1878,6,-1,11,12,13,off,0,36,38,18,22,39,0,40,24,37,15,20,20
41,12,39,35,1634,0,0,1640,137,1920,7,-1,9,10,11,off,0,19,37,8,6,38,0,13,11,1,13,14,28
41,12,39,36,1635,0,0,1642,137,1962,8,-1,9,10,11,off,0,20,22,5,20,28,0,14,26,22,12,8,3
41,12,39,37,1636,0,0,1644,138,2004,9,-1,11,12,13,off,0,40,38,10,5,24,16,3,37,36,30,39,15
41,12,39,38,1637,0,0,1646,137,2046,10,-1,15,16,17,off,0,34,37,1,26,13,31,30,18,6,8,24,9
41,12,39,39,1638,0,0,1648,138,2088,11,-1,21,22,23,off,0,27,4,3,7,25,28,39,16,1,28,26,8
41,12,39,40,1639,0,0,1650,138,2130,12,-1,29,30,31,off,0,30,18,14,39,18,29,5,20,13,15,38,31
41,16,27,27,1134,0,0,644,54,2284,41,1,9,22,35,off,0,18,26,31,14,17,18,17,25,35,36,30,23
41,16,27,40,1147,0,0,670,56,1790,28,1,9,22,35,off,0,32,13,13,24,20,4,16,21,13,34,10,37
41,16,28,27,1175,0,0,726,61,2326,40,1,35,6,18,off,0,22,30,39,7,0,35,15,29,36,27,22,16
41,16,28,28,1176,0,0,728,61,2368,41,1,23,35,6,off,0,7,27,14,40,7,0,36,1,25,0,3,13
41,16,28,39,1187,0,0,750,63,1790,26,1,23,35,6,off,0,3,3,8,11,10,8,17,5,31,34,19,34
41,16,28,40,1188,0,0,752,63,1832,27,1,35,6,18,off,0,7,15,1,13,36,3,5,3,36,15,12,13
41,16,29,27,1216,0,0,808,68,2368,39,1,18,29,40,off,0,25,11,10,36,38,21,40,38,26,24,25,20
41,16,29,28,1217,0,0,810,68,2410,40,1,6,17,28,off,0,21,14,1,11,15,17,33,32,28,29,1,18
41,16,29,29,1218,0,0,812,68,2452,41,1,37,7,18,off,0,9,22,36,28,40,16,18,31,26,20,34,9
41,16,29,38,1227,0,0,830,69,1790,24,1,37,7,18,off,0,3,33,19,10,19,0,11,32,17,24,11,2
41,16,29,39,1228,0,0,832,70,1832,25,1,6,17,28,off,0,30,38,32,23,8,12,2,32,23,11,36,32
41,16,29,40,1229,0,0,834,70,1874,26,1,18,29,40,off,0,19,37,39,17,22,24,4,28,2,10,9,31
41,16,30,27,1257,0,0,890,74,2410,38,1,40,9,19,off,0,17,5,20,11,30,12,24,2,8,19,39,13
41,16,30,28,1258,0,0,892,75,2452,39,1,28,38,7,off,0,9,27,25,30,23,12,29,30,7,4,7,36
41,16,30,29,1259,0,0,894,75,2494,40,1,18,28,38,off,0,7,31,0,23,21,34,32,3,22,12,0,4
41,16,30,30,1260,0,0,896,75,2536,41,1,10,20,30,off,0,26,36,25,24,32,3,4,28,39,26,9,25
41,16,30,37,1267,0,0,910,76,1790,22,1,10,20,30,off,0,10,9,4,7,17,29,21,40,0,18,13,6
41,16,30,38,1268,0,0,912,77,1832,23,1,18,28,38,off,0,17,9,2,8,0,6,32,20,15,9,7,39
41,16,30,39,1269,0,0,914,76,1874,24,1,28,38,7,off,0,19,13,2,8,7,10,10,2,3,32,33,2
41,16,30,40,1270,0,0,916,77,1916,25,1,40,9,19,off,0,32,12,18,15,38,22,21,4,36,25,32,11
41,16,31,27,1298,0,0,972,82,2452,37,1,19,28,37,off,0,2,18,14,22,15,18,39,20,40,12,6,9
41,16,31,28,1299,0,0,974,81,2494,38,1,7,16,25,off,0,22,16,30,5,25,34,19,28,18,3,40,31
41,16,31,29,1300,0,0,976,82,2536,39,1,38,6,15,off,0,31,34,4,15,1,19,36,2,21,6,17,3
41,16,31,30,1301,0,0,978,82,2578,40,1,30,39,7,off,0,20,8,8,19,4,35,29,40,24,36,24,5
41,16,31,31,1302,0,0,980,82,2620,41,1,24,33,1,off,0,1,6,28,10,8,29,27,4,24,7,29,38
41,16,31,36,1307,0,0,990,83,1790,20,1,24,33,1,off,0,11,1,25,26,15,36,6,18,12,16,16,9
41,16,31,37,1308,0,0,992,83,1832,21,1,30,39,7,off,0,40,27,5,14,11,8,1,33,26,23,11,25
41,16,31,38,1309,0,0,994,83,1874,22,1,38,6,15,off,0,14,8,22,39,30,21,39,25,2,27,31,32
41,16,31,39,1310,0,0,996,84,1916,23,1,7,16,25,off,0,32,11,4,9,31,19,7,37,26,30,17,24
41,16,31,40,1311,0,0,998,83,1958,24,1,19,28,37,off,0,9,27,38,29,40,39,21,5,4,28,30,7
41,16,32,27,1339,0,0,1054,88,2494,36,1,37,4,12,off,0,33,31,35,14,20,22,21,34,11,24,36,38
41,16,32,28,1340,0,0,1056,89,2536,37,1,25,33,0,q1,0,32,17,34,5,23,33,18,13,3,35,16,8
41,16,32,29,1341,0,0,1058,88,2578,38,1,15,23,31,off,0,18,32,30,5,33,25,33,2,22,32,10,1
41,16,32,30,1342,0,0,1060,89,2620,39,1,7,15,23,off,0,39,17,20,35,32,2,2,15,30,8,11,11
41,16,32,31,1343,0,0,1062,89,2662,40,1,1,9,17,off,0,3,17,0,2,22,14,14,32,23,34,19,21
41,16,32,32,1344,0,0,1064,89,2704,41,1,38,5,13,off,0,17,25,39,20,25,40,36,12,36,23,32,34
41,16,32,35,1347,0,0,1070,89,1790,18,1,38,5,13,off,0,7,25,6,6,8,30,10,9,9,34,36,9
41,16,32,36,1348,0,0,1072,90,1832,19,1,1,9,17,off,0,22,6,7,9,24,9,28,15,18,13,24,2
41,16,32,37,1349,0,0,1074,90,1874,20,1,7,15,23,off,0,17,10,17,25,7,23,36,14,36,24,38,10
41,16,32,38,1350,0,0,1076,90,1916,21,1,15,23,31,off,0,13,16,31,18,10,27,13,10,33,17,14,39
41,16,32,39,1351,0,0,1078,90,1318,6,1,25,33,0,q1,0,15,15,5,37,26,26,32,22,2,28,12,14
41,16,32,40,1352,0,0,1080,91,2000,23,1,37,4,12,off,0,3,6,15,0,27,36,25,15,38,10,20,12
41,16,33,27,1380,0,0,1136,95,2536,35,1,12,19,26,off,0,39,30,26,26,20,18,26,4,23,11,20,14
41,16,33,28,1381,0,0,1138,95,2578,36,1,0,7,14,q0,0,26,30,34,20,15,23,38,1,28,22,13,7
41,16,33,29,1382,0,0,1140,96,2620,37,1,31,38,4,off,0,19,25,28,25,7,40,39,9,5,33,37,19
41,16,33,30,1383,0,0,1142,95,2662,38,1,23,30,37,off,0,32,16,34,35,31,13,4,12,36,4,28,29
41,16,33,31,1384,0,0,1144,96,2704,39,1,17,24,31,off,0,17,7,14,23,7,13,39,14,6,34,14,2
41,16,33,32,1385,0,0,1146,96,2746,40,2,13,20,27,off,0,9,31,38,21,29,40,6,19,12,25,0,25
41,16,33,33,1386,0,0,1148,96,2788,41,2,11,18,25,off,0,39,15,20,1,20,18,27,18,32,40,40,35
41,16,33,34,1387,0,0,1150,96,1790,16,2,11,18,25,off,0,13,20,33,17,32,14,7,9,7,18,17,14
41,16,33,35,1388,0,0,1152,97,1832,17,2,13,20,27,off,0,34,32,19,29,2,29,35,31,11,4,36,31
41,16,33,36,1389,0,0,1154,96,1874,18,1,17,24,31,off,0,29,4,12,10,16,2,22,18,7,28,18,9
41,16,33,37,1390,0,0,1156,97,1916,19,1,23,30,37,off,0,1,28,2,16,10,15,7,7,39,1,27,31
41,16,33,38,1391,0,0,1158,97,1958,20,1,31,38,4,off,0,5,19,2,40,35,0,14,38,27,26,33,9
41,16,33,39,1392,0,0,1160,97,2000,21,1,0,7,14,q0,0,36,10,21,29,1,15,33,36,10,0,9,0
41,16,33,40,1393,0,0,1162,97,2042,22,1,12,19,26,off,0,14,37,0,35,6,21,2,1,38,33,37,13
41,16,34,27,1421,0,0,1218,102,2578,34,1,26,32,38,off,0,1,4,27,40,12,6,35,3,39,24,10,15
41,16,34,28,1422,0,0,1220,102,2620,35,1,14,20,26,off,0,27,36,20,28,32,4,38,6,39,40,34,30
41,16,34,29,1423,0,0,1222,102,2662,36,1,4,10,16,off,0,23,34,39,30,12,21,7,5,6,17,16,2
41,16,34,30,1424,0,0,1224,103,2704,37,1,37,2,8,off,0,26,29,31,30,28,33,21,22,22,25,15,28
41,16,34,31,1425,0,0,1226,102,2746,38,2,31,37,2,off,0,35,40,24,36,28,18,8,28,22,13,21,15
41,16,34,32,1426,0,0,1228,103,2788,39,2,27,33,39,off,0,12,13,2,10,7,16,25,8,19,27,35,26
41,16,34,33,1427,0,0,1230,103,1790,14,2,25,31,37,off,0,12,30,6,38,15,10,7,18,8,0,24,9
41,16,34,34,1428,0,0,1232,103,1832,15,2,25,31,37,off,0,6,4,15,10,6,14,25,12,27,0,6,1
41,16,34,35,1429,0,0,1234,103,1874,16,2,27,33,39,off,0,22,8,21,29,28,38,34,13,9,20,14,29
41,16,34,36,1430,0,0,1236,104,1916,17,2,31,37,2,off,0,24,23,0,35,13,1,35,23,4,23,23,20
41,16,34,37,1431,0,0,1238,103,1958,18,1,37,2,8,off,0,19,23,31,22,37,25,36,35,18,30,38,33
41,16,34,38,1432,0,0,1240,104,2000,19,1,4,10,16,off,0,21,33,35,14,22,9,13,21,31,25,11,4
41,16,34,39,1433,0,0,1242,104,2042,20,1,14,20,26,off,0,35,15,10,36,5,0,13,4,2,12,27,13
41,16,34,40,1434,0,0,1244,104,2084,21,1,26,32,38,off,0,13,24,16,14,30,19,38,4,13,21,17,39
41,16,35,27,1462,0,0,1300,109,2620,33,1,38,2,7,off,0,14,4,15,10,32,33,39,25,18,31,1,12
41,16,35,28,1463,0,0,1302,109,2662,34,1,26,31,36,off,0,3,5,13,7,5,34,38,18,36,30,11,32
41,16,35,29,1464,0,0,1304,109,2704,35,1,16,21,26,off,0,7,14,10,19,35,0,39,16,28,22,37,11
41,16,35,30,1465,0,0,1306,109,2746,36,2,8,13,18,off,0,12,14,28,13,24,36,20,13,3,18,3,17
41,16,35,31,1466,0,0,1308,110,2788,37,2,2,7,12,off,0,21,9,36,30,13,40,21,22,38,32,14,24
41,16,35,32,1467,0,0,1310,109,1790,12,2,39,3,8,off,0,40,12,31,2,13,18,29,33,39,33,13,24
41,16,35,33,1468,0,0,1312,110,1832,13,2,37,1,6,off,0,27,36,8,27,15,20,36,36,16,3,16,27
41,16,35,34,1469,0,0,1314,110,1874,14,2,37,1,6,off,0,18,19,35,17,29,4,35,30,2,29,34,28
41,16,35,35,1470,0,0,1316,110,1916,15,2,39,3,8,off,0,28,16,7,3,23,12,14,14,10,33,29,27
41,16,35,36,1471,0,0,1318,110,1958,16,2,2,7,12,off,0,22,14,15,11,6,9,22,21,27,32,1,11
41,16,35,37,1472,0,0,1320,111,2000,17,2,8,13,18,off,1,0,15,0,37,34,37,24,7,13,30,5,30
41,16,35,38,1473,0,0,1322,110,2042,18,1,16,21,26,off,0,9,26,0,14,11,7,19,27,26,6,4,10
41,16,35,39,1474,0,0,1324,111,2084,19,1,26,31,36,off,0,33,9,37,4,12,31,31,27,1,18,21,33
41,16,35,40,1475,0,0,1326,111,2126,20,1,38,2,7,off,0,10,36,11,39,29,33,30,11,34,24,27,32
41,16,36,27,1503,0,0,1382,115,2662,32,1,7,11,15,off,0,7,35,38,12,37,36,5,9,17,38,9,17
41,16,36,28,1504,0,0,1384,116,2704,33,1,36,40,3,off,0,37,2,24,5,10,21,21,22,16,7,38,11
41,16,36,29,1505,0,0,1386,116,2746,34,2,26,30,34,off,0,8,37,17,0,11,39,7,23,16,33,0,17
41,16,36,30,1506,0,0,1388,116,2788,35,2,18,22,26,off,0,28,34,29,25,21,5,22,40,26,1,1,35
41,16,36,31,1507,0,0,1390,116,1790,10,2,12,16,20,off,0,6,34,25,13,38,0,20,1,1,22,8,10
41,16,36,32,1508,0,0,1392,117,1832,11,2,8,12,16,off,0,13,38,20,10,22,13,18,40,35,21,38,39
41,16,36,33,1509,0,0,1394,116,1874,12,2,6,10,14,off,0,38,11,0,36,19,6,34,35,4,31,18,31
41,16,36,34,1510,0,0,1396,117,1916,13,2,6,10,14,off,0,17,32,29,21,38,33,25,38,15,26,19,21
41,16,36,35,1511,0,0,1398,117,1958,14,2,8,12,16,off,0,21,6,32,17,29,28,0,40,34,34,13,37
41,16,36,36,1512,0,0,1400,117,2000,15,2,12,16,20,off,0,5,2,40,15,7,10,33,2,12,19,1,18
41,16,36,37,1513,0,0,1402,117,2042,16,2,18,22,26,off,0,17,0,26,27,31,40,31,1,40,40,24,35
41,16,36,38,1514,0,0,1404,118,2084,17,2,26,30,34,off,0,23,8,27,27,9,33,32,3,32,31,11,34
41,16,36,39,1515,0,0,1406,117,2126,18,1,36,40,3,off,0,11,25,40,33,9,8,23,11,31,31,26,33
41,16,36,40,1516,0,0,1408,118,2168,19,1,7,11,15,off,0,24,1,8,39,23,11,9,16,38,13,2,28
41,16,37,27,1544,0,0,1464,123,2704,31,1,15,18,21,off,0,24,13,25,32,0,37,19,20,21,4,31,34
41,16,37,28,1545,0,0,1466,122,2746,32,2,3,6,9,off,0,12,35,39,21,20,27,18,16,27,28,26,21
41,16,37,29,1546,0,0,1468,123,2788,33,2,34,37,40,off,0,33,34,10,12,21,22,34,18,18,2,10,32
41,16,37,30,1547,0,0,1470,123,1790,8,2,26,29,32,off,0,9,24,33,23,35,22,26,5,16,14,35,23
41,16,37,31,1548,0,0,1472,123,1832,9,2,20,23,26,off,0,39,0,33,24,5,24,40,30,32,11,22,35
41,16,37,32,1549,0,0,1474,123,1874,10,2,16,19,22,off,0,23,37,27,19,29,21,35,20,12,30,40,19
41,16,37,33,1550,0,0,1476,124,1916,11,2,14,17,20,off,0,33,24,0,40,28,24,37,19,2,39,9,33
41,16,37,34,1551,0,0,1478,123,1958,12,2,14,17,20,off,1,0,33,7,0,37,17,21,13,29,18,21,17
41,16,37,35,1552,0,0,1480,124,2000,13,2,16,19,22,off,0,37,11,21,11,1,16,13,35,17,25,33,13
41,16,37,36,1553,0,0,1482,124,2042,14,2,20,23,26,off,1,0,31,10,36,11,14,33,1,17,22,23,13
41,16,37,37,1554,0,0,1484,124,2084,15,2,26,29,32,off,0,24,1,35,14,30,16,3,32,38,15,26,32
41,16,37,38,1555,0,0,1486,124,2126,16,2,34,37,40,off,0,34,36,36,36,12,31,29,8,18,1,15,4
41,16,37,39,1556,0,0,1488,125,2168,17,2,3,6,9,off,0,22,32,27,22,40,40,33,19,17,28,15,28
41,16,37,40,1557,0,0,1490,124,2210,18,1,15,18,21,off,0,22,8,30,17,10,24,27,32,12,25,15,40
41,16,38,27,1585,0,0,1546,129,2746,30,2,21,23,25,off,0,14,26,22,11,36,15,35,28,11,24,0,32
41,16,38,28,1586,0,0,1548,130,2788,31,2,9,11,13,off,0,16,3,2,36,36,16,2,39,14,35,10,25
41,16,38,29,1587,0,0,1550,129,1790,6,2,40,1,3,off,0,21,34,24,32,18,18,8,35,31,34,33,11
41,16,38,30,1588,0,0,1552,130,1832,7,2,32,34,36,off,0,34,32,20,36,7,14,10,10,30,20,40,21
41,16,38,31,1589,0,0,1554,130,1874,8,2,26,28,30,off,0,26,25,18,18,38,17,27,37,11,5,28,34
41,16,38,32,1590,0,0,1556,130,1916,9,2,22,24,26,off,0,6,8,8,38,4,16,8,13,34,3,35,30
41,16,38,33,1591,0,0,1558,130,1958,10,2,20,22,24,off,0,37,20,40,0,16,32,24,9,18,27,23,33
41,16,38,34,1592,0,0,1560,131,2000,11,2,20,22,24,off,0,7,6,19,36,26,32,22,30,22,4,23,28
41,16,38,35,1593,0,0,1562,130,2042,12,2,22,24,26,off,0,8,37,10,34,35,14,28,2,32,29,1,13
41,16,38,36,1594,0,0,1564,131,2084,13,2,26,28,30,off,0,19,28,6,27,19,16,16,29,5,34,31,5
41,16,38,37,1595,0,0,1566,131,2126,14,2,32,34,36,off,0,5,15,20,38,12,23,11,23,36,0,39,39
41,16,38,38,1596,0,0,1568,131,2168,15,2,40,1,3,off,0,15,16,17,12,26,26,17,38,28,28,21,10
41,16,38,39,1597,0,0,1570,131,2210,16,2,9,11,13,off,0,12,21,10,0,19,33,16,19,27,6,8,27
41,16,38,40,1598,0,0,1572,132,2252,17,2,21,23,25,off,0,35,31,31,3,19,14,7,35,32,2,40,37
41,16,39,27,1626,0,0,1628,136,2788,29,-1,25,26,27,off,0,25,32,25,27,3,39,34,30,5,2,21,3
41,16,39,28,1627,0,0,1630,136,1790,4,-1,13,14,15,off,0,29,35,16,1,30,40,32,40,35,34,21,1
41,16,39,29,1628,0,0,1632,137,1832,5,-1,3,4,5,off,0,29,25,9,36,18,9,1,11,30,29,16,13
41,16,39,30,1629,0,0,1634,136,1874,6,-1,36,37,38,off,0,16,29,17,22,21,20,13,34,40,8,15,34
41,16,39,31,1630,0,0,1636,137,1916,7,-1,30,31,32,off,0,32,3,9,24,14,16,23,17,3,7,27,39
41,16,39,32,1631,0,0,1638,137,1958,8,-1,26,27,28,off,0,40,12,13,26,20,4,32,22,0,23,40,18
41,16,39,33,1632,0,0,1640,137,2000,9,-1,24,25,26,off,0,11,10,39,5,36,40,34,9,20,21,29,3
41,16,39,34,1633,0,0,1642,137,2042,10,-1,24,25,26,off,0,31,27,9,3,33,22,24,25,30,32,40,34
41,16,39,35,1634,0,0,1644,138,2084,11,-1,26,27,28,off,0,16,11,23,0,20,33,13,6,4,12,31,27
41,16,39,36,1635,0,0,1646,137,2126,12,-1,30,31,32,off,0,3,1,9,33,14,22,39,30,1,34,9,2
41,16,39,37,1636,0,0,1648,138,2168,13,-1,36,37,38,off,0,6,29,14,31,26,25,11,10,4,22,13,20
41,16,39,38,1637,0,0,1650,138,2210,14,-1,3,4,5,off,0,28,26,34,13,14,26,19,34,1,29,12,31
41,16,39,39,1638,0,0,1652,138,2252,15,-1,13,14,15,off,0,31,20,7,10,40,34,12,35,16,8,1,17
41,16,39,40,1639,0,0,1654,138,2294,16,-1,25,26,27,off,0,27,22,12,32,20,5,29,8,20,28,9,12
43,12,33,33,1452,0,0,1110,93,2916,43,1,29,38,4,off,0,12,24,30,12,34,8,15,0,25,3,19,19
43,12,33,42,1461,0,0,1128,95,1968,20,1,29,38,4,off,0,24,1,27,28,3,35,9,26,39,0,4,23
43,12,34,33,1495,0,0,1196,100,2960,42,1,4,12,20,off,0,37,36,24,14,9,19,11,16,33,28,0,28
43,12,34,34,1496,0,0,1198,100,3004,43,1,39,4,12,off,0,36,17,18,42,37,32,13,32,37,34,20,38
43,12,34,41,1503,0,0,1212,102,1968,18,1,39,4,12,off,0,7,5,30,36,4,13,15,37,12,1,42,39
43,12,34,42,1504,0,0,1214,101,2012,19,1,4,12,20,off,0,16,35,17,37,3,10,8,0,40,14,8,38
43,12,35,33,1538,0,0,1282,107,3004,41,1,20,27,34,off,0,3,21,20,32,24,12,7,24,38,2,33,38
43,12,35,34,1539,0,0,1284,108,3048,42,1,12,19,26,off,0,40,41,10,40,41,39,41,14,18,15,31,37
43,12,35,35,1540,0,0,1286,107,3092,43,1,6,13,20,off,0,34,30,25,6,12,25,2,39,24,4,34,23
43,12,35,40,1545,0,0,1296,109,1968,16,1,6,13,20,off,0,38,35,42,25,19,32,37,40,25,14,5,8
43,12,35,41,1546,0,0,1298,108,2012,17,1,12,19,26,off,0,28,21,21,34,13,15,13,19,7,17,4,20
43,12,35,42,1547,0,0,1300,109,2056,18,1,20,27,34,off,0,19,19,33,9,31,41,17,5,38,22,36,2
43,12,36,33,1581,0,0,1368,115,3048,40,1,34,40,3,off,0,2,42,22,33,42,31,12,3,23,24,24,5
43,12,36,34,1582,0,0,1370,114,3092,41,1,26,32,38,off,0,5,18,27,12,14,10,3,29,32,25,17,14
43,12,36,35,1583,0,0,1372,115,3136,42,1,20,26,32,off,0,12,26,25,24,16,2,33,39,42,16,37,12
43,12,36,36,1584,0,0,1374,115,3180,43,1,16,22,28,off,0,29,34,23,2,28,40,22,19,38,9,9,6
43,12,36,39,1587,0,0,1380,116,1968,14,1,16,22,28,off,1,0,25,20,1,24,37,34,13,30,9,1,33
43,12,36,40,1588,0,0,1382,115,2012,15,1,20,26,32,off,0,19,42,41,0,23,35,15,11,36,29,22,32
43,12,36,41,1589,0,0,1384,116,2056,16,1,26,32,38,off,0,14,27,25,39,38,25,40,11,22,13,33,21
43,12,36,42,1590,0,0,1386,116,2100,17,1,34,40,3,off,0,36,39,3,34,6,33,3,16,39,33,34,2
43,12,37,33,1624,0,0,1454,121,3092,39,1,3,8,13,off,0,40,32,33,0,42,13,7,7,10,10,21,23
43,12,37,34,1625,0,0,1456,122,1792,8,1,38,0,5,qm,0,36,1,20,18,41,26,39,36,34,16,2,0
43,12,37,35,1626,0,0,1458,122,3180,41,1,32,37,42,off,0,12,22,41,18,11,40,3,20,19,1,5,12
43,12,37,36,1627,0,0,1460,122,3224,42,2,28,33,38,off,0,18,32,32,20,9,11,14,29,37,26,2,14
43,12,37,37,1628,0,0,1462,122,3268,43,2,26,31,36,off,0,39,31,40,14,16,31,3,31,21,42,6,25
43,12,37,38,1629,0,0,1464,123,1968,12,2,26,31,36,off,0,12,2,21,6,7,19,34,27,41,13,32,15
43,12,37,39,1630,0,0,1466,122,2012,13,2,28,33,38,off,0,10,18,19,12,40,32,5,0,8,30,9,20
43,12,37,40,1631,0,0,1468,123,2056,14,1,32,37,42,off,0,40,19,21,23,25,13,23,25,17,8,28,31
43,12,37,41,1632,0,0,1470,123,2100,15,1,38,0,5,qm,0,17,29,27,36,27,18,10,38,16,5,39,42
43,12,37,42,1633,0,0,1472,123,2144,16,1,3,8,13,off,0,42,27,15,32,17,27,16,5,1,24,8,1
43,12,38,33,1667,0,0,1540,129,3136,38,1,13,17,21,off,0,39,3,1,12,23,39,24,36,19,1,38,18
43,12,38,34,1668,0,0,1542,129,3180,39,1,5,9,13,off,0,9,18,0,3,12,18,19,7,17,18,10,27
43,12,38,35,1669,0,0,1544,129,3224,40,2,42,3,7,off,0,13,25,2,10,32,13,12,13,25,2,31,38
43,12,38,36,1670,0,0,1546,129,3268,41,2,38,42,3,off,0,23,31,9,14,11,40,0,25,9,4,29,4
43,12,38,37,1671,0,0,1548,130,1968,10,2,36,40,1,off,0,10,4,15,16,17,38,1,12,27,2,21,23
43,12,38,38,1672,0,0,1550,129,2012,11,2,36,40,1,off,1,0,10,8,2,21,42,13,7,10,28,20,16
43,12,38,39,1673,0,0,1552,130,2056,12,2,38,42,3,off,0,31,29,34,16,12,0,18,7,35,18,35,19
43,12,38,40,1674,0,0,1554,130,2100,13,2,42,3,7,off,0,11,30,36,37,18,3,4,13,1,4,26,9
43,12,38,41,1675,0,0,1556,130,2144,14,1,5,9,13,off,0,10,20,24,20,39,4,23,0,33,16,25,19
43,12,38,42,1676,0,0,1558,130,2188,15,1,13,17,21,off,0,42,20,29,23,9,25,5,15,40,6,21,18
43,12,39,33,1710,0,0,1626,136,3180,37,1,21,24,27,off,0,19,32,2,3,33,32,11,5,41,17,18,26
43,12,39,34,1711,0,0,1628,136,3224,38,2,13,16,19,off,0,36,3,6,33,13,39,24,33,26,9,19,40
43,12,39,35,1712,0,0,1630,136,3268,39,2,7,10,13,off,0,8,37,23,9,0,32,35,24,23,17,32,7
43,12,39,36,1713,0,0,1632,137,1968,8,2,3,6,9,off,0,12,0,7,37,7,2,6,26,17,26,2,38
43,12,39,37,1714,0,0,1634,136,2012,9,2,1,4,7,off,0,25,4,28,36,37,12,38,8,36,30,31,29
43,12,39,38,1715,0,0,1636,137,2056,10,2,1,4,7,off,0,31,9,23,40,40,0,13,26,14,17,5,20
43,12,39,39,1716,0,0,1638,137,2100,11,2,3,6,9,off,0,38,0,34,12,13,8,38,30,15,28,11,19
43,12,39,40,1717,0,0,1640,137,2144,12,2,7,10,13,off,1,0,10,9,13,12,18,0,33,33,39,38,27
43,12,39,41,1718,0,0,1642,137,2188,13,2,13,16,19,off,0,10,3,36,20,4,3,33,26,42,40,26,26
43,12,39,42,1719,0,0,1644,138,2232,14,1,21,24,27,off,0,18,26,11,8,15,6,23,32,38,22,26,17
43,12,40,33,1753,0,0,1712,143,3224,36,2,27,29,31,off,0,23,33,35,7,40,18,13,34,34,34,11,12
43,12,40,34,1754,0,0,1714,143,3268,37,2,19,21,23,off,0,10,41,19,10,40,24,22,29,28,25,25,19
43,12,40,35,1755,0,0,1716,144,1968,6,2,13,15,17,off,0,41,2,12,14,10,24,3,9,17,5,39,30
43,12,40,36,1756,0,0,1718,143,2012,7,2,9,11,13,off,0,35,24,4,9,31,10,36,24,9,9,28,36
43,12,40,37,1757,0,0,1720,144,2056,8,2,7,9,11,off,0,41,4,38,20,20,4,3,37,20,37,17,41
43,12,40,38,1758,0,0,1722,144,2100,9,2,7,9,11,off,0,13,21,1,16,36,37,20,40,30,28,38,34
43,12,40,39,1759,0,0,1724,144,2144,10,2,9,11,13,off,0,17,8,9,37,30,0,37,2,40,29,0,23
43,12,40,40,1760,0,0,1726,144,2188,11,2,13,15,17,off,0,10,42,7,8,42,22,12,7,31,22,33,4
43,12,40,41,1761,0,0,1728,145,2232,12,2,19,21,23,off,0,2,38,23,0,26,10,31,0,31,21,33,18
43,12,40,42,1762,0,0,1730,144,2276,13,2,27,29,31,off,0,9,4,27,0,37,36,12,16,6,18,27,5
43,12,41,33,1796,0,0,1798,150,3268,35,-1,31,32,33,off,0,25,37,19,29,0,14,8,20,11,21,39,0
43,12,41,34,1797,0,0,1800,151,1968,4,-1,23,24,25,off,1,0,41,30,42,42,12,18,6,28,40,25,13
43,12,41,35,1798,0,0,1802,150,2012,5,-1,17,18,19,off,0,5,7,41,26,26,33,17,41,38,28,29,0
43,12,41,36,1799,0,0,1804,151,2056,6,-1,13,14,15,off,0,18,11,41,33,9,11,7,19,0,20,4,6
43,12,41,37,1800,0,0,1806,151,2100,7,-1,11,12,13,off,0,33,28,34,19,5,35,24,12,36,6,3,9
43,12,41,38,1801,0,0,1808,151,2144,8,-1,11,12,13,off,0,38,42,42,2,1,42,27,4,5,14,10,39
43,12,41,39,1802,0,0,1810,151,2188,9,-1,13,14,15,off,0,13,21,1,12,30,8,25,23,0,12,8,20
43,12,41,40,1803,0,0,1812,152,2232,10,-1,17,18,19,off,0,13,14,42,39,17,17,3,35,5,31,11,33
43,12,41,41,1804,0,0,1814,151,2276,11,-1,23,24,25,off,1,0,31,8,7,36,31,40,42,24,25,18,8
43,12,41,42,1805,0,0,1816,152,2320,12,-1,31,32,33,off,0,33,28,10,25,4,18,2,19,34,12,31,16
43,16,29,29,1276,0,0,762,64,2568,43,1,19,32,2,off,0,24,0,35,16,34,8,21,15,14,25,16,14
43,16,29,42,1289,0,0,788,66,1964,28,1,19,32,2,off,0,35,23,22,28,25,8,28,13,29,0,37,6
43,16,30,29,1319,0,0,848,71,2612,42,1,2,14,26,off,0,10,22,12,16,34,11,15,41,11,24,33,12
43,16,30,30,1320,0,0,850,71,2656,43,1,33,2,14,off,0,27,41,20,21,25,20,3,36,13,32,21,23
43,16,30,41,1331,0,0,872,73,1964,26,1,33,2,14,off,0,16,37,27,19,20,29,24,21,14,40,21,6
43,16,30,42,1332,0,0,874,73,2008,27,1,2,14,26,off,0,3,15,30,6,41,14,15,2,19,25,31,4
43,16,31,29,1362,0,0,934,78,2656,41,1,26,37,5,off,0,36,38,19,29,4,33,17,22,14,41,41,24
43,16,31,30,1363,0,0,936,79,2700,42,1,14,25,36,off,0,6,37,29,35,19,42,18,36,13,21,21,36
43,16,31,31,1364,0,0,938,78,2744,43,1,4,15,26,off,0,13,22,23,17,27,42,39,33,12,5,31,37
43,16,31,40,1373,0,0,956,80,1964,24,1,4,15,26,off,0,33,9,28,25,37,25,3,27,16,38,11,1
43,16,31,41,1374,0,0,958,80,2008,25,1,14,25,36,off,0,21,40,6,37,1,24,2,29,16,17,38,33
43,16,31,42,1375,0,0,960,81,2052,26,1,26,37,5,off,0,24,19,22,35,8,12,3,0,8,30,23,34
43,16,32,29,1405,0,0,1020,86,2700,40,1,5,15,25,off,0,36,8,13,13,40,13,22,23,1,39,30,30
43,16,32,30,1406,0,0,1022,85,2744,41,1,36,3,13,off,0,35,40,27,12,23,42,22,19,13,0,32,19
43,16,32,31,1407,0,0,1024,86,2788,42,1,26,36,3,off,0,40,28,20,21,31,10,33,41,19,2,4,24
43,16,32,32,1408,0,0,1026,86,2832,43,1,18,28,38,off,0,18,25,21,33,31,4,10,18,33,7,8,24
43,16,32,39,1415,0,0,1040,87,1964,22,1,18,28,38,off,0,27,42,3,6,38,5,11,9,28,16,27,9
43,16,32,40,1416,0,0,1042,87,2008,23,1,26,36,3,off,0,27,15,17,0,3,24,41,35,22,38,24,12
43,16,32,41,1417,0,0,1044,88,2052,24,1,36,3,13,off,0,15,3,14,3,18,19,33,26,32,3,5,16
43,16,32,42,1418,0,0,1046,87,2096,25,1,5,15,25,off,0,30,22,10,36,9,29,26,0,32,13,1,13
43,16,33,29,1448,0,0,1106,92,2744,39,1,25,34,0,q1,0,28,37,25,35,32,39,17,25,34,28,33,14
43,16,33,30,1449,0,0,1108,93,2788,40,1,13,22,31,off,0,22,40,16,36,15,16,9,3,4,26,20,29
43,16,33,31,1450,0,0,1110,93,2832,41,1,3,12,21,off,0,37,32,41,4,16,8,17,32,27,3,23,12
43,16,33,32,1451,0,0,1112,93,2876,42,1,38,4,13,off,0,29,16,39,42,33,4,10,13,40,23,13,5
43,16,33,33,1452,0,0,1114,93,2920,43,1,32,41,7,off,0,21,10,5,39,39,7,4,36,11,42,7,5
43,16,33,38,1457,0,0,1124,94,1964,20,1,32,41,7,off,0,25,24,9,1,9,8,6,13,6,7,32,17
43,16,33,39,1458,0,0,1126,94,2008,21,1,38,4,13,off,0,36,23,6,7,9,4,40,26,13,1,9,21
43,16,33,40,1459,0,0,1128,95,2052,22,1,3,12,21,off,0,31,17,22,17,6,36,37,22,0,6,4,16
43,16,33,41,1460,0,0,1130,94,2096,23,1,13,22,31,off,0,16,6,26,37,0,15,34,11,6,33,39,10
43,16,33,42,1461,0,0,1132,95,1468,8,1,25,34,0,q1,0,19,0,22,26,7,1,23,30,16,10,26,35
43,16,34,29,1491,0,0,1192,100,2788,38,1,0,8,16,q0,0,16,28,34,37,24,11,7,16,2,6,10,32
43,16,34,30,1492,0,0,1194,100,2832,39,1,31,39,4,off,0,24,0,30,21,30,28,36,6,9,9,36,14
43,16,34,31,1493,0,0,1196,100,2876,40,1,21,29,37,off,0,42,4,16,26,1,39,20,31,37,2,35,3
43,16,34,32,1494,0,0,1198,100,2920,41,1,13,21,29,off,0,31,27,24,34,12,12,26,17,7,4,27,29
43,16,34,33,1495,0,0,1200,101,2964,42,1,7,15,23,off,0,14,36,9,25,7,16,29,37,30,31,18,10
43,16,34,34,1496,0,0,1202,100,3008,43,1,3,11,19,off,0,35,42,29,10,18,5,24,38,3,42,20,37
43,16,34,37,1499,0,0,1208,101,1964,18,1,3,11,19,off,1,0,17,6,22,38,20,36,36,8,8,31,27
43,16,34,38,1500,0,0,1210,101,2008,19,1,7,15,23,off,0,28,25,41,29,2,14,3,12,24,42,5,9
43,16,34,39,1501,0,0,1212,102,2052,20,1,13,21,29,off,0,23,10,12,38,4,35,19,4,18,11,8,1
43,16,34,40,1502,0,0,1214,101,2096,21,1,21,29,37,off,0,22,22,7,22,31,11,19,41,37,37,30,21
43,16,34,41,1503,0,0,1216,102,2140,22,1,31,39,4,off,0,18,17,39,17,26,12,20,22,22,42,20,42
43,16,34,42,1504,0,0,1218,102,2184,23,1,0,8,16,q0,0,38,32,34,9,21,15,23,21,1,24,35,1
43,16,35,29,1534,0,0,1278,107,2832,37,1,16,23,30,off,0,31,26,8,22,34,35,10,42,13,26,26,9
43,16,35,30,1535,0,0,1280,107,2876,38,1,4,11,18,off,0,12,25,0,31,34,20,34,17,12,26,14,14
43,16,35,31,1536,0,0,1282,107,2920,39,1,37,1,8,off,0,1,1,26,33,35,35,3,10,9,0,33,12
43,16,35,32,1537,0,0,1284,108,2964,40,1,29,36,0,q1,0,26,12,6,16,42,20,39,35,24,1,28,6
43,16,35,33,1538,0,0,1286,107,3008,41,1,23,30,37,off,0,6,20,23,2,23,1,6,5,36,13,24,2
43,16,35,34,1539,0,0,1288,108,3052,42,2,19,26,33,off,0,28,30,16,12,4,20,17,24,36,7,20,14
43,16,35,35,1540,0,0,1290,108,3096,43,2,17,24,31,off,0,4,32,29,28,20,29,37,41,33,7,22,36
43,16,35,36,1541,0,0,1292,108,1964,16,2,17,24,31,off,0,2,5,8,12,4,9,4,28,1,2,16,27
43,16,35,37,1542,0,0,1294,108,2008,17,2,19,26,33,off,0,5,3,14,6,23,37,27,23,38,14,24,5
43,16,35,38,1543,0,0,1296,109,2052,18,1,23,30,37,off,0,15,41,39,11,22,10,32,6,29,3,18,22
43,16,35,39,1544,0,0,1298,108,1424,3,1,29,36,0,q1,0,10,12,6,10,6,11,24,5,28,1,24,37
43,16,35,40,1545,0,0,1300,109,2140,20,1,37,1,8,off,0,28,13,31,30,20,7,32,25,12,33,35,16
43,16,35,41,1546,0,0,1302,109,2184,21,1,4,11,18,off,0,19,19,22,33,16,11,39,41,42,12,17,20
43,16,35,42,1547,0,0,1304,109,2228,22,1,16,23,30,off,0,38,22,34,26,27,29,19,5,8,21,41,8
43,16,36,29,1577,0,0,1364,114,2876,36,1,30,36,42,off,0,39,40,0,9,7,16,8,26,18,38,25,15
43,16,36,30,1578,0,0,1366,114,2920,37,1,18,24,30,off,0,30,24,10,1,23,14,35,23,3,37,1,28
43,16,36,31,1579,0,0,1368,115,2964,38,1,8,14,20,off,0,14,22,35,2,11,36,21,41,0,26,40,30
43,16,36,32,1580,0,0,1370,114,3008,39,1,0,6,12,q0,0,26,26,28,38,19,16,33,34,3,0,9,19
43,16,36,33,1581,0,0,1372,115,1876,12,2,37,0,6,qm,0,37,1,36,5,27,22,39,38,36,28,12,19
43,16,36,34,1582,0,0,1374,115,3096,41,2,33,39,2,off,0,2,33,5,11,23,26,41,41,32,38,0,4
43,16,36,35,1583,-1,1,1376,115,-1,-1,2,31,37,0,q1,-1,0,0,0,0,0,0,0,0,0,0,0,0
43,16,36,36,1584,-1,1,1378,115,-1,-1,2,31,37,0,q1,-1,0,0,0,0,0,0,0,0,0,0,0,0
43,16,36,37,1585,0,0,1380,116,2052,16,2,33,39,2,off,0,39,27,22,7,17,42,41,33,3,17,21,16
43,16,36,38,1586,0,0,1382,115,2096,17,2,37,0,6,qm,0,40,31,2,22,37,26,31,7,37,33,26,11
43,16,36,39,1587,0,0,1384,116,2140,18,1,0,6,12,q0,0,22,24,39,39,5,5,24,10,40,0,24,25
43,16,36,40,1588,0,0,1386,116,2184,19,1,8,14,20,off,0,20,14,20,3,11,42,17,40,18,24,12,33
43,16,36,41,1589,0,0,1388,116,2228,20,1,18,24,30,off,0,31,36,11,35,17,15,24,15,9,38,16,9
43,16,36,42,1590,0,0,1390,116,2272,21,1,30,36,42,off,0,37,32,35,12,4,37,39,38,20,0,3,34
43,16,37,29,1620,0,0,1450,121,2920,35,1,42,4,9,off,0,33,42,37,40,3,24,14,40,21,10,5,4
43,16,37,30,1621,0,0,1452,122,2964,36,1,30,35,40,off,0,8,38,4,19,14,10,20,37,27,0,25,18
43,16,37,31,1622,0,0,1454,121,3008,37,1,20,25,30,off,0,14,10,41,4,6,27,30,9,25,9,13,35
43,16,37,32,1623,0,0,1456,122,3052,38,2,12,17,22,off,0,23,18,4,7,26,30,29,10,23,11,1,38
43,16,37,33,1624,0,0,1458,122,3096,39,2,6,11,16,off,0,31,40,21,31,7,12,41,36,14,13,42,10
43,16,37,34,1625,0,0,1460,122,1964,12,2,2,7,12,off,0,15,1,24,18,41,12,42,38,18,2,13,6
43,16,37,35,1626,0,0,1462,122,2008,13,2,0,5,10,q0,0,29,33,40,33,20,31,19,9,16,39,35,6
43,16,37,36,1627,0,0,1464,123,2052,14,2,0,5,10,q0,0,22,34,30,0,29,15,33,37,35,23,1,17
43,16,37,37,1628,0,0,1466,122,2096,15,2,2,7,12,off,0,15,42,10,9,11,33,1,0,18,16,7,40
43,16,37,38,1629,0,0,1468,123,2140,16,2,6,11,16,off,0,29,21,0,38,16,29,15,34,29,11,0,38
43,16,37,39,1630,0,0,1470,123,2184,17,2,12,17,22,off,0,19,25,28,12,22,19,31,4,3,14,14,11
43,16,37,40,1631,0,0,1472,123,2228,18,1,20,25,30,off,0,31,2,40,37,23,14,30,31,26,9,41,23
43,16,37,41,1632,0,0,1474,123,2272,19,1,30,35,40,off,0,34,27,21,13,39,25,3,24,3,41,33,23
43,16,37,42,1633,0,0,1476,124,2316,20,1,42,4,9,off,0,40,19,34,34,4,7,4,3,18,9,32,30
43,16,38,29,1663,0,0,1536,129,2964,34,1,9,13,17,off,0,31,4,25,32,16,31,5,20,37,30,23,41
43,16,38,30,1664,0,0,1538,128,3008,35,1,40,1,5,off,0,3,38,12,8,34,18,26,38,25,42,29,37
43,16,38,31,1665,0,0,1540,129,3052,36,2,30,34,38,off,0,21,26,20,11,24,22,41,31,2,2,24,12
43,16,38,32,1666,0,0,1542,129,3096,37,2,22,26,30,off,0,22,34,15,27,28,33,42,6,31,34,9,42
43,16,38,33,1667,0,0,1544,129,1964,10,2,16,20,24,off,0,7,7,1,18,16,22,23,24,9,40,6,40
43,16,38,34,1668,0,0,1546,129,2008,11,2,12,16,20,off,0,21,17,1,8,39,2,41,30,23,32,27,35
43,16,38,35,1669,0,0,1548,130,2052,12,2,10,14,18,off,0,8,1,2,28,6,22,34,6,19,2,6,3
43,16,38,36,1670,0,0,1550,129,2096,13,2,10,14,18,off,1,0,8,2,6,26,30,3,23,5,42,20,23
43,16,38,37,1671,0,0,1552,130,2140,14,2,12,16,20,off,0,17,8,1,2,35,41,13,37,22,39,16,20
43,16,38,38,1672,0,0,1554,130,2184,15,2,16,20,24,off,0,7,32,31,1,36,11,28,18,13,21,38,23
43,16,38,39,1673,0,0,1556,130,2228,16,2,22,26,30,off,0,34,28,10,28,17,37,42,12,20,11,42,13
43,16,38,40,1674,0,0,1558,130,2272,17,2,30,34,38,off,0,33,26,23,37,20,25,10,33,0,33,39,9
43,16,38,41,1675,0,0,1560,131,2316,18,1,40,1,5,off,0,15,25,11,32,6,31,2,23,8,39,5,29
43,16,38,42,1676,0,0,1562,130,2360,19,1,9,13,17,off,0,34,17,20,24,7,22,5,18,41,30,4,13
43,16,39,29,1706,0,0,1622,135,3008,33,1,17,20,23,off,0,5,36,27,26,28,8,15,37,8,30,11,35
43,16,39,30,1707,0,0,1624,136,3052,34,2,5,8,11,off,0,28,14,24,34,15,4,27,24,23,27,8,42
43,16,39,31,1708,0,0,1626,136,3096,35,2,38,41,1,off,0,41,32,38,22,39,10,34,35,12,6,19,26
43,16,39,32,1709,0,0,1628,136,1964,8,2,30,33,36,off,0,18,42,39,39,41,2,42,32,30,4,34,38
43,16,39,33,1710,0,0,1630,136,2008,9,2,24,27,30,off,0,1,6,4,33,30,11,16,34,31,1,17,15
43,16,39,34,1711,0,0,1632,137,2052,10,2,20,23,26,off,0,4,18,7,31,37,20,10,6,15,7,11,27
43,16,39,35,1712,0,0,1634,136,2096,11,2,18,21,24,off,0,14,16,33,22,14,21,26,36,21,41,10,1
43,16,39,36,1713,0,0,1636,137,2140,12,2,18,21,24,off,0,38,13,33,19,8,39,22,22,39,22,14,31
43,16,39,37,1714,0,0,1638,137,2184,13,2,20,23,26,off,0,27,7,34,24,38,37,6,40,36,34,39,35
43,16,39,38,1715,0,0,1640,137,2228,14,2,24,27,30,off,0,35,34,24,14,3,24,25,14,2,25,42,38
43,16,39,39,1716,0,0,1642,137,2272,15,2,30,33,36,off,0,38,9,25,18,34,33,14,34,35,19,3,30
43,16,39,40,1717,0,0,1644,138,2316,16,2,38,41,1,off,0,29,3,40,40,26,23,9,21,14,23,15,2
43,16,39,41,1718,0,0,1646,137,2360,17,2,5,8,11,off,0,39,26,12,31,12,36,36,6,41,27,40,33
43,16,39,42,1719,0,0,1648,138,2404,18,1,17,20,23,off,0,37,12,1,21,35,10,15,8,24,14,23,26
43,16,40,29,1749,0,0,1708,143,3052,32,2,23,25,27,off,0,5,0,30,13,23,29,13,30,16,17,16,5
43,16,40,30,1750,0,0,1710,143,3096,33,2,11,13,15,off,0,9,11,3,41,15,37,31,3,7,16,36,41
43,16,40,31,1751,0,0,1712,143,1964,6,2,1,3,5,off,0,14,2,3,3,8,6,4,24,24,26,6,38
43,16,40,32,1752,0,0,1714,143,2008,7,2,36,38,40,off,0,12,38,11,38,40,24,40,13,23,15,35,0
43,16,40,33,1753,0,0,1716,144,2052,8,2,30,32,34,off,0,7,0,5,27,2,19,17,31,34,24,35,34
43,16,40,34,1754,0,0,1718,143,2096,9,2,26,28,30,off,0,38,28,27,35,3,29,21,29,24,41,18,10
43,16,40,35,1755,0,0,1720,144,2140,10,2,24,26,28,off,0,36,29,3,39,29,22,0,25,14,21,38,38
43,16,40,36,1756,0,0,1722,144,2184,11,2,24,26,28,off,0,24,34,8,14,35,10,0,34,21,31,4,42
43,16,40,37,1757,0,0,1724,144,2228,12,2,26,28,30,off,0,31,38,17,11,14,40,16,19,8,34,15,15
43,16,40,38,1758,0,0,1726,144,2272,13,2,30,32,34,off,0,8,0,28,40,17,21,25,5,19,11,23,16
43,16,40,39,1759,0,0,1728,145,2316,14,2,36,38,40,off,0,41,9,25,1,26,30,35,29,20,8,6,16
43,16,40,40,1760,0,0,1730,144,2360,15,2,1,3,5,off,0,25,21,20,33,36,35,26,5,12,21,4,19
43,16,40,41,1761,0,0,1732,145,2404,16,2,11,13,15,off,0,11,22,38,2,16,0,16,34,19,23,40,20
43,16,40,42,1762,0,0,1734,145,2448,17,2,23,25,27,off,0,35,15,29,26,5,3,6,4,21,10,3,39
43,16,41,29,1792,0,0,1794,150,3096,31,-1,27,28,29,off,0,14,16,16,38,29,7,14,12,23,12,8,38
43,16,41,30,1793,0,0,1796,150,1964,4,-1,15,16,17,off,0,32,24,12,29,16,23,22,15,37,36,24,13
43,16,41,31,1794,0,0,1798,150,2008,5,-1,5,6,7,off,0,1,22,26,9,36,14,23,6,41,7,41,7
43,16,41,32,1795,0,0,1800,151,2052,6,-1,40,41,42,off,0,9,9,6,28,19,16,22,42,12,34,27,29
43,16,41,33,1796,0,0,1802,150,2096,7,-1,34,35,36,off,0,4,37,41,34,42,30,18,10,32,36,10,41
43,16,41,34,1797,0,0,1804,151,2140,8,-1,30,31,32,off,0,8,9,3,17,12,17,17,12,12,23,8,19
43,16,41,35,1798,0,0,1806,151,2184,9,-1,28,29,30,off,0,25,7,39,5,6,6,8,35,27,9,26,37
43,16,41,36,1799,0,0,1808,151,2228,10,-1,28,29,30,off,0,34,32,33,39,27,33,9,26,36,21,15,17
43,16,41,37,1800,0,0,1810,151,2272,11,-1,30,31,32,off,0,1,25,20,14,40,28,30,10,38,31,16,6
43,16,41,38,1801,0,0,1812,152,2316,12,-1,34,35,36,off,0,10,25,16,26,3,5,36,12,27,1,33,25
43,16,41,39,1802,0,0,1814,151,2360,13,-1,40,41,42,off,0,34,11,36,19,4,27,25,36,41,32,16,41
43,16,41,40,1803,0,0,1816,152,2404,14,-1,5,6,7,off,0,11,27,41,7,19,1,9,27,27,39,1,12
43,16,41,41,1804,0,0,1818,152,2448,15,-1,15,16,17,off,0,15,6,37,34,3,39,39,15,22,30,38,39
43,16,41,42,1805,0,0,1820,152,2492,16,-1,27,28,29,off,0,16,4,3,8,42,42,14,22,6,23,11,29
