p,k,n,ip,i,delta,defect,weight,boundary,q0,qm,q1,curve,first_support_relative,o0,o1,o2,o3,o4,o5,o6,o7,o8,o9,o10,o11
17,8,2,11,45,1,0,98,8,5,2,16,off,0,16,7,15,16,1,1,12,4,5,13,6,9
17,8,2,16,50,1,0,108,10,5,2,16,off,0,14,2,12,0,4,7,5,5,5,0,4,4
17,8,3,11,62,1,0,132,12,16,12,8,off,0,12,9,0,6,7,10,12,11,10,1,11,3
17,8,3,12,63,1,0,134,11,12,8,4,off,0,1,4,1,2,4,7,4,11,8,14,10,2
17,8,3,15,66,1,0,140,12,12,8,4,off,0,12,14,15,16,4,9,16,10,10,16,6,8
17,8,3,16,67,1,0,142,12,16,12,8,off,0,6,4,6,4,1,0,8,10,16,8,9,5
17,8,4,11,79,1,0,166,14,8,3,15,off,0,8,16,0,10,14,6,10,2,8,2,8,2
17,8,4,12,80,1,0,168,15,4,16,11,off,0,12,15,16,13,16,14,5,4,9,6,3,8
17,8,4,13,81,1,0,170,14,2,14,9,off,1,0,10,14,9,15,4,6,0,5,2,16,12
17,8,4,14,82,1,0,172,15,2,14,9,off,0,14,3,0,15,8,1,0,8,12,10,11,13
17,8,4,15,83,1,0,174,15,4,16,11,off,0,4,9,0,9,10,11,7,13,15,15,12,3
17,8,4,16,84,1,0,176,15,8,3,15,off,0,3,9,5,6,1,5,10,0,13,1,10,13
17,8,5,11,96,1,0,200,17,15,9,3,off,1,0,15,2,3,13,13,14,9,4,1,8,8
17,8,5,12,97,1,0,202,17,11,5,16,off,0,8,11,9,0,1,9,12,14,12,10,13,6
17,8,5,13,98,1,0,204,18,9,3,14,off,0,7,2,14,2,12,14,10,13,1,0,11,12
17,8,5,14,99,1,0,206,17,9,3,14,off,1,0,7,4,8,8,9,16,2,2,9,0,2
17,8,5,15,100,1,0,208,18,11,5,16,off,0,11,4,0,13,3,8,8,7,14,12,13,1
17,8,5,16,101,1,0,210,18,15,9,3,off,0,6,4,7,8,3,5,0,8,10,5,13,12
17,8,6,11,113,1,0,234,20,3,13,6,off,0,14,7,11,6,10,8,16,16,3,1,5,6
17,8,6,12,114,1,0,236,20,16,9,2,off,0,9,5,5,9,5,7,2,9,2,10,16,15
17,8,6,13,115,1,0,238,20,14,7,0,q1,0,14,0,6,16,16,3,5,8,6,9,1,16
17,8,6,14,116,1,0,240,21,14,7,0,q1,0,15,14,15,16,5,6,16,11,6,3,12,10
17,8,6,15,117,1,0,242,20,16,9,2,off,0,5,14,13,6,15,14,13,7,10,8,13,3
17,8,6,16,118,1,0,244,21,3,13,6,off,0,15,11,16,2,14,8,0,10,3,1,16,9
17,8,7,11,130,1,0,268,23,6,15,7,off,0,1,14,14,3,10,13,5,6,1,7,3,12
17,8,7,12,131,1,0,270,23,2,11,3,off,0,3,5,7,2,9,13,0,3,10,9,14,3
17,8,7,13,132,1,0,272,23,0,9,1,q0,0,4,15,10,14,9,4,5,7,16,16,4,7
17,8,7,14,133,1,0,274,23,0,9,1,q0,0,7,3,12,7,5,10,9,6,3,2,13,0
17,8,7,15,134,1,0,276,24,2,11,3,off,0,14,8,13,11,5,7,12,14,10,16,0,6
17,8,7,16,135,1,0,278,23,6,15,7,off,0,7,1,7,7,9,11,15,10,12,14,14,0
17,8,8,11,147,1,0,302,25,7,15,6,off,0,8,1,4,9,13,12,5,5,13,2,0,10
17,8,8,12,148,1,0,304,26,3,11,2,off,0,4,2,13,9,3,10,10,15,7,14,16,7
17,8,8,13,149,1,0,306,26,1,9,0,q1,0,15,0,14,14,11,6,0,1,11,14,13,3
17,8,8,14,150,1,0,308,26,1,9,0,q1,0,16,0,1,15,7,16,0,16,0,14,9,9
17,8,8,15,151,1,0,310,26,3,11,2,off,0,9,11,14,14,12,2,5,2,0,14,9,2
17,8,8,16,152,1,0,312,27,7,15,6,off,0,10,10,4,7,1,14,10,1,1,12,1,9
17,8,9,11,164,1,0,336,29,6,13,3,off,0,6,6,3,16,16,4,13,1,11,14,8,13
17,8,9,12,165,1,0,338,28,2,9,16,off,0,8,16,11,2,2,12,0,5,15,15,8,4
17,8,9,13,166,1,0,340,29,0,7,14,q0,0,11,4,0,7,16,6,4,16,8,6,6,9
17,8,9,14,167,1,0,342,29,0,7,14,q0,0,13,1,0,3,1,0,4,15,7,7,13,3
17,8,9,15,168,1,0,344,29,2,9,16,off,0,2,11,1,10,7,15,9,4,1,3,4,11
17,8,9,16,169,1,0,346,29,6,13,3,off,0,1,10,2,15,1,0,13,15,4,5,10,6
17,8,10,11,181,1,0,370,31,3,9,15,off,0,4,5,6,9,5,2,6,7,15,15,9,5
17,8,10,12,182,1,0,372,32,16,5,11,off,0,5,6,11,12,15,0,3,4,9,15,7,7
17,8,10,13,183,1,0,374,31,14,3,9,off,0,7,7,3,0,7,15,11,12,2,14,13,12
17,8,10,14,184,1,0,376,32,14,3,9,off,0,10,4,2,5,1,1,0,10,1,12,14,16
17,8,10,15,185,1,0,378,32,16,5,11,off,0,11,11,0,12,1,0,5,7,6,11,14,3
17,8,10,16,186,1,0,380,32,3,9,15,off,2,0,0,11,0,0,0,0,0,0,0,0,0
17,8,11,12,199,1,0,406,34,11,16,4,off,0,1,10,7,11,13,6,6,2,1,6,11,12
17,8,11,13,200,1,0,408,35,9,14,2,off,0,14,3,15,2,10,1,5,6,4,16,10,14
17,8,11,14,201,1,0,410,34,9,14,2,off,1,0,14,6,11,8,16,6,1,14,2,7,8
17,8,11,15,202,1,0,412,35,11,16,4,off,0,10,5,8,16,2,4,6,2,5,1,9,6
17,8,12,13,217,1,0,442,37,2,6,10,off,0,10,9,13,8,2,1,8,6,4,12,13,0
17,8,12,14,218,1,0,444,38,2,6,10,off,0,3,5,12,11,9,15,7,12,8,4,4,7
17,12,2,7,41,1,0,94,8,1,15,12,off,1,0,3,7,5,13,0,0,15,16,0,13,4
17,12,2,16,50,1,0,112,10,1,15,12,off,0,16,7,1,6,14,6,12,14,11,2,3,0
17,12,3,7,58,1,0,128,11,12,8,4,off,0,7,11,3,15,16,4,1,2,13,6,2,8
17,12,3,8,59,1,0,130,11,4,0,13,qm,0,16,6,15,6,1,9,10,4,8,7,6,1
17,12,3,15,66,1,0,144,13,4,0,13,qm,0,9,16,9,16,12,15,11,5,4,14,13,11
17,12,3,16,67,1,0,146,12,12,8,4,off,0,10,2,11,10,12,11,8,3,6,10,3,15
17,12,4,7,75,1,0,162,14,4,16,11,off,0,16,0,8,16,1,9,15,6,2,10,13,7
17,12,4,8,76,1,0,164,14,13,8,3,off,0,7,1,7,16,4,12,0,3,0,13,6,4
17,12,4,9,77,1,0,166,14,7,2,14,off,0,3,11,1,3,1,5,13,9,16,6,13,5
17,12,4,14,82,1,0,176,15,7,2,14,off,0,11,9,10,12,11,3,3,15,15,3,12,8
17,12,4,15,83,1,0,178,15,13,8,3,off,0,3,7,3,5,2,13,0,4,4,8,15,9
17,12,4,16,84,1,0,180,16,4,16,11,off,2,0,0,11,2,8,7,15,5,7,5,10,1
17,12,5,7,92,1,0,196,17,11,5,16,off,0,2,3,9,12,6,14,1,10,14,15,16,15
17,12,5,8,93,1,0,198,17,3,14,8,off,0,10,14,6,4,10,14,7,12,16,0,14,10
17,12,5,9,94,1,0,200,17,14,8,2,off,1,0,9,5,13,4,15,9,2,6,4,3,1
17,12,5,10,95,1,0,202,17,10,4,15,off,0,15,5,6,7,3,14,0,14,2,4,11,3
17,12,5,13,98,1,0,208,18,10,4,15,off,0,2,7,15,5,12,7,5,3,7,9,8,3
17,12,5,14,99,1,0,210,18,14,8,2,off,0,12,16,13,0,9,14,16,8,7,2,6,5
17,12,5,15,100,1,0,212,18,3,14,8,off,0,3,12,1,7,8,2,13,7,5,5,9,0
17,12,5,16,101,1,0,214,18,11,5,16,off,0,11,8,9,5,9,8,11,12,7,13,15,0
17,12,6,7,109,1,0,230,19,16,9,2,off,0,6,14,8,14,16,6,9,3,4,2,11,15
17,12,6,8,110,1,0,232,20,8,1,11,off,0,11,15,14,3,10,5,15,12,13,14,11,10
17,12,6,9,111,1,0,234,20,2,12,5,off,0,4,4,10,10,1,4,10,10,9,15,8,9
17,12,6,10,112,1,0,236,20,15,8,1,off,0,1,5,0,13,12,9,14,4,14,1,3,3
17,12,6,11,113,1,0,238,20,13,6,16,off,0,5,3,0,0,11,6,9,11,9,0,16,0
17,12,6,12,114,1,0,240,21,13,6,16,off,0,4,4,16,16,6,10,7,15,0,15,2,0
17,12,6,13,115,1,0,242,20,15,8,1,off,0,12,0,12,15,13,5,2,3,3,7,15,11
17,12,6,14,116,1,0,244,21,2,12,5,off,0,4,12,11,2,15,14,2,5,6,9,15,15
17,12,6,15,117,1,0,246,21,8,1,11,off,0,16,11,3,4,2,0,3,6,4,14,1,3
17,12,6,16,118,1,0,248,21,16,9,2,off,1,0,1,8,0,1,12,12,9,13,4,2,5
17,12,7,7,126,1,0,264,23,2,11,3,off,0,8,16,1,12,6,8,5,4,15,5,4,16
17,12,7,8,127,1,0,266,22,11,3,12,off,0,1,14,14,10,16,13,9,3,14,13,13,12
17,12,7,9,128,1,0,268,23,5,14,6,off,0,11,5,9,13,16,10,6,2,1,4,12,2
17,12,7,10,129,1,0,270,23,1,10,2,off,0,11,7,0,7,16,3,10,11,5,3,7,12
17,12,7,11,130,1,0,272,23,16,8,0,q1,0,5,11,10,16,1,12,6,14,1,10,7,3
17,12,7,12,131,1,0,274,23,16,8,0,q1,0,13,9,12,8,10,13,4,12,14,14,10,0
17,12,7,13,132,1,0,276,24,1,10,2,off,0,6,12,3,12,16,11,10,11,16,1,0,4
17,12,7,14,133,1,0,278,23,5,14,6,off,0,4,15,8,12,6,11,12,3,5,1,13,0
17,12,7,15,134,1,0,280,24,11,3,12,off,0,7,8,12,0,10,11,14,16,1,5,1,5
17,12,7,16,135,1,0,282,24,2,11,3,off,0,11,12,9,8,3,15,10,11,2,11,0,11
17,12,8,7,143,1,0,298,25,3,11,2,off,0,3,11,10,12,4,13,11,14,12,0,0,6
17,12,8,8,144,1,0,300,26,12,3,11,off,0,8,15,13,4,10,15,8,12,10,7,10,9
17,12,8,9,145,1,0,302,25,6,14,5,off,0,1,1,11,4,3,13,8,12,10,2,10,11
17,12,8,10,146,1,0,304,26,2,10,1,off,0,2,2,8,16,7,2,14,6,8,11,14,4
17,12,8,11,147,1,0,306,26,0,8,16,q0,0,12,12,15,10,8,14,2,6,11,3,12,5
17,12,8,12,148,1,0,308,26,0,8,16,q0,0,6,1,12,1,2,9,13,11,0,3,7,15
17,12,8,13,149,1,0,310,26,2,10,1,off,0,13,11,6,6,11,14,7,11,0,11,10,6
17,12,8,14,150,1,0,312,27,6,14,5,off,0,8,9,15,4,4,1,9,5,4,2,15,12
17,12,8,15,151,1,0,314,26,12,3,11,off,0,9,5,6,3,14,6,2,6,0,5,6,10
17,12,8,16,152,1,0,316,27,3,11,2,off,0,10,3,10,6,2,1,13,5,15,5,3,10
17,12,9,7,160,1,0,332,28,2,9,16,off,1,0,11,6,5,1,13,14,15,5,4,10,3
17,12,9,8,161,1,0,334,28,11,1,8,off,0,3,15,6,0,8,5,13,2,6,10,12,11
17,12,9,10,163,1,0,338,28,1,8,15,off,0,6,13,4,12,16,12,16,14,10,10,6,11
17,12,9,11,164,1,0,340,29,16,6,13,off,0,12,15,1,0,12,4,3,11,2,13,11,9
17,12,9,12,165,1,0,342,29,16,6,13,off,0,8,8,14,0,5,0,3,5,6,1,4,3
17,12,9,13,166,1,0,344,29,1,8,15,off,0,4,4,2,2,15,7,0,10,1,15,0,15
17,12,9,16,169,1,0,350,29,2,9,16,off,0,15,12,1,1,15,0,1,12,6,14,16,12
17,12,10,7,177,1,0,366,31,16,5,11,off,1,0,12,13,7,16,0,0,8,0,0,0,7
17,12,10,11,181,1,0,374,31,13,2,8,off,0,5,15,0,11,14,12,13,6,11,1,3,9
17,12,10,12,182,1,0,376,32,13,2,8,off,0,9,5,16,15,13,4,14,4,5,1,11,2
19,12,2,9,47,1,0,106,9,3,0,16,qm,0,2,12,15,1,8,5,3,11,0,15,5,10
19,12,2,18,56,1,0,124,11,3,0,16,qm,0,14,12,14,12,11,18,5,0,8,1,11,6
19,12,3,9,66,1,0,144,13,16,12,8,off,0,5,1,18,2,1,12,7,0,2,14,1,14
19,12,3,10,67,1,0,146,12,8,4,0,q1,0,13,0,13,4,9,0,17,0,10,11,16,3
19,12,3,17,74,1,0,160,14,8,4,0,q1,0,4,16,6,5,4,11,9,13,1,17,15,17
19,12,3,18,75,1,0,162,14,16,12,8,off,0,18,6,13,2,5,14,8,17,1,14,3,5
19,12,4,9,85,1,0,182,15,8,3,17,off,0,10,9,4,14,12,3,4,11,0,7,6,11
19,12,4,10,86,1,0,184,16,0,14,9,q0,0,5,13,4,14,4,2,16,6,15,5,9,14
19,12,4,11,87,1,0,186,16,13,8,3,off,1,0,11,1,17,6,2,3,1,3,17,15,0
19,12,4,16,92,1,0,196,17,13,8,3,off,0,12,7,16,3,10,5,16,9,17,11,15,6
19,12,4,17,93,1,0,198,17,0,14,9,q0,0,15,4,7,6,8,5,17,2,13,6,2,1
19,12,4,18,94,1,0,200,17,8,3,17,off,0,7,10,0,12,2,8,17,13,1,2,9,12
19,12,5,9,104,1,0,220,19,17,11,5,off,1,0,9,1,16,5,17,4,16,9,13,16,0
19,12,5,10,105,1,0,222,19,9,3,16,off,0,4,1,4,16,2,9,5,12,17,6,4,6
19,12,5,11,106,1,0,224,19,3,16,10,off,0,10,2,10,17,15,10,0,11,10,4,7,18
19,12,5,12,107,1,0,226,19,18,12,6,off,0,5,1,3,6,14,11,15,4,10,15,7,8
19,12,5,15,110,1,0,232,20,18,12,6,off,0,15,12,3,12,17,11,4,6,5,4,5,2
19,12,5,16,111,1,0,234,20,3,16,10,off,0,7,8,16,17,17,8,8,4,0,12,1,6
19,12,5,17,112,1,0,236,20,9,3,16,off,0,5,12,8,0,14,3,7,4,15,14,9,14
19,12,5,18,113,1,0,238,20,17,11,5,off,0,6,11,13,1,11,17,15,9,16,16,11,12
19,12,6,9,123,1,0,258,22,5,17,10,off,0,4,11,3,3,5,18,18,14,7,13,13,1
19,12,6,10,124,1,0,260,22,16,9,2,off,0,13,11,13,14,1,5,8,16,16,0,9,11
19,12,6,11,125,1,0,262,22,10,3,15,off,0,5,17,5,15,11,6,1,6,15,14,7,4
19,12,6,12,126,1,0,264,23,6,18,11,off,0,13,8,5,6,2,2,15,10,10,11,1,18
19,12,6,13,127,1,0,266,22,4,16,9,off,0,9,14,16,3,14,9,9,11,6,5,11,16
19,12,6,14,128,1,0,268,23,4,16,9,off,0,4,12,0,9,11,1,13,1,10,18,2,13
19,12,6,15,129,1,0,270,23,6,18,11,off,0,12,14,10,5,16,10,0,6,18,15,16,15
19,12,6,16,130,1,0,272,23,10,3,15,off,0,4,13,17,2,10,13,12,7,8,14,16,4
19,12,6,17,131,1,0,274,23,16,9,2,off,0,12,1,17,16,17,0,11,4,8,8,4,6
19,12,6,18,132,1,0,276,24,5,17,10,off,0,14,12,1,12,14,1,12,18,15,4,0,5
19,12,7,9,142,1,0,296,25,10,2,13,off,1,0,13,18,8,9,7,15,16,1,2,9,3
19,12,7,10,143,1,0,298,25,2,13,5,off,0,12,18,4,16,17,11,2,3,4,7,0,2
19,12,7,11,144,1,0,300,26,15,7,18,off,0,3,10,12,4,8,4,4,9,13,5,13,6
19,12,7,12,145,1,0,302,25,11,3,14,off,0,1,15,3,13,1,16,8,1,16,2,14,18
19,12,7,13,146,1,0,304,26,9,1,12,off,0,8,14,4,17,11,15,0,3,7,3,18,9
19,12,7,14,147,1,0,306,26,9,1,12,off,0,18,17,17,18,7,9,0,4,10,10,2,10
19,12,7,15,148,1,0,308,26,11,3,14,off,1,0,5,8,15,9,4,15,18,0,15,15,15
19,12,7,16,149,1,0,310,26,15,7,18,off,0,6,9,6,8,17,0,12,3,4,0,5,17
19,12,7,17,150,1,0,312,27,2,13,5,off,0,13,12,8,3,0,2,17,6,3,15,4,11
19,12,7,18,151,1,0,314,26,10,2,13,off,0,14,2,18,14,12,1,3,5,11,13,12,7
19,12,8,9,161,1,0,334,28,13,4,14,off,0,9,17,15,14,10,1,12,4,7,13,18,10
19,12,8,10,162,1,0,336,29,5,15,6,off,0,14,6,16,17,5,11,12,2,7,1,9,14
19,12,8,11,163,1,0,338,28,18,9,0,q1,0,7,13,11,13,8,17,13,16,0,11,7,11
19,12,8,12,164,1,0,340,29,14,5,15,off,0,17,1,0,0,3,13,11,4,0,4,9,12
19,12,8,13,165,1,0,342,29,12,3,13,off,0,15,10,2,3,4,4,17,6,2,13,4,13
19,12,8,14,166,1,0,344,29,12,3,13,off,0,17,15,5,1,18,3,6,7,17,0,4,7
19,12,8,15,167,1,0,346,29,14,5,15,off,0,14,1,0,0,5,4,7,6,0,0,9,1
19,12,8,16,168,1,0,348,30,18,9,0,q1,0,16,1,12,9,4,3,2,14,16,7,13,5
19,12,8,17,169,1,0,350,29,5,15,6,off,0,5,7,5,17,18,15,13,12,8,0,7,11
19,12,8,18,170,1,0,352,30,13,4,14,off,0,13,15,4,7,3,7,14,4,12,13,3,17
19,12,9,9,180,1,0,372,32,14,4,13,off,0,8,8,16,6,12,9,16,4,2,8,18,9
19,12,9,10,181,1,0,374,31,6,15,5,off,0,18,16,3,13,16,8,8,15,3,15,1,18
19,12,9,11,182,1,0,376,32,0,9,18,q0,0,12,17,4,2,16,10,18,17,16,1,6,7
19,12,9,12,183,1,0,378,32,15,5,14,off,1,0,6,11,17,8,13,18,11,6,16,10,5
19,12,9,13,184,1,0,380,32,13,3,12,off,0,8,11,1,9,5,11,15,8,6,7,10,17
19,12,9,14,185,1,0,382,32,13,3,12,off,0,9,2,15,11,9,8,0,8,12,2,2,9
19,12,9,15,186,1,0,384,33,15,5,14,off,0,10,18,16,12,6,0,11,10,14,13,17,15
19,12,9,16,187,1,0,386,32,0,9,18,q0,0,16,18,8,8,1,9,0,17,18,15,7,6
19,12,9,17,188,1,0,388,33,6,15,5,off,0,13,3,10,4,16,4,2,16,1,17,7,17
19,12,9,18,189,1,0,390,33,14,4,13,off,1,0,11,11,3,14,17,1,7,13,14,7,6
19,12,10,9,199,1,0,410,34,13,2,10,off,0,6,5,13,14,0,1,5,18,18,16,17,18
19,12,10,11,201,1,0,414,35,18,7,15,off,0,14,12,18,16,1,18,0,13,2,7,6,11
19,12,10,12,202,1,0,416,35,14,3,11,off,0,15,13,4,4,5,16,7,5,6,8,13,16
19,12,10,13,203,1,0,418,35,12,1,9,off,0,9,4,11,15,15,12,14,5,18,10,9,4
19,12,10,14,204,1,0,420,36,12,1,9,off,0,17,5,7,13,11,0,8,10,3,4,18,16
19,12,10,15,205,1,0,422,35,14,3,11,off,0,13,10,15,0,5,14,18,16,9,18,13,3
19,12,10,16,206,1,0,424,36,18,7,15,off,0,4,6,12,11,18,1,4,14,16,10,12,1
19,12,11,12,221,1,0,454,38,11,18,6,off,0,7,12,2,11,1,15,18,0,10,9,0,14
19,12,11,13,222,1,0,456,39,9,16,4,off,0,7,10,18,9,17,0,9,1,0,4,18,15
19,12,11,14,223,1,0,458,38,9,16,4,off,1,0,7,1,16,17,9,0,6,8,0,2,8
19,12,11,15,224,1,0,460,39,11,18,6,off,0,12,16,12,7,13,12,0,9,6,0,14,13
19,12,12,13,241,1,0,494,41,4,10,16,off,0,2,12,14,5,17,15,4,17,16,7,2,7
19,12,12,14,242,1,0,496,42,4,10,16,off,0,9,0,7,0,3,14,7,18,18,13,17,11
19,16,2,5,43,1,0,102,9,18,15,12,off,0,12,15,4,5,16,16,1,11,17,4,18,17
19,16,2,18,56,1,0,128,11,18,15,12,off,0,10,12,8,2,16,3,9,12,15,0,4,18
19,16,3,5,62,1,0,140,12,12,8,4,off,0,11,8,14,17,3,10,10,0,4,16,15,3
19,16,3,6,63,1,0,142,12,0,15,11,q0,0,10,5,1,14,16,3,11,6,6,13,12,9
19,16,3,17,74,1,0,164,14,0,15,11,q0,0,6,2,4,16,11,17,6,13,15,13,12,9
19,16,3,18,75,1,0,166,14,12,8,4,off,0,13,2,6,10,0,7,17,8,2,10,16,13
19,16,4,5,81,1,0,178,15,4,18,13,off,0,16,7,5,14,12,18,17,5,17,13,3,4
19,16,4,6,82,1,0,180,16,11,6,1,off,0,13,1,10,17,11,11,10,12,10,3,4,11
19,16,4,7,83,1,0,182,15,1,15,10,off,0,9,12,14,6,0,11,17,11,13,9,15,6
19,16,4,16,92,1,0,200,17,1,15,10,off,0,5,8,9,16,10,17,11,13,0,4,18,9
19,16,4,17,93,1,0,202,17,11,6,1,off,0,10,0,13,13,4,4,17,17,15,8,16,6
19,16,4,18,94,1,0,204,18,4,18,13,off,0,6,9,3,11,11,5,14,9,12,2,2,16
19,16,5,5,100,1,0,216,19,13,7,1,off,0,8,16,10,1,2,13,0,6,2,3,1,2
19,16,5,6,101,1,0,218,18,1,14,8,off,0,18,5,17,14,8,8,10,8,10,13,9,15
19,16,5,7,102,1,0,220,19,10,4,17,off,0,12,4,4,8,7,10,2,12,16,2,11,12
19,16,5,8,103,1,0,222,19,2,15,9,off,0,5,16,1,14,12,17,7,6,8,3,18,15
19,16,5,15,110,1,0,236,20,2,15,9,off,0,10,12,6,11,18,13,4,9,11,5,16,5
19,16,5,16,111,1,0,238,20,10,4,17,off,0,8,10,3,7,10,12,11,2,2,14,18,15
19,16,5,17,112,1,0,240,21,1,14,8,off,0,13,17,2,6,10,18,5,4,4,15,18,14
19,16,5,18,113,1,0,242,20,13,7,1,off,0,10,14,4,16,17,0,12,10,16,1,9,14
19,16,6,5,119,1,0,254,21,1,13,6,off,0,8,4,0,18,12,8,9,13,14,3,2,1
19,16,6,6,120,1,0,256,22,8,1,13,off,0,1,17,3,4,18,16,5,17,8,18,0,12
19,16,6,7,121,1,0,258,22,17,10,3,off,0,14,7,17,0,9,9,1,8,7,16,17,13
19,16,6,8,122,1,0,260,22,9,2,14,off,0,4,18,12,17,7,9,11,4,3,18,8,18
19,16,6,9,123,1,0,262,22,3,15,8,off,0,1,5,14,10,7,16,12,17,13,13,6,18
19,16,6,14,128,1,0,272,23,3,15,8,off,0,11,13,1,11,3,4,4,0,3,15,13,4
19,16,6,15,129,1,0,274,23,9,2,14,off,1,0,11,7,0,6,15,15,14,11,1,4,7
19,16,6,16,130,1,0,276,24,17,10,3,off,0,15,4,17,11,11,0,4,10,5,18,13,13
19,16,6,17,131,1,0,278,23,8,1,13,off,0,7,10,15,11,14,11,0,2,7,3,9,9
19,16,6,18,132,1,0,280,24,1,13,6,off,0,6,6,1,7,9,16,17,5,16,8,14,15
19,16,7,5,138,1,0,292,25,6,17,9,off,0,4,11,4,12,5,15,8,5,5,12,13,16
19,16,7,6,139,1,0,294,25,13,5,16,off,0,12,12,14,1,18,3,12,8,3,7,15,9
19,16,7,7,140,1,0,296,25,3,14,6,off,0,4,2,7,11,0,2,13,11,14,14,2,10
19,16,7,8,141,1,0,298,25,14,6,17,off,0,10,13,8,10,13,4,12,2,3,17,4,15
19,16,7,9,142,1,0,300,26,8,0,11,qm,0,15,7,3,3,14,4,17,1,7,2,15,13
19,16,7,10,143,1,0,302,25,4,15,7,off,0,3,13,12,2,14,15,8,2,18,10,18,9
19,16,7,13,146,1,0,308,26,4,15,7,off,0,7,11,10,8,16,3,7,15,2,15,18,15
19,16,7,14,147,1,0,310,26,8,0,11,qm,0,6,11,9,10,16,6,9,9,5,11,5,13
19,16,7,15,148,1,0,312,27,14,6,17,off,1,0,14,17,6,2,6,5,8,0,3,10,14
19,16,7,16,149,1,0,314,26,3,14,6,off,0,18,0,17,1,6,14,11,3,10,10,16,8
19,16,7,17,150,1,0,316,27,13,5,16,off,0,12,15,14,12,16,2,0,17,6,2,4,6
19,16,7,18,151,1,0,318,27,6,17,9,off,0,5,8,10,4,11,2,3,8,5,11,1,12
19,16,8,5,157,1,0,330,28,9,0,10,qm,0,15,12,9,2,0,4,12,12,16,15,18,5
19,16,8,6,158,1,0,332,28,16,7,17,off,0,3,11,10,12,10,9,4,16,3,5,0,6
19,16,8,7,159,1,0,334,28,6,16,7,off,0,8,3,14,9,15,9,8,7,15,14,7,6
19,16,8,8,160,1,0,336,29,17,8,18,off,0,7,2,0,18,11,8,10,9,10,10,11,2
19,16,8,9,161,1,0,338,28,11,2,12,off,0,2,12,2,4,7,1,2,16,6,4,14,14
19,16,8,10,162,1,0,340,29,7,17,8,off,0,7,14,5,12,17,3,12,4,14,9,2,9
19,16,8,11,163,1,0,342,29,5,15,6,off,0,6,4,18,5,6,1,9,6,9,10,2,5
19,16,8,12,164,1,0,344,29,5,15,6,off,0,3,6,7,8,8,15,11,7,10,0,2,10
19,16,8,13,165,1,0,346,29,7,17,8,off,0,2,12,0,14,11,12,12,8,12,0,4,7
19,16,8,14,166,1,0,348,30,11,2,12,off,0,6,18,2,4,9,3,6,0,18,18,1,2
19,16,8,15,167,1,0,350,29,17,8,18,off,0,5,11,0,14,7,14,9,13,14,0,15,14
19,16,8,16,168,1,0,352,30,6,16,7,off,0,14,16,7,12,9,9,10,8,2,0,6,2
19,16,8,17,169,1,0,354,30,16,7,17,off,0,13,7,11,9,2,5,3,9,0,0,2,4
19,16,8,18,170,1,0,356,30,9,0,10,qm,0,9,11,14,3,15,10,13,17,11,13,1,7
19,16,9,5,176,1,0,368,31,10,0,9,qm,0,5,9,7,18,14,7,0,0,8,2,15,10
19,16,9,6,177,1,0,370,31,17,7,16,off,0,17,3,2,7,5,1,5,15,13,9,18,14
19,16,9,7,178,1,0,372,32,7,16,6,off,0,4,9,15,5,7,0,7,2,1,0,13,1
19,16,9,8,179,1,0,374,31,18,8,17,off,0,6,0,3,18,7,15,13,12,4,6,0,4
19,16,9,9,180,1,0,376,32,12,2,11,off,0,7,18,18,7,18,4,5,4,6,0,7,17
19,16,9,10,181,1,0,378,32,8,17,7,off,0,13,5,10,15,5,14,14,8,10,14,10,18
19,16,9,11,182,1,0,380,32,6,15,5,off,0,16,13,17,9,7,0,9,10,18,1,7,14
19,16,9,12,183,1,0,382,32,6,15,5,off,0,18,11,8,11,5,0,0,10,17,3,9,13
19,16,9,13,184,1,0,384,33,8,17,7,off,0,15,2,13,12,15,4,8,10,11,16,8,5
19,16,9,14,185,1,0,386,32,12,2,11,off,0,17,13,14,13,4,9,0,10,5,0,3,12
19,16,9,15,186,1,0,388,33,18,8,17,off,0,4,15,3,0,17,7,4,13,17,12,18,0
19,16,9,16,187,1,0,390,33,7,16,6,off,0,12,2,7,6,17,2,18,12,4,3,9,17
19,16,9,17,188,1,0,392,33,17,7,16,off,0,3,15,14,0,16,12,17,12,16,0,6,5
19,16,9,18,189,1,0,394,33,10,0,9,qm,0,10,18,6,12,4,1,1,10,7,15,3,5
19,16,10,5,195,1,0,406,34,9,17,6,off,0,18,10,8,4,17,8,1,18,4,9,16,3
19,16,10,6,196,1,0,408,35,16,5,13,off,0,1,7,11,0,1,4,15,7,10,5,7,9
19,16,10,7,197,1,0,410,34,6,14,3,off,0,5,10,0,2,14,4,4,1,0,7,9,6
19,16,10,8,198,1,0,412,35,17,6,14,off,0,16,2,16,8,15,5,13,18,8,4,16,7
19,16,10,9,199,1,0,414,35,11,0,8,qm,3,0,0,0,8,0,0,0,0,0,0,0,0
19,16,10,11,201,1,0,418,35,5,13,2,off,0,1,2,11,0,7,3,15,10,9,6,17,5
19,16,10,12,202,1,0,420,36,5,13,2,off,0,3,14,5,11,13,15,7,15,17,9,11,4
19,16,10,15,205,1,0,426,36,17,6,14,off,0,7,5,13,2,14,14,2,12,14,5,11,4
19,16,10,16,206,1,0,428,36,6,14,3,off,0,17,8,14,10,8,7,16,0,3,10,15,12
19,16,10,17,207,1,0,430,36,16,5,13,off,0,16,10,12,15,7,4,12,18,18,4,2,3
19,16,10,18,208,1,0,432,37,9,17,6,off,0,6,7,1,8,0,11,8,11,6,12,8,15
19,16,11,5,214,1,0,444,38,6,13,1,off,0,8,14,8,0,11,9,3,0,12,12,9,13
19,16,11,6,215,1,0,446,37,13,1,8,off,0,12,17,2,3,8,6,18,16,7,13,12,16
19,16,11,7,216,1,0,448,38,3,10,17,off,0,16,0,17,15,8,14,9,6,0,4,4,14
19,16,11,8,217,1,0,450,38,14,2,9,off,0,5,0,0,0,0,0,0,0,0,0,0,0
19,16,11,16,225,1,0,466,39,3,10,17,off,1,0,5,10,1,16,13,15,0,10,9,16,15
19,16,11,17,226,1,0,468,40,13,1,8,off,0,2,9,2,4,12,17,18,0,17,17,0,15
19,16,11,18,227,1,0,470,39,6,13,1,off,0,15,4,0,7,16,2,0,16,12,10,8,4
19,16,12,5,233,1,0,482,40,1,7,13,off,0,7,2,3,8,2,13,5,11,10,18,5,17
19,16,12,6,234,1,0,484,41,8,14,1,off,0,18,14,4,16,0,12,2,2,12,3,17,9
19,16,12,7,235,1,0,486,41,17,4,10,off,0,17,11,16,14,10,7,2,7,12,5,8,8
19,16,12,17,245,1,0,506,42,8,14,1,off,0,3,18,7,6,0,7,0,2,0,0,0,0
19,16,12,18,246,1,0,508,43,1,7,13,off,1,0,15,1,13,16,9,13,17,16,8,2,14
19,16,13,5,252,1,0,520,44,13,18,4,off,0,13,1,13,5,4,13,17,5,18,3,3,13
19,16,13,6,253,1,0,522,44,1,6,11,off,0,18,11,12,17,11,1,12,3,2,0,8,11
19,16,13,18,265,1,0,546,46,13,18,4,off,0,8,8,16,12,13,13,10,12,9,8,8,13
19,16,14,5,271,1,0,558,47,4,8,12,off,0,13,4,1,10,9,1,18,11,4,0,6,8
23,12,2,13,59,1,0,130,11,7,4,1,off,1,0,19,18,10,13,4,22,22,4,15,13,12
23,12,2,22,68,1,0,148,13,7,4,1,off,0,16,1,0,11,22,18,18,13,1,19,3,9
23,12,3,13,82,1,0,176,15,1,20,16,off,0,13,0,3,9,15,17,14,3,22,12,2,3
23,12,3,14,83,1,0,178,15,16,12,8,off,0,4,6,14,21,11,3,21,6,16,22,19,20
23,12,3,21,90,1,0,192,17,16,12,8,off,0,3,3,21,9,10,9,17,7,22,13,2,22
23,12,3,22,91,1,0,194,16,1,20,16,off,0,1,5,4,13,19,17,6,21,9,10,2,11
23,12,4,13,105,1,0,222,19,16,11,6,off,1,0,10,17,4,18,16,4,8,10,3,17,16
23,12,4,14,106,1,0,224,19,8,3,21,off,0,4,2,9,13,14,20,16,6,21,4,21,17
23,12,4,15,107,1,0,226,19,2,20,15,off,0,18,1,13,13,14,16,11,11,14,6,21,12
23,12,4,20,112,1,0,236,20,2,20,15,off,0,12,1,8,14,13,4,15,11,10,11,14,19
23,12,4,21,113,1,0,238,20,8,3,21,off,0,12,15,12,9,14,13,0,13,3,3,16,0
23,12,4,22,114,1,0,240,21,16,11,6,off,0,12,22,7,7,21,4,19,21,22,14,18,9
23,12,5,13,128,1,0,268,23,6,0,17,qm,0,22,10,14,7,15,17,14,0,21,10,12,13
23,12,5,14,129,1,0,270,23,21,15,9,off,0,21,10,14,13,10,0,22,9,14,14,20,6
23,12,5,15,130,1,0,272,23,15,9,3,off,0,6,2,8,18,13,12,22,17,17,1,2,2
23,12,5,16,131,1,0,274,23,11,5,22,off,0,17,0,11,1,15,0,6,19,7,16,2,12
23,12,5,19,134,1,0,280,24,11,5,22,off,0,1,2,16,22,7,11,18,1,5,18,4,7
23,12,5,20,135,1,0,282,24,15,9,3,off,0,6,0,16,17,3,21,16,0,18,1,16,16
23,12,5,21,136,1,0,284,24,21,15,9,off,0,11,1,5,19,18,7,10,1,12,4,2,18
23,12,5,22,137,1,0,286,24,6,0,17,qm,0,13,8,12,12,20,6,0,18,3,13,6,17
23,12,6,13,151,1,0,314,26,17,10,3,off,1,0,13,18,8,20,20,5,21,5,7,8,6
23,12,6,14,152,1,0,316,27,9,2,18,off,0,17,13,22,4,17,0,20,16,18,4,15,19
23,12,6,15,153,1,0,318,27,3,19,12,off,0,18,12,13,0,10,19,12,7,9,6,13,16
23,12,6,16,154,1,0,320,27,22,15,8,off,0,3,20,8,1,17,3,13,15,15,12,19,18
23,12,6,17,155,1,0,322,27,20,13,6,off,0,14,20,7,22,2,7,8,7,12,2,10,14
23,12,6,18,156,1,0,324,28,20,13,6,off,0,2,22,5,20,11,19,20,8,3,0,2,12
23,12,6,19,157,1,0,326,27,22,15,8,off,0,5,8,2,0,20,17,1,4,6,20,9,18
23,12,6,20,158,1,0,328,28,3,19,12,off,0,11,15,19,19,20,20,17,4,22,19,21,16
23,12,6,21,159,1,0,330,28,9,2,18,off,0,16,5,14,4,4,10,9,14,10,8,22,5
23,12,6,22,160,1,0,332,28,17,10,3,off,0,15,15,19,21,2,16,8,2,10,12,14,9
23,12,7,13,174,1,0,360,31,3,18,10,off,0,8,16,19,5,20,15,12,18,10,20,14,3
23,12,7,14,175,1,0,362,30,18,10,2,off,0,12,16,4,14,0,6,22,6,19,3,11,7
23,12,7,15,176,1,0,364,31,12,4,19,off,0,3,15,16,1,0,8,13,16,12,2,11,22
23,12,7,16,177,1,0,366,31,8,0,15,qm,0,20,9,7,0,6,19,17,0,21,2,7,0
23,12,7,17,178,1,0,368,31,6,21,13,off,0,15,13,3,4,10,7,14,11,18,16,5,13
23,12,7,18,179,1,0,370,31,6,21,13,off,0,5,2,7,21,5,22,12,4,12,19,21,17
23,12,7,19,180,0,1,372,32,8,0,15,qm,-1,0,0,0,0,0,0,0,0,0,0,0,0
23,12,7,20,181,1,0,374,31,12,4,19,off,0,21,21,14,20,13,3,17,21,22,1,10,5
23,12,7,21,182,1,0,376,32,18,10,2,off,0,13,9,10,14,22,10,16,4,1,2,2,7
23,12,7,22,183,1,0,378,32,3,18,10,off,0,13,4,14,13,17,5,7,2,8,6,8,8
23,12,8,13,197,1,0,406,34,10,1,15,off,0,19,9,3,19,7,4,4,0,5,11,21,10
23,12,8,14,198,1,0,408,35,2,16,7,off,0,3,5,15,22,20,0,10,14,9,10,4,14
23,12,8,15,199,1,0,410,34,19,10,1,off,0,6,16,16,1,11,19,16,15,6,6,6,13
23,12,8,16,200,1,0,412,35,15,6,20,off,0,11,18,8,15,13,17,11,12,5,3,15,20
23,12,8,17,201,1,0,414,35,13,4,18,off,0,18,15,10,7,17,14,4,21,9,14,2,13
23,12,8,18,202,1,0,416,35,13,4,18,off,0,9,11,2,13,19,8,3,8,19,18,21,0
23,12,8,19,203,1,0,418,35,15,6,20,off,0,10,9,10,2,3,8,5,14,3,22,8,0
23,12,8,20,204,1,0,420,36,19,10,1,off,0,5,12,15,14,14,12,13,14,15,8,7,18
23,12,8,21,205,1,0,422,35,2,16,7,off,0,7,12,11,3,12,7,3,5,17,16,22,0
23,12,8,22,206,1,0,424,36,10,1,15,off,0,12,22,6,1,14,5,5,20,4,1,9,10
23,12,9,13,220,1,0,452,38,15,5,18,off,0,22,17,10,14,9,0,2,18,2,8,8,6
23,12,9,14,221,1,0,454,38,7,20,10,off,0,5,9,20,0,22,11,5,17,12,11,16,5
23,12,9,15,222,1,0,456,39,1,14,4,off,0,17,1,20,11,8,20,0,17,5,9,13,10
23,12,9,16,223,1,0,458,38,20,10,0,q1,0,4,21,7,4,0,3,16,16,7,17,15,16
23,12,9,17,224,1,0,460,39,18,8,21,off,0,7,19,9,6,22,13,10,14,4,2,19,17
23,12,9,18,225,1,0,462,39,18,8,21,off,0,20,1,1,22,3,20,13,0,4,4,11,22
23,12,9,19,226,1,0,464,39,20,10,0,q1,0,1,7,20,4,18,14,11,16,3,8,1,19
23,12,9,20,227,1,0,466,39,1,14,4,off,0,10,21,14,6,11,4,0,0,5,12,8,5
23,12,9,21,228,1,0,468,40,7,20,10,off,1,0,20,22,12,10,3,0,2,3,19,22,2
23,12,9,22,229,1,0,470,39,15,5,18,off,0,3,14,2,5,15,0,0,5,8,11,1,1
23,12,10,13,243,1,0,498,42,18,7,19,off,0,16,3,22,3,10,0,1,11,13,2,3,21
23,12,10,14,244,1,0,500,42,10,22,11,off,0,2,10,9,8,0,16,9,2,13,2,12,6
23,12,10,15,245,1,0,502,42,4,16,5,off,0,6,19,2,20,4,9,2,2,14,10,11,1
23,12,10,16,246,1,0,504,43,0,12,1,q0,0,21,16,3,20,21,6,15,11,13,16,0,2
23,12,10,17,247,1,0,506,42,21,10,22,off,0,18,17,18,8,6,10,14,12,7,14,2,20
23,12,10,18,248,1,0,508,43,21,10,22,off,0,14,5,14,12,8,9,2,4,8,0,7,9
23,12,10,19,249,1,0,510,43,0,12,1,q0,0,8,10,20,0,21,2,14,14,15,6,0,12
23,12,10,20,250,1,0,512,43,4,16,5,off,0,9,0,18,1,3,17,10,19,17,3,19,3
23,12,10,21,251,1,0,514,43,10,22,11,off,0,6,11,16,10,10,9,5,22,4,0,9,3
23,12,10,22,252,1,0,516,44,18,7,19,off,0,11,14,1,20,21,19,9,14,13,4,12,9
23,12,11,13,266,1,0,544,46,19,7,18,off,0,16,20,21,6,1,16,19,9,11,3,11,11
23,12,11,14,267,1,0,546,46,11,22,10,off,0,14,20,1,18,15,22,17,10,17,0,4,12
23,12,11,15,268,1,0,548,46,5,16,4,off,0,11,3,5,4,19,1,9,12,20,20,18,9
23,12,11,16,269,1,0,550,46,1,12,0,q1,0,12,11,4,18,4,22,18,8,16,16,15,2
23,12,11,17,270,1,0,552,47,22,10,21,off,0,3,4,2,12,22,8,12,9,22,18,0,15
23,12,11,18,271,1,0,554,46,22,10,21,off,1,0,3,8,6,2,18,2,15,3,14,19,0
23,12,11,19,272,1,0,556,47,1,12,0,q1,0,11,9,3,3,13,1,7,4,3,4,17,3
23,12,11,20,273,1,0,558,47,5,16,4,off,0,3,22,6,21,20,18,20,21,22,20,22,21
23,12,11,21,274,1,0,560,47,11,22,10,off,0,20,13,13,5,6,5,4,20,0,10,15,18
23,12,11,22,275,1,0,562,47,19,7,18,off,0,20,11,16,13,15,5,20,7,6,13,2,16
23,12,12,13,289,1,0,590,49,18,5,15,off,0,8,14,17,18,16,9,14,13,7,11,15,5
23,12,12,14,290,1,0,592,50,10,20,7,off,0,12,8,4,21,0,18,12,16,4,3,11,6
23,12,12,15,291,1,0,594,50,4,14,1,off,0,19,5,16,2,10,10,18,1,13,2,4,22
23,12,12,16,292,1,0,596,50,0,10,20,q0,0,7,8,13,9,15,6,12,22,6,17,18,10
23,12,12,17,293,1,0,598,50,21,8,18,off,0,19,3,12,20,5,2,16,15,6,17,6,5
23,12,12,18,294,1,0,600,51,21,8,18,off,0,20,12,15,6,0,0,17,9,14,9,3,6
23,12,12,19,295,1,0,602,50,0,10,20,q0,0,11,11,2,5,21,4,17,3,18,20,11,9
23,12,12,20,296,1,0,604,51,4,14,1,off,0,20,21,22,5,17,0,17,19,8,19,14,6
23,12,12,21,297,1,0,606,51,10,20,7,off,0,6,2,12,22,7,2,21,22,4,15,21,14
23,12,12,22,298,1,0,608,51,18,5,15,off,0,13,16,8,19,5,5,9,8,12,18,9,0
23,12,13,14,313,1,0,638,53,7,16,2,off,0,9,19,2,16,6,15,0,19,16,10,18,9
23,12,13,15,314,1,0,640,54,1,10,19,off,0,18,13,0,17,22,21,12,21,18,18,15,13
23,12,13,16,315,1,0,642,54,20,6,15,off,0,21,6,7,10,10,1,3,6,22,0,22,17
23,12,13,17,316,1,0,644,54,18,4,13,off,0,17,14,11,9,6,12,5,7,21,18,12,5
23,12,13,18,317,1,0,646,54,18,4,13,off,0,21,11,18,7,3,18,1,13,14,7,9,3
23,12,13,19,318,1,0,648,55,20,6,15,off,1,0,18,16,18,21,3,10,16,12,3,16,16
23,12,13,20,319,1,0,650,54,1,10,19,off,0,12,12,0,16,5,15,19,9,16,10,22,5
23,12,13,21,320,1,0,652,55,7,16,2,off,0,19,22,18,11,16,18,21,11,17,17,17,17
23,12,14,15,337,1,0,686,57,19,4,12,off,0,8,15,17,13,16,0,11,3,19,11,8,15
23,12,14,16,338,0,1,688,58,15,0,8,qm,-1,0,0,0,0,0,0,0,0,0,0,0,0
23,12,14,17,339,1,0,690,58,13,21,6,off,0,17,14,0,14,11,17,17,19,7,14,12,1
23,12,14,18,340,1,0,692,58,13,21,6,off,0,20,21,0,3,15,13,7,16,2,18,11,0
23,12,14,19,341,0,1,694,58,15,0,8,qm,-1,0,0,0,0,0,0,0,0,0,0,0,0
23,12,14,20,342,1,0,696,59,19,4,12,off,0,9,22,10,4,13,15,12,22,12,15,4,18
23,12,15,16,361,1,0,734,61,8,15,22,off,0,3,1,18,20,22,1,12,17,7,15,22,2
23,12,15,17,362,1,0,736,62,6,13,20,off,0,12,7,6,2,17,14,16,22,15,4,0,8
23,12,15,18,363,1,0,738,62,6,13,20,off,0,8,4,16,15,18,18,7,0,15,8,0,9
23,12,15,19,364,1,0,740,62,8,15,22,off,1,0,17,6,21,7,22,9,12,16,0,1,14
23,12,16,17,385,1,0,782,65,20,3,9,off,2,0,0,3,6,15,7,14,16,11,8,3,3
23,12,16,18,386,1,0,784,66,20,3,9,off,1,0,17,17,0,7,5,2,21,17,18,21,21
29,22,2,9,67,1,0,156,14,3,0,26,qm,0,14,14,3,17,10,20,26,4,8,23,27,11
29,22,2,28,86,1,0,194,16,3,0,26,qm,0,13,2,2,2,1,13,9,26,22,21,16,7
29,22,3,9,96,1,0,214,18,26,22,18,off,0,19,16,17,16,23,4,11,0,15,15,8,4
29,22,3,10,97,1,0,216,19,8,4,0,q1,0,15,15,15,25,23,16,24,0,7,10,26,26
29,22,3,27,114,1,0,250,21,8,4,0,q1,0,19,28,22,15,23,17,13,7,17,9,20,24
29,22,3,28,115,1,0,252,22,26,22,18,off,0,16,25,12,11,24,1,7,22,10,19,3,17
29,22,4,9,125,1,0,272,23,18,13,8,off,0,9,27,17,9,10,2,20,8,16,27,21,4
29,22,4,10,126,1,0,274,23,0,24,19,q0,0,8,9,3,25,26,26,9,20,22,3,16,19
29,22,4,11,127,1,0,276,24,13,8,3,off,0,2,17,0,1,7,6,26,13,2,27,4,25
29,22,4,26,142,1,0,306,26,13,8,3,off,0,20,23,16,26,13,14,1,22,0,21,5,26
29,22,4,27,143,1,0,308,26,0,24,19,q0,0,16,0,28,4,18,23,11,26,15,2,2,23
29,22,4,28,144,1,0,310,26,18,13,8,off,0,10,21,24,23,12,15,21,15,18,11,28,17
29,22,5,9,154,1,0,330,28,8,2,25,off,0,4,22,11,0,8,23,6,20,0,4,12,22
29,22,5,10,155,1,0,332,28,19,13,7,off,0,16,22,13,12,28,15,15,24,4,20,22,20
29,22,5,11,156,1,0,334,28,3,26,20,off,0,22,16,7,24,21,0,3,27,2,1,21,26
29,22,5,12,157,1,0,336,29,18,12,6,off,0,8,11,11,21,0,24,21,6,11,28,3,24
29,22,5,25,170,1,0,362,30,18,12,6,off,0,10,9,15,27,16,5,6,11,2,7,18,16
29,22,5,26,171,1,0,364,31,3,26,20,off,0,8,16,10,12,8,8,28,22,26,3,17,15
29,22,5,27,172,1,0,366,31,19,13,7,off,0,20,19,3,9,17,15,18,19,15,17,27,6
29,22,5,28,173,1,0,368,31,8,2,25,off,0,12,1,5,7,4,1,21,3,27,27,16,17
29,22,6,9,183,1,0,388,33,25,18,11,off,0,5,3,5,7,0,0,7,28,28,28,4,1
29,22,6,10,184,1,0,390,33,7,0,22,qm,0,7,6,12,9,17,27,20,5,7,8,1,4
29,22,6,11,185,1,0,392,33,20,13,6,off,0,22,5,15,14,22,11,18,15,4,28,28,5
29,22,6,12,186,1,0,394,33,6,28,21,off,1,0,26,22,18,24,18,14,10,23,9,10,1
29,22,6,13,187,1,0,396,34,23,16,9,off,0,16,0,28,10,21,24,12,20,21,28,10,10
29,22,6,24,198,1,0,418,35,23,16,9,off,0,27,17,13,6,1,6,20,25,11,2,23,26
29,22,6,25,199,1,0,420,36,6,28,21,off,0,4,12,14,16,2,17,4,18,13,24,24,19
29,22,6,26,200,1,0,422,35,20,13,6,off,0,25,3,25,18,18,11,14,15,21,1,25,0
29,22,6,27,201,1,0,424,36,7,0,22,qm,0,7,28,17,10,0,20,9,20,28,1,18,17
29,22,6,28,202,1,0,426,36,25,18,11,off,0,23,8,17,14,12,9,28,19,9,23,3,17
29,22,7,9,212,1,0,446,37,11,3,24,off,0,15,9,1,7,2,14,21,13,27,9,21,5
29,22,7,10,213,1,0,448,38,22,14,6,off,0,20,2,17,17,19,28,4,27,22,8,11,13
29,22,7,11,214,1,0,450,38,6,27,19,off,0,9,20,12,21,6,2,17,24,25,25,9,18
29,22,7,12,215,1,0,452,38,21,13,5,off,0,11,17,12,28,17,9,19,0,15,27,26,0
29,22,7,13,216,1,0,454,38,9,1,22,off,0,3,6,1,20,14,5,3,19,4,28,23,18
29,22,7,14,217,1,0,456,39,28,20,12,off,0,18,12,1,8,28,20,0,14,3,20,2,6
29,22,7,23,226,1,0,474,40,28,20,12,off,0,13,12,16,12,14,20,18,18,6,12,8,9
29,22,7,24,227,1,0,476,40,9,1,22,off,0,7,21,0,1,28,6,0,14,8,23,7,18
29,22,7,25,228,1,0,478,40,21,13,5,off,0,2,3,9,20,16,25,24,25,1,25,20,10
29,22,7,26,229,1,0,480,41,6,27,19,off,0,11,19,20,11,6,6,26,5,9,24,18,11
29,22,7,27,230,1,0,482,40,22,14,6,off,0,3,12,7,17,9,12,14,2,8,28,24,14
29,22,7,28,231,1,0,484,41,11,3,24,off,0,1,21,25,1,15,11,21,28,2,9,20,14
29,22,8,9,241,1,0,504,43,24,15,6,off,0,18,0,20,6,6,24,10,19,7,7,12,17
29,22,8,10,242,1,0,506,42,6,26,17,off,0,8,26,17,22,4,6,6,6,27,1,2,26
29,22,8,11,243,1,0,508,43,19,10,1,off,0,19,1,9,13,15,6,17,24,16,22,12,1
29,22,8,12,244,1,0,510,43,5,25,16,off,0,2,3,8,21,19,6,10,8,5,4,25,8
29,22,8,13,245,1,0,512,43,22,13,4,off,0,4,21,3,12,24,7,19,7,23,13,15,6
29,22,8,14,246,1,0,514,43,12,3,23,off,0,20,19,22,10,25,6,1,0,17,21,11,7
29,22,8,15,247,1,0,516,44,4,24,15,off,0,3,27,25,28,14,13,10,12,13,20,4,18
29,22,8,22,254,1,0,530,44,4,24,15,off,0,5,13,5,22,1,22,23,11,21,13,4,19
29,22,8,23,255,1,0,532,45,12,3,23,off,0,4,28,1,11,17,28,21,13,2,23,11,20
29,22,8,24,256,1,0,534,45,22,13,4,off,1,0,5,19,18,4,19,18,1,0,28,28,20
29,22,8,25,257,1,0,536,45,5,25,16,off,0,18,10,21,0,20,1,0,19,21,26,3,13
29,22,8,26,258,1,0,538,45,19,10,1,off,0,23,3,21,16,13,1,17,13,18,0,19,20
29,22,8,27,259,1,0,540,46,6,26,17,off,0,20,28,9,12,18,18,9,19,15,11,22,24
29,22,8,28,260,1,0,542,45,24,15,6,off,0,9,0,22,3,16,18,21,20,19,19,1,19
29,22,9,9,270,1,0,562,47,6,25,15,off,0,28,22,13,8,21,1,17,28,9,16,5,1
29,22,9,10,271,1,0,564,48,17,7,26,off,0,17,24,25,10,6,15,0,25,0,10,4,18
29,22,9,11,272,1,0,566,47,1,20,10,off,0,22,4,23,8,23,13,27,10,7,5,23,13
29,22,9,12,273,1,0,568,48,16,6,25,off,0,19,8,23,26,20,2,19,23,16,9,4,8
29,22,9,13,274,1,0,570,48,4,23,13,off,0,2,21,19,2,14,22,23,16,20,20,22,15
29,22,9,14,275,1,0,572,48,23,13,3,off,0,12,13,20,4,5,13,8,22,21,26,16,20
29,22,9,15,276,1,0,574,48,15,5,24,off,0,14,17,6,26,23,12,7,16,9,11,19,10
29,22,9,16,277,1,0,576,49,9,28,18,off,0,10,17,15,17,14,24,24,10,4,4,14,5
29,22,9,21,282,1,0,586,49,9,28,18,off,0,17,17,14,19,3,14,0,3,4,0,1,6
29,22,9,22,283,1,0,588,50,15,5,24,off,0,3,13,11,28,25,20,20,21,23,2,0,26
29,22,9,23,284,1,0,590,49,23,13,3,off,0,27,8,1,20,22,27,23,11,6,3,0,28
29,22,9,24,285,1,0,592,50,4,23,13,off,0,4,9,13,23,25,7,1,24,2,16,22,6
29,22,9,25,286,1,0,594,50,16,6,25,off,0,19,18,21,27,1,18,13,5,22,22,14,19
29,22,9,26,287,1,0,596,50,1,20,10,off,0,25,23,22,0,27,7,5,12,7,8,15,12
29,22,9,27,288,1,0,598,50,17,7,26,off,1,0,20,12,8,3,13,21,14,25,5,13,22
29,22,9,28,289,1,0,600,51,6,25,15,off,0,8,2,24,24,19,2,2,27,14,18,0,17
29,22,10,9,299,1,0,620,52,15,4,22,off,0,26,13,28,3,18,12,8,14,5,15,13,13
29,22,10,10,300,1,0,622,52,26,15,4,off,0,19,2,15,18,5,27,8,18,23,8,10,27
29,22,10,11,301,1,0,624,53,10,28,17,off,0,4,18,6,22,16,2,12,2,20,1,15,12
29,22,10,12,302,1,0,626,52,25,14,3,off,2,0,0,3,25,28,7,3,16,9,13,5,15
29,22,10,13,303,1,0,628,53,13,2,20,off,0,13,12,23,26,9,0,4,25,10,28,10,22
29,22,10,14,304,1,0,630,53,3,21,10,off,0,21,20,1,23,3,20,8,23,20,5,5,11
29,22,10,15,305,1,0,632,53,24,13,2,off,0,3,26,1,3,16,22,27,5,19,5,7,0
29,22,10,16,306,1,0,634,53,18,7,25,off,0,1,11,6,4,18,18,1,12,25,6,4,25
29,22,10,17,307,1,0,636,54,14,3,21,off,0,24,6,8,12,21,14,27,28,12,5,7,23
29,22,10,20,310,1,0,642,54,14,3,21,off,0,4,2,6,19,0,0,1,23,5,26,2,12
29,22,10,21,311,1,0,644,54,18,7,25,off,0,28,13,7,25,11,22,6,5,23,22,3,22
29,22,10,22,312,1,0,646,54,24,13,2,off,0,12,13,8,20,14,14,5,7,24,0,3,19
29,22,10,23,313,1,0,648,55,3,21,10,off,0,23,10,20,27,14,22,4,27,21,5,4,19
29,22,10,24,314,1,0,650,54,13,2,20,off,0,16,3,10,0,23,11,2,4,11,11,24,0
29,22,10,25,315,1,0,652,55,25,14,3,off,0,28,4,17,23,21,6,25,2,20,2,16,16
29,22,10,26,316,1,0,654,55,10,28,17,off,0,23,26,5,13,7,23,1,0,16,3,26,14
29,22,10,27,317,1,0,656,55,26,15,4,off,0,3,6,12,24,6,19,23,23,18,5,11,2
29,22,10,28,318,1,0,658,55,15,4,22,off,0,8,15,3,9,28,1,16,28,14,12,27,25
29,22,11,9,328,1,0,678,57,22,10,27,off,0,20,8,0,10,26,28,2,8,20,28,23,13
29,22,11,10,329,1,0,680,57,4,21,9,off,0,28,26,14,19,10,4,2,10,13,3,19,11
29,22,11,11,330,1,0,682,57,17,5,22,off,0,24,21,15,1,19,6,7,18,17,24,25,3
29,22,11,12,331,1,0,684,58,3,20,8,off,0,10,22,3,14,26,1,2,10,12,5,12,18
29,22,11,13,332,1,0,686,57,20,8,25,off,0,20,27,9,5,2,1,22,16,6,9,25,2
29,22,11,14,333,1,0,688,58,10,27,15,off,0,4,17,14,26,23,17,13,28,2,12,25,0
29,22,11,15,334,1,0,690,58,2,19,7,off,0,15,11,10,3,10,18,25,24,19,18,17,17
29,22,11,16,335,1,0,692,58,25,13,1,off,0,16,13,13,0,21,21,14,6,7,12,0,13
29,22,11,17,336,1,0,694,58,21,9,26,off,0,19,0,10,21,24,10,23,4,12,2,13,21
29,22,11,18,337,1,0,696,59,19,7,24,off,0,25,16,9,19,20,22,1,4,10,0,28,7
29,22,11,19,338,1,0,698,58,19,7,24,off,1,0,25,3,27,18,13,16,7,3,3,0,18
29,22,11,20,339,1,0,700,59,21,9,26,off,0,2,7,16,15,28,4,8,12,27,6,15,10
29,22,11,21,340,1,0,702,59,25,13,1,off,0,19,16,26,1,9,24,19,6,9,28,2,27
29,22,11,22,341,1,0,704,59,2,19,7,off,0,2,4,5,22,14,10,21,28,27,4,17,14
29,22,11,23,342,1,0,706,59,10,27,15,off,0,12,27,17,3,10,24,16,2,15,12,18,20
29,22,11,24,343,1,0,708,60,20,8,25,off,0,7,12,1,19,11,18,28,0,9,28,28,8
29,22,11,25,344,1,0,710,59,3,20,8,off,0,11,18,19,28,0,9,9,13,12,28,11,1
29,22,11,26,345,1,0,712,60,17,5,22,off,1,0,26,19,25,24,23,27,9,8,23,21,17
29,22,11,27,346,1,0,714,60,4,21,9,off,0,3,15,4,3,14,27,10,1,22,14,2,0
29,22,11,28,347,1,0,716,60,22,10,27,off,0,27,5,11,11,12,13,0,5,9,1,22,12
29,22,12,9,357,1,0,736,62,27,14,1,off,0,11,16,18,21,25,17,4,17,10,1,9,4
29,22,12,10,358,1,0,738,62,9,25,12,off,0,19,25,26,9,7,8,20,16,10,4,21,15
29,22,12,11,359,1,0,740,62,22,9,25,off,0,13,16,27,17,25,0,12,26,5,2,26,27
29,22,12,12,360,1,0,742,62,8,24,11,off,0,28,27,0,19,7,5,25,1,6,7,6,10
29,22,12,13,361,1,0,744,63,25,12,28,off,0,17,5,15,5,2,15,21,20,9,2,12,10
29,22,12,14,362,1,0,746,62,15,2,18,off,0,12,15,26,23,15,4,22,27,0,7,0,8
29,22,12,15,363,1,0,748,63,7,23,10,off,0,7,15,27,27,19,6,17,16,21,12,13,16
29,22,12,16,364,1,0,750,63,1,17,4,off,0,9,6,16,0,9,2,21,8,26,9,15,0
29,22,12,17,365,1,0,752,63,26,13,0,q1,0,6,19,15,13,3,22,20,4,20,25,24,2
29,22,12,18,366,1,0,754,63,24,11,27,off,0,5,3,6,13,23,10,24,7,10,3,28,6
29,22,12,19,367,1,0,756,64,24,11,27,off,0,2,21,20,13,26,21,0,21,13,12,3,9
29,22,12,20,368,1,0,758,63,26,13,0,q1,0,25,15,12,15,12,18,27,10,5,15,3,14
29,22,12,21,369,1,0,760,64,1,17,4,off,1,0,22,25,4,4,24,19,5,22,23,3,18
29,22,12,22,370,1,0,762,64,7,23,10,off,0,28,18,14,11,22,25,13,4,2,1,24,25
29,22,12,23,371,1,0,764,64,15,2,18,off,0,8,17,3,8,11,22,9,24,14,16,11,16
29,22,12,24,372,1,0,766,64,25,12,28,off,0,20,0,28,12,10,14,11,24,27,10,4,25
29,22,12,25,373,1,0,768,65,8,24,11,off,0,4,9,2,5,11,0,24,27,1,11,24,18
29,22,12,26,374,1,0,770,64,22,9,25,off,0,13,6,17,14,28,16,3,20,2,6,26,26
29,22,12,27,375,1,0,772,65,9,25,12,off,0,16,14,23,15,22,23,15,20,18,25,7,16
29,22,12,28,376,1,0,774,65,27,14,1,off,0,22,26,9,13,1,27,24,4,20,12,26,28
29,22,13,9,386,1,0,794,66,1,16,2,off,0,9,13,20,24,2,23,27,28,2,23,11,23
29,22,13,10,387,1,0,796,67,12,27,13,off,0,1,0,27,16,21,24,11,23,17,25,2,9
29,22,13,11,388,1,0,798,67,25,11,26,off,0,27,28,10,14,0,28,17,2,17,26,9,10
29,22,13,12,389,1,0,800,67,11,26,12,off,0,26,0,26,24,9,27,21,8,11,25,7,14
29,22,13,13,390,1,0,802,67,28,14,0,q1,0,1,24,10,11,23,7,5,10,5,17,17,16
29,22,13,14,391,1,0,804,68,18,4,19,off,0,1,16,18,28,10,1,12,11,1,0,14,6
29,22,13,15,392,1,0,806,67,10,25,11,off,0,21,4,13,19,6,10,22,6,12,12,9,14
29,22,13,16,393,1,0,808,68,4,19,5,off,0,24,22,26,9,15,10,19,19,1,20,1,8
29,22,13,17,394,1,0,810,68,0,15,1,q0,0,21,21,24,12,14,7,27,5,24,0,6,0
29,22,13,18,395,1,0,812,68,27,13,28,off,0,10,27,24,12,2,1,13,9,9,12,11,8
29,22,13,19,396,1,0,814,68,27,13,28,off,0,13,7,27,11,28,15,5,8,17,25,17,23
29,22,13,20,397,1,0,816,69,0,15,1,q0,0,27,9,3,10,24,23,2,21,2,20,0,22
29,22,13,21,398,1,0,818,68,4,19,5,off,0,18,18,22,25,24,13,2,4,15,14,24,16
29,22,13,22,399,1,0,820,69,10,25,11,off,0,6,27,27,27,11,2,22,2,3,26,0,7
29,22,13,23,400,1,0,822,69,18,4,19,off,0,16,6,9,4,24,1,27,24,25,9,12,9
29,22,13,24,401,0,1,824,69,28,14,0,q1,-1,0,0,0,0,0,0,0,0,0,0,0,0
29,22,13,25,402,1,0,826,69,11,26,12,off,0,17,23,5,7,17,0,27,26,28,14,16,9
29,22,13,26,403,1,0,828,70,25,11,26,off,0,10,1,24,13,25,17,20,25,0,25,3,23
29,22,13,27,404,1,0,830,69,12,27,13,off,0,18,1,11,2,17,13,16,16,10,6,20,11
29,22,13,28,405,1,0,832,70,1,16,2,off,0,24,8,0,7,20,6,5,5,14,21,6,8
29,22,14,9,415,1,0,852,72,2,16,1,off,0,11,10,24,15,19,28,1,4,4,2,7,5
29,22,14,10,416,1,0,854,71,13,27,12,off,0,10,26,2,27,17,12,22,16,22,6,25,17
29,22,14,11,417,1,0,856,72,26,11,25,off,0,9,17,8,14,4,15,22,17,5,7,22,4
29,22,14,12,418,1,0,858,72,12,26,11,off,0,14,11,16,17,16,6,15,10,1,11,22,23
29,22,14,13,419,0,1,860,72,0,14,28,q0,-1,0,0,0,0,0,0,0,0,0,0,0,0
29,22,14,14,420,1,0,862,72,19,4,18,off,0,14,3,19,12,11,23,0,18,21,15,9,2
29,22,14,15,421,1,0,864,73,11,25,10,off,0,16,22,12,7,15,23,20,5,19,23,9,22
29,22,14,16,422,1,0,866,72,5,19,4,off,0,4,22,25,26,10,11,27,28,4,11,25,19
29,22,14,17,423,1,0,868,73,1,15,0,q1,0,15,4,27,16,18,23,19,22,5,12,10,3
29,22,14,18,424,1,0,870,73,28,13,27,off,0,9,26,24,14,19,6,3,25,17,16,28,10
29,22,14,19,425,1,0,872,73,28,13,27,off,0,19,10,2,20,13,4,5,28,14,7,4,28
29,22,14,20,426,1,0,874,73,1,15,0,q1,0,20,28,5,19,9,24,16,23,22,8,27,6
29,22,14,21,427,1,0,876,74,5,19,4,off,0,25,25,16,27,9,28,19,0,26,19,15,4
29,22,14,22,428,1,0,878,73,11,25,10,off,0,11,22,28,3,6,23,8,24,19,23,9,26
29,22,14,23,429,1,0,880,74,19,4,18,off,0,13,9,8,4,2,2,19,7,25,13,27,23
29,22,14,24,430,1,0,882,74,0,14,28,q0,0,9,5,6,15,25,2,1,11,28,13,23,13
29,22,14,25,431,1,0,884,74,12,26,11,off,0,13,22,6,0,12,0,20,9,8,11,22,1
29,22,14,26,432,1,0,886,74,26,11,25,off,0,12,7,18,17,22,13,17,10,16,6,4,0
29,22,14,27,433,1,0,888,75,13,27,12,off,0,17,27,20,10,9,22,9,19,8,12,12,27
29,22,14,28,434,1,0,890,74,2,16,1,off,0,24,10,0,28,10,3,1,20,13,8,6,8
29,22,15,9,444,1,0,910,76,1,14,27,off,0,10,25,11,6,16,11,1,21,7,4,23,23
29,22,15,10,445,1,0,912,77,12,25,9,off,0,23,25,5,13,20,28,10,22,12,10,12,21
29,22,15,11,446,1,0,914,76,25,9,22,off,0,3,25,16,14,2,0,12,21,8,21,17,18
29,22,15,12,447,1,0,916,77,11,24,8,off,0,23,22,24,11,19,20,15,14,0,28,14,22
29,22,15,13,448,1,0,918,77,28,12,25,off,0,5,25,22,17,5,6,8,24,6,27,0,26
29,22,15,14,449,1,0,920,77,18,2,15,off,10,0,0,0,0,0,0,0,0,0,0,8,0
29,22,15,16,451,1,0,924,78,4,17,1,off,0,8,0,2,1,3,5,3,4,11,26,18,10
29,22,15,17,452,1,0,926,77,0,13,26,q0,0,18,15,1,9,11,6,20,4,6,10,13,9
29,22,15,18,453,1,0,928,78,27,11,24,off,0,10,11,23,8,14,8,17,16,22,27,13,24
29,22,15,19,454,1,0,930,78,27,11,24,off,0,26,28,13,10,17,26,7,26,7,0,13,19
29,22,15,20,455,1,0,932,78,0,13,26,q0,0,14,12,15,3,17,14,18,19,2,12,26,21
29,22,15,21,456,1,0,934,78,4,17,1,off,0,18,0,26,25,21,13,25,17,18,0,18,1
29,22,15,24,459,1,0,940,79,28,12,25,off,0,2,21,26,12,28,6,9,3,19,1,21,7
29,22,15,25,460,1,0,942,79,11,24,8,off,0,4,9,11,28,17,4,21,15,7,3,22,5
29,22,15,26,461,1,0,944,79,25,9,22,off,0,27,0,15,26,23,11,19,26,16,20,1,4
29,22,15,27,462,1,0,946,79,12,25,9,off,0,6,8,9,22,4,21,25,13,7,2,26,19
29,22,15,28,463,1,0,948,80,1,14,27,off,1,0,23,24,2,13,11,20,3,26,11,1,23
29,22,16,9,473,1,0,968,81,27,10,22,off,0,20,16,17,7,12,20,0,26,12,5,7,23
29,22,16,10,474,1,0,970,81,9,21,4,off,0,19,14,7,3,8,11,27,25,2,13,12,28
29,22,16,11,475,1,0,972,82,22,5,17,off,0,25,10,19,18,15,16,24,20,23,4,15,16
29,22,16,12,476,1,0,974,81,8,20,3,off,0,6,10,16,3,8,9,0,15,4,4,21,22
29,22,16,13,477,1,0,976,82,25,8,20,off,5,0,0,0,0,0,24,0,0,0,0,0,0
29,22,16,17,481,1,0,984,83,26,9,21,off,0,6,1,27,27,10,5,13,5,9,15,27,22
29,22,16,18,482,1,0,986,82,24,7,19,off,0,9,6,26,8,20,4,19,20,18,0,25,25
29,22,16,19,483,1,0,988,83,24,7,19,off,0,23,12,23,14,18,24,21,10,27,6,14,28
29,22,16,20,484,1,0,990,83,26,9,21,off,0,22,2,16,2,0,5,17,19,25,19,3,6
29,22,16,25,489,1,0,1000,84,8,20,3,off,0,13,4,7,14,23,10,9,22,25,24,6,8
29,22,16,26,490,1,0,1002,84,22,5,17,off,0,22,15,15,23,17,12,15,27,19,9,3,21
29,22,16,27,491,1,0,1004,84,9,21,4,off,0,15,18,0,9,20,16,4,19,15,17,3,15
29,22,16,28,492,1,0,1006,84,27,10,22,off,0,1,28,19,20,26,4,23,11,14,9,18,12
29,22,17,9,502,1,0,1026,86,22,4,15,off,0,7,8,27,7,26,17,7,22,22,16,15,3
29,22,17,10,503,1,0,1028,86,4,15,26,off,0,4,26,26,27,20,14,4,12,14,20,2,17
29,22,17,11,504,1,0,1030,86,17,28,10,off,0,19,1,8,6,1,13,11,3,24,24,17,27
29,22,17,12,505,1,0,1032,87,3,14,25,off,0,11,0,0,0,0,0,0,0,0,0,0,0
29,22,17,18,511,1,0,1044,88,19,1,12,off,0,15,22,25,6,10,14,2,27,25,24,5,2
29,22,17,19,512,1,0,1046,87,19,1,12,off,1,0,15,15,17,24,21,26,14,13,22,8,26
29,22,17,26,519,1,0,1060,89,17,28,10,off,0,10,17,25,23,2,25,15,23,22,4,28,19
29,22,17,27,520,1,0,1062,89,4,15,26,off,0,21,16,5,25,1,4,25,23,24,9,17,23
29,22,17,28,521,1,0,1064,89,22,4,15,off,0,3,1,20,15,13,19,12,8,27,23,3,11
29,22,18,9,531,1,0,1084,91,15,25,6,off,0,5,5,3,7,13,22,0,1,0,0,0,0
29,22,18,10,532,1,0,1086,91,26,7,17,off,0,4,10,8,3,27,19,24,22,15,21,17,0
29,22,18,11,533,1,0,1088,91,10,20,1,off,0,21,17,4,21,0,17,0,0,0,9,0,0
29,22,18,27,549,1,0,1120,94,26,7,17,off,0,4,3,7,13,12,11,18,21,3,1,20,11
29,22,18,28,550,1,0,1122,94,15,25,6,off,0,19,10,25,23,25,11,9,0,0,26,21,21
29,22,19,9,560,1,0,1142,95,6,15,24,off,0,12,28,22,6,18,5,14,0,11,20,12,7
29,22,19,10,561,1,0,1144,96,17,26,6,off,0,19,13,12,19,22,28,1,8,26,13,13,18
29,22,19,28,579,1,0,1180,99,6,15,24,off,0,27,20,19,25,25,22,1,11,9,8,28,7
29,22,20,9,589,1,0,1200,101,24,3,11,off,0,14,22,9,26,16,22,27,19,23,18,14,8
31,12,2,21,83,1,0,178,15,15,12,9,off,0,12,15,28,5,23,11,25,6,26,20,25,20
31,12,2,30,92,1,0,196,17,15,12,9,off,0,26,15,27,19,1,6,22,9,12,1,19,16
31,12,3,21,114,1,0,240,21,9,5,1,off,0,11,4,21,6,7,20,22,13,30,4,17,4
31,12,3,22,115,1,0,242,20,1,28,24,off,0,9,2,6,7,9,27,14,23,26,25,28,23
31,12,3,29,122,1,0,256,22,1,28,24,off,1,0,8,5,6,9,6,26,14,13,23,25,16
31,12,3,30,123,1,0,258,22,9,5,1,off,0,19,8,11,8,19,7,9,24,1,29,11,10
31,12,4,21,145,1,0,302,25,1,27,22,off,0,1,26,28,3,26,16,29,2,0,1,29,23
31,12,4,22,146,1,0,304,26,24,19,14,off,0,16,26,7,20,1,10,8,0,5,26,16,10
31,12,4,23,147,1,0,306,26,18,13,8,off,0,1,25,29,10,20,2,4,18,19,11,20,10
31,12,4,28,152,1,0,316,27,18,13,8,off,0,5,4,11,6,9,22,25,29,2,12,22,9
31,12,4,29,153,1,0,318,27,24,19,14,off,0,24,7,30,26,3,16,7,16,6,14,14,23
31,12,4,30,154,1,0,320,27,1,27,22,off,0,26,2,26,26,24,11,10,0,22,28,29,4
31,12,5,21,176,1,0,364,31,22,16,10,off,0,24,14,13,26,2,4,6,3,28,19,11,16
31,12,5,22,177,1,0,366,31,14,8,2,off,0,7,27,7,26,4,21,28,24,17,30,9,1
31,12,5,23,178,1,0,368,31,8,2,27,off,0,6,16,18,2,21,24,27,26,0,7,7,23
31,12,5,24,179,1,0,370,31,4,29,23,off,0,25,5,12,21,15,26,18,6,23,3,24,2
31,12,5,27,182,1,0,376,32,4,29,23,off,0,6,22,19,4,28,11,15,1,24,22,27,20
31,12,5,28,183,1,0,378,32,8,2,27,off,0,22,17,26,30,19,1,9,21,13,11,1,23
31,12,5,29,184,1,0,380,32,14,8,2,off,0,14,4,21,19,17,16,0,19,16,0,30,27
31,12,5,30,185,1,0,382,32,22,16,10,off,0,7,14,10,3,24,30,23,25,12,30,26,0
31,12,6,21,207,1,0,426,36,10,3,27,off,0,9,28,11,11,6,24,21,27,15,27,6,27
31,12,6,22,208,1,0,428,36,2,26,19,off,0,13,15,0,25,24,20,13,2,22,29,0,12
31,12,6,23,209,1,0,430,36,27,20,13,off,0,15,24,29,30,20,19,11,14,5,24,22,27
31,12,6,24,210,1,0,432,37,23,16,9,off,0,26,29,26,13,2,26,5,20,25,8,0,2
31,12,6,25,211,1,0,434,36,21,14,7,off,0,20,1,18,13,29,2,4,4,10,22,3,13
31,12,6,26,212,1,0,436,37,21,14,7,off,0,3,12,7,24,30,7,6,20,16,12,19,16
31,12,6,27,213,1,0,438,37,23,16,9,off,0,4,20,21,30,11,3,14,13,23,28,6,9
31,12,6,28,214,1,0,440,37,27,20,13,off,0,9,12,6,6,28,16,12,17,8,24,17,4
31,12,6,29,215,1,0,442,37,2,26,19,off,0,9,0,1,9,29,29,3,6,23,0,24,20
31,12,6,30,216,1,0,444,38,10,3,27,off,0,1,18,9,20,24,14,20,6,29,22,26,10
31,12,7,21,238,1,0,488,41,27,19,11,off,0,22,20,7,8,7,28,12,14,12,19,28,14
31,12,7,22,239,1,0,490,41,19,11,3,off,0,14,1,15,8,12,23,22,4,4,26,13,24
31,12,7,23,240,1,0,492,42,13,5,28,off,0,4,5,10,19,24,25,17,2,8,27,24,14
31,12,7,24,241,1,0,494,41,9,1,24,off,0,3,7,2,2,19,20,9,28,16,21,30,27
31,12,7,25,242,1,0,496,42,7,30,22,off,0,15,25,4,3,15,0,0,10,9,11,12,24
31,12,7,26,243,1,0,498,42,7,30,22,off,0,10,21,21,11,8,0,0,25,16,3,4,1
31,12,7,27,244,1,0,500,42,9,1,24,off,0,23,14,18,3,12,20,7,12,25,8,19,0
31,12,7,28,245,1,0,502,42,13,5,28,off,0,5,8,19,25,9,17,12,17,15,30,18,24
31,12,7,29,246,1,0,504,43,19,11,3,off,0,30,9,9,19,6,17,7,24,15,15,28,3
31,12,7,30,247,1,0,506,42,27,19,11,off,0,15,1,18,22,24,6,27,18,27,1,21,4
31,12,8,21,269,1,0,550,46,11,2,24,off,0,30,2,23,15,28,16,29,25,3,4,22,30
31,12,8,22,270,1,0,552,47,3,25,16,off,0,6,11,24,20,12,30,13,18,18,24,24,1
31,12,8,23,271,1,0,554,46,28,19,10,off,0,28,29,26,8,13,14,29,27,23,22,4,16
31,12,8,24,272,1,0,556,47,24,15,6,off,0,5,19,21,14,11,4,26,9,27,11,14,19
31,12,8,25,273,1,0,558,47,22,13,4,off,0,20,12,24,6,17,4,29,26,19,29,19,25
31,12,8,26,274,1,0,560,47,22,13,4,off,0,10,18,29,21,30,22,18,9,22,12,29,24
31,12,8,27,275,1,0,562,47,24,15,6,off,0,20,6,22,19,22,30,18,11,8,11,17,24
31,12,8,28,276,1,0,564,48,28,19,10,off,0,14,29,13,18,29,24,17,29,6,7,3,28
31,12,8,29,277,1,0,566,47,3,25,16,off,0,1,29,23,19,5,4,18,6,25,1,18,15
31,12,8,30,278,1,0,568,48,11,2,24,off,0,23,5,16,1,27,26,16,27,15,0,16,0
31,12,9,21,300,1,0,612,52,24,14,4,off,0,10,25,30,7,7,0,29,26,23,25,14,4
31,12,9,22,301,1,0,614,51,16,6,27,off,0,25,8,29,16,2,22,19,18,23,3,2,13
31,12,9,23,302,0,1,616,52,10,0,21,qm,-1,0,0,0,0,0,0,0,0,0,0,0,0
31,12,9,24,303,1,0,618,52,6,27,17,off,0,29,17,18,30,5,18,16,29,15,16,7,7
31,12,9,25,304,1,0,620,52,4,25,15,off,0,20,17,20,15,5,12,6,19,5,15,27,29
31,12,9,26,305,1,0,622,52,4,25,15,off,0,17,2,26,19,1,2,7,5,21,16,0,29
31,12,9,27,306,1,0,624,53,6,27,17,off,0,11,12,2,9,12,2,23,20,2,1,7,30
31,12,9,28,307,0,1,626,52,10,0,21,qm,-1,0,0,0,0,0,0,0,0,0,0,0,0
31,12,9,29,308,1,0,628,53,16,6,27,off,0,14,29,18,3,6,26,14,15,13,13,23,25
31,12,9,30,309,1,0,630,53,24,14,4,off,0,20,16,19,13,12,29,21,4,4,13,18,28
31,12,10,21,331,1,0,674,56,4,24,13,off,0,5,1,23,4,10,29,23,12,29,28,25,0
31,12,10,22,332,1,0,676,57,27,16,5,off,0,13,18,15,25,14,22,19,22,12,30,15,28
31,12,10,23,333,1,0,678,57,21,10,30,off,1,0,29,11,26,30,3,11,16,8,11,20,18
31,12,10,24,334,1,0,680,57,17,6,26,off,0,27,25,6,0,19,13,23,22,11,8,15,0
31,12,10,25,335,1,0,682,57,15,4,24,off,0,16,29,24,5,16,13,2,29,26,29,21,10
31,12,10,26,336,1,0,684,58,15,4,24,off,0,29,26,10,18,21,8,16,23,23,16,20,27
31,12,10,27,337,1,0,686,57,17,6,26,off,0,4,12,24,0,12,0,23,21,18,16,15,0
31,12,10,28,338,1,0,688,58,21,10,30,off,0,2,24,5,1,0,11,16,22,11,4,3,10
31,12,10,29,339,1,0,690,58,27,16,5,off,0,17,16,9,2,14,10,25,25,15,25,12,7
31,12,10,30,340,1,0,692,58,4,24,13,off,0,22,27,13,7,23,17,10,24,7,15,10,19
31,12,11,21,362,1,0,736,62,13,1,20,off,0,12,24,16,18,14,19,14,30,17,22,23,2
31,12,11,22,363,1,0,738,62,5,24,12,off,1,0,18,9,1,24,30,22,6,26,2,25,16
31,12,11,23,364,1,0,740,62,30,18,6,off,0,18,4,29,5,22,29,30,26,10,24,18,0
31,12,11,24,365,1,0,742,62,26,14,2,off,0,27,25,8,8,9,25,25,11,20,28,12,7
31,12,11,25,366,1,0,744,63,24,12,0,q1,0,13,19,21,19,15,5,22,14,10,25,19,19
31,12,11,26,367,1,0,746,62,24,12,0,q1,1,0,13,7,1,14,13,30,30,19,28,2,23
31,12,11,27,368,1,0,748,63,26,14,2,off,0,25,2,30,18,25,6,22,10,14,3,17,10
31,12,11,28,369,1,0,750,63,30,18,6,off,0,4,29,6,22,12,5,6,10,11,16,0,3
31,12,11,29,370,1,0,752,63,5,24,12,off,0,18,5,17,12,26,8,13,21,20,4,22,22
31,12,11,30,371,1,0,754,63,13,1,20,off,0,24,8,26,19,19,17,23,6,26,27,15,29
31,12,12,21,393,1,0,798,67,20,7,25,off,0,30,10,24,26,19,14,14,28,4,10,5,6
31,12,12,22,394,1,0,800,67,12,30,17,off,0,16,12,1,1,23,26,23,19,4,27,12,18
31,12,12,23,395,1,0,802,67,6,24,11,off,0,1,21,27,25,1,2,27,27,19,23,16,14
31,12,12,24,396,1,0,804,68,2,20,7,off,0,8,13,13,15,25,0,30,18,3,0,0,15
31,12,12,25,397,1,0,806,67,0,18,5,q0,0,18,10,15,11,14,21,2,18,19,5,15,8
31,12,12,26,398,1,0,808,68,0,18,5,q0,0,17,21,10,15,2,29,17,24,18,0,23,26
31,12,12,27,399,1,0,810,68,2,20,7,off,0,23,26,22,23,14,0,8,21,17,0,0,8
31,12,12,28,400,1,0,812,68,6,24,11,off,0,9,6,16,15,24,30,6,10,11,21,17,18
31,12,12,29,401,1,0,814,68,12,30,17,off,0,9,27,11,8,28,4,29,21,28,4,9,2
31,12,12,30,402,1,0,816,69,20,7,25,off,0,13,16,24,25,21,26,21,24,5,8,29,21
31,12,13,21,424,1,0,860,72,25,11,28,off,0,22,2,30,9,14,15,7,14,0,5,13,16
31,12,13,22,425,1,0,862,72,17,3,20,off,0,22,22,15,29,28,11,15,3,28,3,29,25
31,12,13,23,426,1,0,864,73,11,28,14,off,0,4,23,23,5,10,16,14,6,4,10,26,10
31,12,13,24,427,1,0,866,72,7,24,10,off,0,10,16,7,23,20,25,12,22,19,10,9,28
31,12,13,25,428,1,0,868,73,5,22,8,off,0,26,4,28,14,11,14,19,30,10,13,30,28
31,12,13,26,429,1,0,870,73,5,22,8,off,0,7,17,23,10,10,7,13,13,4,12,10,27
31,12,13,27,430,1,0,872,73,7,24,10,off,0,19,13,5,9,0,5,28,6,27,10,22,17
31,12,13,28,431,1,0,874,73,11,28,14,off,0,24,9,14,25,21,16,23,26,20,2,1,29
31,12,13,29,432,1,0,876,74,17,3,20,off,0,2,21,25,0,5,4,26,30,0,21,28,15
31,12,13,30,433,1,0,878,73,25,11,28,off,0,5,21,2,18,17,1,23,7,30,28,27,1
31,12,14,21,455,1,0,922,77,28,13,29,off,0,20,15,26,25,2,24,13,29,19,16,26,29
31,12,14,22,456,1,0,924,78,20,5,21,off,0,30,2,18,20,25,22,27,18,15,25,29,23
31,12,14,23,457,1,0,926,77,14,30,15,off,0,6,9,8,17,14,18,2,20,4,24,18,26
31,12,14,24,458,1,0,928,78,10,26,11,off,0,8,13,28,7,24,1,5,4,26,24,25,17
31,12,14,25,459,1,0,930,78,8,24,9,off,0,2,26,13,12,4,14,7,1,28,23,20,15
31,12,14,26,460,1,0,932,78,8,24,9,off,0,1,8,17,11,18,15,30,23,21,17,24,2
31,12,14,27,461,1,0,934,78,10,26,11,off,0,1,9,19,25,17,23,13,29,10,24,6,28
31,12,14,28,462,1,0,936,79,14,30,15,off,0,11,1,25,28,20,6,25,11,30,14,6,15
31,12,14,29,463,1,0,938,78,20,5,21,off,0,23,24,7,16,16,25,9,26,14,5,10,4
31,12,14,30,464,1,0,940,79,28,13,29,off,0,12,10,20,30,10,1,12,23,6,22,4,2
31,12,15,21,486,1,0,984,83,29,13,28,off,1,0,13,8,2,16,21,13,3,25,3,8,9
31,12,15,22,487,1,0,986,82,21,5,20,off,0,25,1,21,12,26,4,14,23,9,12,19,9
31,12,15,23,488,1,0,988,83,15,30,14,off,0,6,30,2,13,5,8,14,10,13,11,14,17
31,12,15,24,489,1,0,990,83,11,26,10,off,0,27,0,10,12,21,24,11,19,21,16,18,7
31,12,15,25,490,1,0,992,83,9,24,8,off,0,1,24,0,10,2,13,1,23,17,28,25,1
31,12,15,26,491,1,0,994,83,9,24,8,off,0,21,1,0,23,19,28,27,24,28,3,0,1
31,12,15,27,492,1,0,996,84,11,26,10,off,0,8,6,7,29,5,15,14,19,20,2,7,8
31,12,15,28,493,1,0,998,83,15,30,14,off,0,5,25,29,28,25,17,17,19,18,20,0,17
31,12,15,29,494,1,0,1000,84,21,5,20,off,0,9,0,25,14,3,5,6,14,30,3,9,5
31,12,15,30,495,1,0,1002,84,29,13,28,off,0,10,30,15,16,10,20,6,3,28,0,9,24
31,12,16,21,517,1,0,1046,87,28,11,25,off,0,26,30,4,27,18,25,5,24,24,18,8,28
31,12,16,22,518,1,0,1048,88,20,3,17,off,0,17,5,18,4,10,22,16,1,6,30,0,19
31,12,16,23,519,1,0,1050,88,14,28,11,off,0,26,26,4,16,1,25,29,24,4,11,30,12
31,12,16,24,520,1,0,1052,88,10,24,7,off,0,27,6,11,23,1,9,1,3,7,1,1,5
31,12,16,25,521,1,0,1054,88,8,22,5,off,0,25,1,2,14,9,24,13,6,15,13,26,19
31,12,16,26,522,1,0,1056,89,8,22,5,off,0,23,27,11,17,27,3,20,23,21,20,5,15
31,12,16,27,523,1,0,1058,88,10,24,7,off,0,4,19,13,2,30,0,1,24,3,2,1,26
31,12,16,28,524,1,0,1060,89,14,28,11,off,0,17,27,21,24,1,2,28,27,11,6,12,8
31,12,16,29,525,1,0,1062,89,20,3,17,off,0,16,15,24,30,4,9,17,11,15,30,3,21
31,12,16,30,526,1,0,1064,89,28,11,25,off,0,10,4,4,1,8,19,1,8,9,13,4,7
31,12,17,21,548,1,0,1108,93,25,7,20,off,0,18,11,17,21,12,21,13,22,12,14,14,21
31,12,17,22,549,1,0,1110,93,17,30,12,off,0,26,26,9,1,16,10,13,0,13,16,19,5
31,12,17,23,550,1,0,1112,93,11,24,6,off,0,22,10,23,27,6,22,25,5,8,28,28,18
31,12,17,24,551,1,0,1114,93,7,20,2,off,0,4,5,21,22,18,5,24,25,30,8,17,15
31,12,17,25,552,1,0,1116,94,5,18,0,q1,0,4,21,23,9,19,6,7,0,10,0,28,27
31,12,17,26,553,1,0,1118,93,5,18,0,q1,1,0,4,11,7,5,2,5,18,0,28,0,29
31,12,17,27,554,1,0,1120,94,7,20,2,off,0,5,13,5,5,5,7,19,15,4,12,1,16
31,12,17,28,555,1,0,1122,94,11,24,6,off,0,10,23,20,6,23,30,25,8,18,18,15,20
31,12,17,29,556,1,0,1124,94,17,30,12,off,0,26,5,17,8,19,16,0,26,5,8,3,30
31,12,17,30,557,1,0,1126,94,25,7,20,off,0,11,24,20,3,21,18,21,17,25,7,18,12
31,12,18,21,579,1,0,1170,98,20,1,13,off,0,28,11,21,0,20,6,3,17,5,27,15,4
31,12,18,22,580,1,0,1172,98,12,24,5,off,0,12,28,10,0,4,5,10,8,9,22,21,25
31,12,18,23,581,1,0,1174,98,6,18,30,off,1,0,6,15,8,1,22,9,20,19,14,2,4
31,12,18,24,582,1,0,1176,99,2,14,26,off,0,26,29,7,10,3,20,6,12,7,10,1,30
31,12,18,25,583,1,0,1178,98,0,12,24,q0,0,22,8,3,24,4,9,23,19,18,28,11,21
31,12,18,26,584,1,0,1180,99,0,12,24,q0,0,23,1,14,14,8,17,2,20,15,14,1,7
31,12,18,27,585,1,0,1182,99,2,14,26,off,0,5,27,19,5,24,22,14,14,19,22,4,16
31,12,18,28,586,1,0,1184,99,6,18,30,off,0,1,13,8,25,23,23,24,21,8,29,4,10
31,12,18,29,587,1,0,1186,99,12,24,5,off,0,20,8,30,13,10,25,19,16,0,0,29,6
31,12,18,30,588,1,0,1188,100,20,1,13,off,0,11,9,11,0,11,23,29,3,1,14,21,7
31,12,19,21,610,1,0,1232,103,13,24,4,off,0,1,23,3,14,17,8,12,15,7,22,19,19
31,12,19,22,611,1,0,1234,103,5,16,27,off,0,17,4,6,17,5,10,8,14,3,15,7,25
31,12,19,23,612,1,0,1236,104,30,10,21,off,0,24,28,13,1,20,4,2,20,1,6,8,16
31,12,19,24,613,1,0,1238,103,26,6,17,off,0,17,2,21,17,10,24,11,4,0,12,2,10
31,12,19,25,614,1,0,1240,104,24,4,15,off,0,29,1,13,13,18,15,25,11,7,29,25,23
31,12,19,26,615,1,0,1242,104,24,4,15,off,0,9,12,14,27,22,23,22,12,9,22,29,10
31,12,19,27,616,1,0,1244,104,26,6,17,off,0,30,2,7,25,12,5,24,5,9,9,22,9
31,12,19,28,617,1,0,1246,104,30,10,21,off,0,20,15,16,5,11,4,21,4,5,26,17,3
31,12,19,29,618,1,0,1248,105,5,16,27,off,0,21,16,24,1,4,27,28,14,4,10,9,23
31,12,19,30,619,1,0,1250,104,13,24,4,off,0,10,10,18,24,27,22,7,27,20,2,9,14
31,12,20,21,641,1,0,1294,108,4,14,24,off,0,28,3,8,28,18,2,3,1,7,21,22,12
31,12,20,22,642,1,0,1296,109,27,6,16,off,0,7,4,0,29,27,16,7,23,30,28,2,8
31,12,20,23,643,0,1,1298,108,21,0,10,qm,-1,0,0,0,0,0,0,0,0,0,0,0,0
31,12,20,24,644,1,0,1300,109,17,27,6,off,0,16,3,12,29,8,16,10,6,23,11,28,15
31,12,20,25,645,1,0,1302,109,15,25,4,off,0,2,5,2,25,10,22,26,4,3,29,30,22
31,12,20,26,646,1,0,1304,109,15,25,4,off,0,1,23,5,10,14,28,14,30,10,12,5,5
31,12,20,27,647,1,0,1306,109,17,27,6,off,0,2,14,17,15,16,27,26,28,16,11,3,1
31,12,20,28,648,0,1,1308,110,21,0,10,qm,-1,0,0,0,0,0,0,0,0,0,0,0,0
31,12,20,29,649,1,0,1310,109,27,6,16,off,0,25,17,0,17,21,21,23,16,28,18,21,27
31,12,20,30,650,1,0,1312,110,4,14,24,off,0,18,18,28,26,20,17,8,19,22,13,17,16
31,12,21,22,673,1,0,1358,113,16,25,3,off,0,17,25,11,22,18,6,14,20,10,8,4,30
31,12,21,23,674,1,0,1360,114,10,19,28,off,0,16,15,3,22,19,21,15,18,24,10,2,21
31,12,21,24,675,1,0,1362,114,6,15,24,off,0,27,27,0,19,10,24,21,10,17,4,29,16
31,12,21,25,676,1,0,1364,114,4,13,22,off,0,5,12,3,22,2,30,25,3,1,27,6,8
31,12,21,26,677,1,0,1366,114,4,13,22,off,0,12,16,7,1,19,5,24,22,29,4,0,8
31,12,21,27,678,1,0,1368,115,6,15,24,off,0,10,11,24,18,5,26,9,20,1,2,16,1
31,12,21,28,679,1,0,1370,114,10,19,28,off,0,3,28,28,14,2,2,16,28,7,21,0,21
31,12,21,29,680,1,0,1372,115,16,25,3,off,0,9,27,5,11,5,5,10,20,15,1,2,10
31,12,22,23,705,1,0,1422,119,28,5,13,off,2,0,0,1,10,3,20,4,25,9,20,21,23
31,12,22,24,706,1,0,1424,119,24,1,9,off,2,0,0,18,27,18,0,7,10,24,16,21,9
31,12,22,25,707,1,0,1426,119,22,30,7,off,2,0,0,4,16,28,1,19,8,17,5,13,29
31,12,22,26,708,1,0,1428,120,22,30,7,off,1,0,19,30,3,0,19,16,20,20,3,19,30
31,12,22,27,709,1,0,1430,119,24,1,9,off,2,0,0,10,1,13,0,7,18,28,1,21,22
31,12,22,28,710,1,0,1432,120,28,5,13,off,1,0,5,21,28,0,4,25,17,20,29,9,25
31,12,23,24,737,1,0,1486,124,9,16,23,off,0,4,16,14,20,22,24,30,6,19,3,12,9
31,12,23,25,738,1,0,1488,125,7,14,21,off,0,7,22,6,7,6,23,13,1,3,20,17,16
31,12,23,26,739,1,0,1490,124,7,14,21,off,1,0,7,13,18,28,30,14,29,8,27,14,1
31,12,23,27,740,1,0,1492,125,9,16,23,off,0,16,19,13,13,24,1,12,25,17,3,13,17
31,12,24,25,769,1,0,1550,129,21,27,2,off,0,20,10,10,0,5,18,17,3,22,11,1,12
31,12,24,26,770,1,0,1552,130,21,27,2,off,0,26,18,27,25,4,26,25,21,17,13,3,12
31,16,2,17,79,1,0,174,15,11,8,5,off,0,14,27,29,5,6,6,29,19,18,13,26,25
31,16,2,30,92,1,0,200,17,11,8,5,off,0,15,22,22,3,4,3,13,21,25,22,29,27
31,16,3,17,110,1,0,236,20,5,1,28,off,0,10,6,2,11,27,10,23,29,3,19,30,21
31,16,3,18,111,1,0,238,20,24,20,16,off,0,6,28,19,4,30,1,22,8,6,5,28,20
31,16,3,29,122,1,0,260,22,24,20,16,off,0,8,5,0,15,25,2,5,3,23,9,2,12
31,16,3,30,123,1,0,262,22,5,1,28,off,0,26,27,9,7,6,6,21,25,5,17,6,27
31,16,4,17,141,1,0,298,25,28,23,18,off,0,18,27,6,28,30,7,2,10,29,1,12,29
31,16,4,18,142,1,0,300,26,16,11,6,off,0,23,24,21,16,30,0,10,5,24,27,5,10
31,16,4,19,143,1,0,302,25,6,1,27,off,0,10,29,15,24,16,20,20,29,7,1,5,16
31,16,4,28,152,1,0,320,27,6,1,27,off,0,23,16,12,4,26,29,9,23,24,2,4,27
31,16,4,29,153,1,0,322,27,16,11,6,off,0,4,6,6,26,23,3,18,28,10,18,25,0
31,16,4,30,154,1,0,324,28,28,23,18,off,0,8,30,20,10,21,22,20,12,18,4,6,28
31,16,5,17,172,1,0,360,31,18,12,6,off,0,4,16,4,3,21,26,7,24,14,14,16,30
31,16,5,18,173,1,0,362,30,6,0,25,qm,0,11,10,7,15,7,14,15,1,5,9,16,24
31,16,5,19,174,1,0,364,31,27,21,15,off,0,26,24,20,19,28,23,3,5,0,18,9,4
31,16,5,20,175,1,0,366,31,19,13,7,off,0,7,6,27,15,28,2,28,26,29,15,25,5
31,16,5,27,182,1,0,380,32,19,13,7,off,0,14,8,26,0,24,16,17,17,0,13,14,5
31,16,5,28,183,1,0,382,32,27,21,15,off,0,6,21,0,30,28,5,7,0,29,29,10,29
31,16,5,29,184,1,0,384,33,6,0,25,qm,0,13,7,28,17,30,26,10,8,7,9,18,10
31,16,5,30,185,1,0,386,32,18,12,6,off,0,1,14,17,0,11,14,20,26,6,8,20,0
31,16,6,17,203,1,0,422,35,6,30,23,off,0,21,22,5,18,18,15,29,17,25,0,7,26
31,16,6,18,204,1,0,424,36,25,18,11,off,0,8,7,30,11,30,8,29,29,26,0,11,2
31,16,6,19,205,1,0,426,36,15,8,1,off,0,23,12,1,6,18,7,19,21,2,11,2,28
31,16,6,20,206,1,0,428,36,7,0,24,qm,0,9,0,30,17,11,22,30,10,0,29,29,9
31,16,6,21,207,1,0,430,36,1,25,18,off,0,25,8,28,12,13,20,21,15,19,15,19,10
31,16,6,26,212,1,0,440,37,1,25,18,off,0,16,18,1,14,6,24,27,11,22,7,12,3
31,16,6,27,213,1,0,442,37,7,0,24,qm,0,18,15,21,11,15,22,6,28,26,13,2,4
31,16,6,28,214,1,0,444,38,15,8,1,off,0,7,9,2,14,23,18,20,11,12,26,8,3
31,16,6,29,215,1,0,446,37,25,18,11,off,0,4,24,23,29,22,19,5,14,21,8,24,27
31,16,6,30,216,1,0,448,38,6,30,23,off,0,9,6,22,20,4,14,10,27,16,18,16,5
31,16,7,17,234,1,0,484,41,23,15,7,off,0,8,15,6,17,11,9,4,21,10,6,19,0
31,16,7,18,235,1,0,486,41,11,3,26,off,1,0,2,8,8,0,28,1,13,17,5,13,1
31,16,7,19,236,1,0,488,41,1,24,16,off,0,30,22,19,4,8,9,26,7,17,16,23,12
31,16,7,20,237,1,0,490,41,24,16,8,off,0,13,12,11,17,7,5,11,16,1,2,26,9
31,16,7,21,238,1,0,492,42,18,10,2,off,0,15,17,4,16,26,7,7,18,28,19,3,18
31,16,7,22,239,1,0,494,41,14,6,29,off,0,26,28,24,25,14,9,3,25,4,15,14,29
31,16,7,25,242,1,0,500,42,14,6,29,off,0,17,4,13,3,26,26,24,12,30,29,24,25
31,16,7,26,243,1,0,502,42,18,10,2,off,0,5,0,17,11,15,8,4,1,21,30,30,28
31,16,7,27,244,1,0,504,43,24,16,8,off,0,5,30,12,22,14,14,7,17,13,29,19,29
31,16,7,28,245,1,0,506,42,1,24,16,off,0,27,15,0,3,4,13,28,22,28,25,18,7
31,16,7,29,246,1,0,508,43,11,3,26,off,0,16,23,1,19,0,11,27,22,29,22,3,21
31,16,7,30,247,1,0,510,43,23,15,7,off,0,6,25,6,5,7,10,4,4,4,24,23,21
31,16,8,17,265,1,0,546,46,7,29,20,off,0,17,20,17,11,20,11,5,11,13,19,17,9
31,16,8,18,266,1,0,548,46,26,17,8,off,0,16,7,11,4,11,11,11,26,17,10,2,16
31,16,8,19,267,1,0,550,46,16,7,29,off,0,4,1,10,2,22,23,26,10,8,6,19,29
31,16,8,20,268,1,0,552,47,8,30,21,off,0,3,26,8,24,18,1,21,25,30,13,13,5
31,16,8,21,269,1,0,554,46,2,24,15,off,0,28,10,8,12,30,17,11,10,12,28,14,20
31,16,8,22,270,1,0,556,47,29,20,11,off,0,24,16,12,0,11,30,16,29,3,29,6,8
31,16,8,23,271,1,0,558,47,27,18,9,off,0,4,2,4,7,6,7,3,18,30,1,7,27
31,16,8,24,272,1,0,560,47,27,18,9,off,0,2,3,10,9,27,23,4,11,7,25,27,16
31,16,8,25,273,1,0,562,47,29,20,11,off,0,8,27,13,0,16,3,17,21,22,15,18,20
31,16,8,26,274,1,0,564,48,2,24,15,off,0,6,6,22,22,2,14,26,13,15,4,27,5
31,16,8,27,275,1,0,566,47,8,30,21,off,0,17,14,9,1,10,24,4,13,12,14,1,1
31,16,8,28,276,1,0,568,48,16,7,29,off,0,20,22,8,12,6,26,27,16,28,17,22,8
31,16,8,29,277,1,0,570,48,26,17,8,off,0,10,25,3,1,5,13,22,2,8,0,9,28
31,16,8,30,278,1,0,572,48,7,29,20,off,0,10,16,7,5,4,21,10,14,11,7,17,23
31,16,9,17,296,1,0,608,51,20,10,0,q1,0,27,3,18,21,2,3,19,28,23,22,21,12
31,16,9,18,297,1,0,610,51,8,29,19,off,0,1,22,3,10,11,5,10,11,22,29,4,4
31,16,9,19,298,1,0,612,52,29,19,9,off,0,21,19,27,22,17,21,22,0,10,22,23,20
31,16,9,20,299,1,0,614,51,21,11,1,off,0,25,15,18,18,7,16,18,3,23,29,18,29
31,16,9,21,300,1,0,616,52,15,5,26,off,0,27,15,2,25,4,16,26,16,2,10,12,5
31,16,9,22,301,1,0,618,52,11,1,22,off,0,5,4,11,17,6,3,8,25,5,9,16,7
31,16,9,23,302,1,0,620,52,9,30,20,off,0,28,8,25,29,17,3,3,17,19,10,21,7
31,16,9,24,303,1,0,622,52,9,30,20,off,0,30,21,17,14,22,16,19,11,24,21,0,7
31,16,9,25,304,1,0,624,53,11,1,22,off,0,19,4,28,27,15,23,7,13,8,13,7,14
31,16,9,26,305,1,0,626,52,15,5,26,off,0,21,20,21,6,27,20,28,4,12,4,0,28
31,16,9,27,306,1,0,628,53,21,11,1,off,0,12,14,13,7,5,1,29,11,30,29,7,21
31,16,9,28,307,1,0,630,53,29,19,9,off,0,17,1,16,15,23,23,23,0,4,16,30,1
31,16,9,29,308,1,0,632,53,8,29,19,off,0,6,6,6,15,1,22,8,26,16,5,5,14
31,16,9,30,309,1,0,634,53,20,10,0,q1,0,30,23,11,29,30,22,20,27,20,30,12,6
31,16,10,17,327,1,0,670,56,0,20,9,q0,0,22,17,22,17,12,20,14,18,24,11,23,13
31,16,10,18,328,1,0,672,57,19,8,28,off,0,23,20,15,21,12,21,25,13,24,27,18,5
31,16,10,19,329,1,0,674,56,9,29,18,off,0,27,9,6,2,19,23,20,19,30,12,14,25
31,16,10,20,330,1,0,676,57,1,21,10,off,0,29,27,28,30,25,4,21,28,20,17,3,2
31,16,10,21,331,1,0,678,57,26,15,4,off,0,2,11,28,14,23,22,8,9,10,8,16,13
31,16,10,22,332,1,0,680,57,22,11,0,q1,0,17,10,24,17,25,25,20,28,5,1,2,15
31,16,10,23,333,1,0,682,57,20,9,29,off,0,15,29,28,15,22,22,28,30,17,8,27,26
31,16,10,24,334,1,0,684,58,20,9,29,off,0,18,4,12,6,10,22,9,13,1,7,10,25
31,16,10,25,335,1,0,686,57,22,11,0,q1,0,14,11,3,19,6,0,20,7,11,2,2,16
31,16,10,26,336,1,0,688,58,26,15,4,off,0,9,7,27,29,12,25,26,18,8,28,24,15
31,16,10,27,337,1,0,690,58,1,21,10,off,0,22,16,7,15,24,30,17,6,8,5,0,6
31,16,10,28,338,1,0,692,58,9,29,18,off,0,24,16,15,7,28,12,14,1,2,19,17,20
31,16,10,29,339,1,0,694,58,19,8,28,off,0,25,16,3,13,16,6,11,24,2,14,3,1
31,16,10,30,340,1,0,696,59,0,20,9,q0,0,24,19,28,23,25,0,11,20,20,2,26,28
31,16,11,17,358,1,0,732,62,9,28,16,off,0,25,22,17,6,26,30,4,16,25,11,30,27
31,16,11,18,359,1,0,734,61,28,16,4,off,0,10,15,22,26,11,19,8,7,8,16,18,8
31,16,11,19,360,1,0,736,62,18,6,25,off,0,10,30,4,5,14,0,8,16,15,5,5,13
31,16,11,20,361,1,0,738,62,10,29,17,off,0,18,0,14,7,18,26,30,15,17,27,22,2
31,16,11,21,362,1,0,740,62,4,23,11,off,0,13,25,19,27,28,30,14,7,8,16,11,3
31,16,11,22,363,1,0,742,62,0,19,7,q0,0,8,23,18,23,10,27,22,28,9,8,25,3
31,16,11,23,364,1,0,744,63,29,17,5,off,0,3,6,13,0,9,28,3,24,13,12,10,8
31,16,11,24,365,1,0,746,62,29,17,5,off,1,0,3,12,8,0,14,13,21,6,24,27,17
31,16,11,25,366,1,0,748,63,0,19,7,q0,0,23,20,1,20,27,9,25,20,4,14,25,11
31,16,11,26,367,1,0,750,63,4,23,11,off,0,25,19,20,28,6,23,4,8,28,27,18,3
31,16,11,27,368,1,0,752,63,10,29,17,off,1,0,25,26,9,6,25,17,3,22,6,26,10
31,16,11,28,369,1,0,754,63,18,6,25,off,0,6,24,19,21,6,1,14,11,13,9,20,5
31,16,11,29,370,1,0,756,64,28,16,4,off,0,20,6,11,17,23,6,22,26,12,27,29,26
31,16,11,30,371,1,0,758,63,9,28,16,off,0,5,15,14,0,6,11,30,20,9,0,2,22
31,16,12,17,389,1,0,794,66,16,3,21,off,0,7,23,20,8,5,1,13,21,30,10,27,10
31,16,12,18,390,1,0,796,67,4,22,9,off,0,18,9,30,23,12,14,26,28,15,23,20,6
31,16,12,19,391,1,0,798,67,25,12,30,off,0,29,7,17,4,27,3,0,19,9,8,4,9
31,16,12,20,392,1,0,800,67,17,4,22,off,1,0,20,18,22,6,28,11,6,12,7,9,19
31,16,12,21,393,1,0,802,67,11,29,16,off,0,13,17,2,27,9,19,5,17,9,30,21,11
31,16,12,22,394,1,0,804,68,7,25,12,off,0,30,12,22,1,1,10,18,2,3,17,29,2
31,16,12,23,395,1,0,806,67,5,23,10,off,0,28,1,15,24,24,9,22,16,9,29,24,7
31,16,12,24,396,1,0,808,68,5,23,10,off,0,8,26,19,2,11,29,3,25,22,10,21,4
31,16,12,25,397,1,0,810,68,7,25,12,off,0,1,24,11,16,8,11,11,23,17,25,23,30
31,16,12,26,398,1,0,812,68,11,29,16,off,0,2,7,3,2,13,19,12,4,7,26,19,2
31,16,12,27,399,1,0,814,68,17,4,22,off,0,27,8,13,29,2,19,20,16,9,21,28,13
31,16,12,28,400,1,0,816,69,25,12,30,off,0,7,17,26,14,30,23,30,23,1,6,6,8
31,16,12,29,401,1,0,818,68,4,22,9,off,0,22,24,14,5,22,18,13,13,24,26,29,24
31,16,12,30,402,1,0,820,69,16,3,21,off,0,30,16,3,30,15,5,10,14,18,16,0,0
31,16,13,17,420,1,0,856,72,21,7,24,off,0,17,14,22,24,26,3,15,15,11,28,22,21
31,16,13,18,421,1,0,858,72,9,26,12,off,0,29,4,1,13,27,17,22,0,15,4,26,16
31,16,13,19,422,1,0,860,72,30,16,2,off,0,7,5,10,14,7,8,16,11,28,27,3,15
31,16,13,20,423,1,0,862,72,22,8,25,off,0,9,5,28,13,23,16,21,12,29,20,21,15
31,16,13,21,424,1,0,864,73,16,2,19,off,1,0,20,1,30,5,0,14,15,4,5,20,16
31,16,13,22,425,1,0,866,72,12,29,15,off,0,1,9,9,18,16,16,25,15,1,16,29,23
31,16,13,23,426,1,0,868,73,10,27,13,off,0,17,23,11,12,9,11,25,27,1,19,9,18
31,16,13,24,427,1,0,870,73,10,27,13,off,0,1,28,19,13,11,21,22,21,19,8,3,24
31,16,13,25,428,1,0,872,73,12,29,15,off,0,15,0,9,11,8,12,15,28,8,20,8,0
31,16,13,26,429,1,0,874,73,16,2,19,off,1,0,24,6,26,26,0,23,3,20,1,27,3
31,16,13,27,430,1,0,876,74,22,8,25,off,0,12,18,21,5,17,3,29,20,13,20,9,25
31,16,13,28,431,1,0,878,73,30,16,2,off,0,16,29,15,30,6,18,22,23,30,28,29,11
31,16,13,29,432,1,0,880,74,9,26,12,off,0,23,22,13,30,23,16,26,28,20,16,24,14
31,16,13,30,433,1,0,882,74,21,7,24,off,0,14,8,21,25,5,8,20,6,20,15,29,15
31,16,14,17,451,1,0,918,77,24,9,25,off,0,18,0,27,7,16,5,18,22,26,16,16,20
31,16,14,18,452,1,0,920,77,12,28,13,off,0,1,8,2,2,6,15,15,24,3,25,28,4
31,16,14,19,453,1,0,922,77,2,18,3,off,1,0,25,17,7,1,4,15,13,23,14,14,2
31,16,14,20,454,1,0,924,78,25,10,26,off,3,0,0,0,24,3,17,29,19,13,2,26,30
31,16,14,21,455,1,0,926,77,19,4,20,off,0,12,18,16,3,8,6,10,24,14,16,19,12
31,16,14,22,456,0,1,928,78,15,0,16,qm,-1,0,0,0,0,0,0,0,0,0,0,0,0
31,16,14,23,457,1,0,930,78,13,29,14,off,1,0,13,28,25,6,18,0,25,1,23,20,21
31,16,14,24,458,1,0,932,78,13,29,14,off,1,0,4,8,10,27,6,0,17,24,17,24,9
31,16,14,25,459,0,1,934,78,15,0,16,qm,-1,0,0,0,0,0,0,0,0,0,0,0,0
31,16,14,26,460,1,0,936,79,19,4,20,off,0,22,2,12,19,14,9,13,27,6,5,26,12
31,16,14,27,461,1,0,938,78,25,10,26,off,3,0,0,0,13,23,1,20,24,8,19,25,16
31,16,14,28,462,1,0,940,79,2,18,3,off,0,2,20,30,20,24,12,5,8,13,28,4,0
31,16,14,29,463,1,0,942,79,12,28,13,off,0,8,17,0,16,26,9,13,9,18,9,25,12
31,16,14,30,464,1,0,944,79,24,9,25,off,0,7,13,26,17,30,3,10,11,26,12,20,25
31,16,15,17,482,1,0,980,82,25,9,24,off,0,26,20,30,3,20,26,4,21,11,14,4,9
31,16,15,18,483,1,0,982,82,13,28,12,off,0,13,11,1,29,6,27,25,15,13,3,24,8
31,16,15,19,484,1,0,984,83,3,18,2,off,0,17,2,26,20,30,19,17,20,19,9,23,24
31,16,15,20,485,1,0,986,82,26,10,25,off,0,18,24,24,3,0,2,23,4,15,19,30,19
31,16,15,21,486,1,0,988,83,20,4,19,off,0,5,15,17,15,4,8,22,5,23,2,18,7
31,16,15,22,487,0,1,990,83,16,0,15,qm,-1,0,0,0,0,0,0,0,0,0,0,0,0
31,16,15,23,488,1,0,992,83,14,29,13,off,0,3,25,22,5,12,13,10,6,1,21,5,21
31,16,15,24,489,1,0,994,83,14,29,13,off,0,1,23,10,27,21,28,22,13,29,10,0,21
31,16,15,25,490,0,1,996,84,16,0,15,qm,-1,0,0,0,0,0,0,0,0,0,0,0,0
31,16,15,26,491,1,0,998,83,20,4,19,off,0,30,28,14,18,20,17,9,25,8,29,0,7
31,16,15,27,492,1,0,1000,84,26,10,25,off,0,11,16,20,9,22,11,22,6,24,3,17,17
31,16,15,28,493,1,0,1002,84,3,18,2,off,0,11,9,26,8,18,27,9,13,12,25,24,24
31,16,15,29,494,1,0,1004,84,13,28,12,off,0,5,27,17,16,27,9,23,4,27,7,3,23
31,16,15,30,495,1,0,1006,84,25,9,24,off,0,1,16,24,12,0,20,11,19,21,19,24,25
31,16,16,17,513,1,0,1042,87,24,7,21,off,0,18,20,5,25,27,16,20,23,12,27,10,8
31,16,16,18,514,1,0,1044,88,12,26,9,off,0,5,23,29,25,7,0,18,4,12,22,11,19
31,16,16,19,515,1,0,1046,87,2,16,30,off,0,23,13,1,29,21,18,14,8,6,2,17,2
31,16,16,20,516,1,0,1048,88,25,8,22,off,0,21,8,6,2,8,27,29,20,17,23,11,3
31,16,16,21,517,1,0,1050,88,19,2,16,off,0,23,18,23,1,7,19,1,10,8,26,25,8
31,16,16,22,518,1,0,1052,88,15,29,12,off,0,16,13,30,24,25,10,11,26,28,27,11,3
31,16,16,23,519,1,0,1054,88,13,27,10,off,0,4,22,8,15,27,14,5,8,15,17,13,3
31,16,16,24,520,1,0,1056,89,13,27,10,off,0,18,16,6,28,13,22,21,8,6,4,8,13
31,16,16,25,521,1,0,1058,88,15,29,12,off,0,15,5,27,25,6,0,11,22,12,23,11,28
31,16,16,26,522,1,0,1060,89,19,2,16,off,0,26,27,21,2,14,26,4,29,26,5,7,21
31,16,16,27,523,1,0,1062,89,25,8,22,off,0,7,21,25,25,25,24,14,7,27,10,14,13
31,16,16,28,524,1,0,1064,89,2,16,30,off,0,9,3,0,21,21,21,19,5,25,6,19,7
31,16,16,29,525,1,0,1066,89,12,26,9,off,0,12,6,7,30,27,13,5,9,26,10,1,25
31,16,16,30,526,1,0,1068,90,24,7,21,off,0,13,22,30,9,26,18,12,3,17,4,18,19
31,16,17,18,545,1,0,1106,92,9,22,4,off,0,28,12,24,19,26,20,18,20,4,2,29,2
31,16,17,19,546,1,0,1108,93,30,12,25,off,0,18,20,25,23,15,0,22,27,17,18,13,12
31,16,17,20,547,1,0,1110,93,22,4,17,off,0,26,24,6,0,18,2,0,2,22,22,17,13
31,16,17,21,548,1,0,1112,93,16,29,11,off,0,1,29,26,24,0,4,14,27,29,5,13,12
31,16,17,22,549,1,0,1114,93,12,25,7,off,0,15,11,7,10,13,25,16,11,27,23,17,7
31,16,17,23,550,1,0,1116,94,10,23,5,off,0,9,5,10,6,5,26,1,27,20,29,16,2
31,16,17,24,551,1,0,1118,93,10,23,5,off,1,0,9,10,30,24,25,1,7,30,25,11,21
31,16,17,25,552,1,0,1120,94,12,25,7,off,0,11,25,22,26,25,15,22,29,27,12,17,14
31,16,17,26,553,1,0,1122,94,16,29,11,off,0,29,26,4,0,7,23,11,29,1,15,10,16
31,16,17,27,554,1,0,1124,94,22,4,17,off,0,24,24,0,9,10,0,25,13,3,30,14,22
31,16,17,28,555,1,0,1126,94,30,12,25,off,0,20,28,16,27,0,9,30,6,10,22,28,17
31,16,17,29,556,1,0,1128,95,9,22,4,off,0,29,30,4,5,24,1,30,28,4,3,11,13
31,16,18,19,577,1,0,1170,98,25,6,18,off,0,7,17,9,5,26,14,18,27,8,1,26,25
31,16,18,20,578,1,0,1172,98,17,29,10,off,0,21,15,16,13,26,21,19,18,6,1,13,13
31,16,18,21,579,1,0,1174,98,11,23,4,off,0,23,3,5,29,8,30,20,6,2,30,12,7
31,16,18,22,580,1,0,1176,99,7,19,0,q1,0,10,29,26,2,10,7,16,11,16,10,15,1
31,16,18,23,581,1,0,1178,98,5,17,29,off,0,11,21,12,13,0,5,6,20,25,15,2,27
31,16,18,24,582,1,0,1180,99,5,17,29,off,0,5,12,15,20,9,10,3,1,6,1,1,24
31,16,18,25,583,1,0,1182,99,7,19,0,q1,0,21,27,13,1,18,17,27,18,8,22,29,15
31,16,18,26,584,1,0,1184,99,11,23,4,off,0,3,3,8,1,28,29,20,7,21,2,14,30
31,16,18,27,585,1,0,1186,99,17,29,10,off,0,17,3,1,19,30,9,13,15,16,4,14,13
31,16,18,28,586,1,0,1188,100,25,6,18,off,0,19,19,6,18,6,22,22,5,5,7,28,11
31,16,19,20,609,1,0,1234,103,10,21,1,off,0,6,16,7,7,28,19,13,8,23,6,3,30
31,16,19,21,610,1,0,1236,104,4,15,26,off,0,13,23,11,16,18,1,12,26,11,26,2,16
31,16,19,22,611,1,0,1238,103,0,11,22,q0,0,15,11,20,24,3,12,17,16,14,3,9,7
31,16,19,23,612,1,0,1240,104,29,9,20,off,0,4,1,7,15,16,13,11,23,8,25,14,20
31,16,19,24,613,1,0,1242,104,29,9,20,off,0,13,12,29,24,23,22,1,11,28,4,15,6
31,16,19,25,614,1,0,1244,104,0,11,22,q0,0,8,21,3,0,9,19,4,13,22,6,3,30
31,16,19,26,615,1,0,1246,104,4,15,26,off,0,16,9,4,18,13,1,2,30,24,30,12,3
31,16,19,27,616,1,0,1248,105,10,21,1,off,0,17,24,0,17,19,28,25,19,0,14,9,0
31,16,20,21,641,1,0,1298,108,26,5,15,off,0,20,6,10,21,18,18,2,8,16,17,25,16
31,16,20,22,642,1,0,1300,109,22,1,11,off,0,4,24,18,10,2,28,1,8,22,0,10,1
31,16,20,23,643,1,0,1302,109,20,30,9,off,0,25,11,25,22,11,12,7,15,8,4,5,15
31,16,20,24,644,1,0,1304,109,20,30,9,off,0,28,1,16,15,3,4,30,4,6,7,6,2
31,16,20,25,645,1,0,1306,109,22,1,11,off,0,16,19,10,18,4,24,15,27,18,0,21,29
31,16,20,26,646,1,0,1308,110,26,5,15,off,0,18,15,29,5,20,21,8,17,25,22,7,2
31,16,21,22,673,1,0,1362,114,11,20,29,off,0,28,28,0,22,23,18,8,13,29,4,0,3
31,16,21,23,674,1,0,1364,114,9,18,27,off,0,17,14,22,5,0,1,9,12,26,2,21,21
31,16,21,24,675,1,0,1366,114,9,18,27,off,0,16,29,10,27,0,26,26,26,10,29,0,21
31,16,21,25,676,1,0,1368,115,11,20,29,off,0,23,16,18,29,27,4,21,9,23,17,3,8
31,16,22,23,705,1,0,1426,119,27,4,12,off,2,0,0,4,8,24,21,19,30,9,23,29,7
31,16,22,24,706,1,0,1428,120,27,4,12,off,1,0,19,15,7,0,19,29,27,30,21,11,21
31,22,2,11,73,1,0,168,15,5,2,30,off,0,28,24,1,9,5,29,30,2,15,12,1,17
31,22,2,30,92,1,0,206,17,5,2,30,off,0,16,19,18,30,21,14,24,25,27,2,6,19
31,22,3,11,104,1,0,230,19,30,26,22,off,0,12,10,24,12,28,4,15,27,16,26,14,14
31,22,3,12,105,1,0,232,20,12,8,4,off,0,16,9,23,21,13,5,7,26,30,2,14,27
31,22,3,29,122,1,0,266,22,12,8,4,off,0,11,10,22,29,18,2,18,28,8,16,28,15
31,22,3,30,123,1,0,268,23,30,26,22,off,0,22,28,28,11,16,3,26,24,11,22,15,17
31,22,4,11,135,1,0,292,25,22,17,12,off,0,13,15,14,26,3,14,4,17,0,30,30,20
31,22,4,12,136,1,0,294,25,4,30,25,off,0,25,20,4,4,7,30,3,7,0,19,7,12
31,22,4,13,137,1,0,296,25,19,14,9,off,0,12,15,15,27,10,18,25,1,29,3,1,23
31,22,4,28,152,1,0,326,27,19,14,9,off,0,25,20,3,0,6,4,28,23,5,29,17,0
31,22,4,29,153,1,0,328,28,4,30,25,off,0,28,5,28,20,11,6,1,11,15,19,4,22
31,22,4,30,154,1,0,330,28,22,17,12,off,0,26,6,24,1,9,9,16,23,6,22,28,14
31,22,5,11,166,1,0,354,30,12,6,0,q1,0,23,9,6,0,5,17,2,8,22,10,19,1
31,22,5,12,167,1,0,356,30,25,19,13,off,0,20,0,10,13,18,24,3,1,5,20,2,29
31,22,5,13,168,1,0,358,30,9,3,28,off,0,16,8,2,2,23,20,9,8,27,14,5,13
31,22,5,14,169,1,0,360,31,26,20,14,off,0,12,25,2,12,28,19,18,11,11,8,28,18
31,22,5,27,182,1,0,386,32,26,20,14,off,0,20,29,26,21,28,8,23,6,4,25,23,0
31,22,5,28,183,1,0,388,33,9,3,28,off,0,5,13,0,6,14,7,29,26,24,1,24,30
31,22,5,29,184,1,0,390,33,25,19,13,off,0,12,6,26,27,0,27,11,23,24,14,13,30
31,22,5,30,185,1,0,392,33,12,6,0,q1,0,10,0,0,2,8,30,20,9,26,28,19,30
31,22,6,11,197,1,0,416,35,0,24,17,q0,1,0,21,28,19,5,15,4,13,19,1,5,14
31,22,6,12,198,1,0,418,35,13,6,30,off,0,17,13,11,4,13,20,0,9,21,11,3,29
31,22,6,13,199,1,0,420,36,28,21,14,off,0,20,2,27,23,23,24,7,28,10,3,28,30
31,22,6,14,200,1,0,422,35,14,7,0,q1,0,11,3,2,2,4,5,8,15,27,3,18,9
31,22,6,15,201,1,0,424,36,2,26,19,off,0,9,23,29,3,19,23,18,20,15,14,4,20
31,22,6,26,212,1,0,446,37,2,26,19,off,0,13,18,10,5,2,26,3,22,30,21,19,22
31,22,6,27,213,1,0,448,38,14,7,0,q1,1,0,1,6,5,6,25,25,12,25,29,19,18
31,22,6,28,214,1,0,450,38,28,21,14,off,0,13,4,1,1,0,11,0,16,15,8,3,2
31,22,6,29,215,1,0,452,38,13,6,30,off,0,26,6,18,15,15,20,23,25,6,9,5,6
31,22,6,30,216,1,0,454,38,0,24,17,q0,0,14,6,29,16,5,12,2,13,15,18,7,0
31,22,7,11,228,1,0,478,40,17,9,1,off,0,22,17,7,11,9,18,29,12,20,8,20,20
31,22,7,12,229,1,0,480,41,30,22,14,off,1,0,29,22,25,0,8,26,16,2,19,17,2
31,22,7,13,230,1,0,482,40,14,6,29,off,0,10,30,0,10,16,11,13,15,13,17,6,8
31,22,7,14,231,1,0,484,41,0,23,15,q0,0,10,26,25,0,25,28,8,5,18,21,14,10
31,22,7,15,232,1,0,486,41,19,11,3,off,0,3,9,19,27,28,5,28,29,14,7,22,16
31,22,7,16,233,1,0,488,41,9,1,24,off,0,1,23,27,29,13,8,11,14,14,24,18,4
31,22,7,25,242,1,0,506,42,9,1,24,off,0,1,11,13,19,23,30,10,13,30,15,0,17
31,22,7,26,243,1,0,508,43,19,11,3,off,0,18,12,5,7,19,13,30,17,3,21,13,20
31,22,7,27,244,1,0,510,43,0,23,15,q0,0,17,0,27,2,12,10,3,4,4,18,2,12
31,22,7,28,245,1,0,512,43,14,6,29,off,0,30,8,24,6,23,30,25,25,13,4,17,14
31,22,7,29,246,1,0,514,43,30,22,14,off,0,12,12,5,14,28,25,11,19,18,7,21,18
31,22,7,30,247,1,0,516,44,17,9,1,off,0,13,22,15,21,11,19,23,4,10,4,0,7
31,22,8,11,259,1,0,540,46,1,23,14,off,0,5,10,4,22,23,19,7,7,12,21,30,27
31,22,8,12,260,1,0,542,45,14,5,27,off,0,7,4,24,17,14,28,18,14,6,26,29,2
31,22,8,13,261,1,0,544,46,29,20,11,off,0,4,25,5,13,7,21,23,26,12,1,26,13
31,22,8,14,262,1,0,546,46,15,6,28,off,0,23,22,6,13,14,11,26,5,17,27,26,25
31,22,8,15,263,1,0,548,46,3,25,16,off,0,18,8,25,16,27,18,0,5,23,1,30,29
31,22,8,16,264,1,0,550,46,24,15,6,off,0,4,4,27,16,25,16,24,0,7,4,21,27
31,22,8,17,265,1,0,552,47,16,7,29,off,0,18,6,14,29,6,30,14,17,7,10,18,21
31,22,8,24,272,1,0,566,47,16,7,29,off,0,3,21,8,6,6,24,21,5,9,28,0,16
31,22,8,25,273,1,0,568,48,24,15,6,off,0,25,5,18,23,2,21,8,21,19,19,11,28
31,22,8,26,274,1,0,570,48,3,25,16,off,0,5,2,21,8,2,28,26,13,17,10,2,2
31,22,8,27,275,1,0,572,48,15,6,28,off,0,13,3,16,29,3,30,15,12,18,29,15,10
31,22,8,28,276,1,0,574,48,29,20,11,off,0,9,14,21,11,2,5,0,14,30,26,3,2
31,22,8,29,277,1,0,576,49,14,5,27,off,0,3,23,28,17,28,8,29,24,12,28,13,1
31,22,8,30,278,1,0,578,48,1,23,14,off,0,25,25,12,25,28,28,12,2,2,5,30,22
31,22,9,11,290,1,0,602,50,14,4,25,off,0,28,1,26,13,24,1,12,26,24,1,26,10
31,22,9,12,291,1,0,604,51,27,17,7,off,0,11,9,4,8,2,27,26,21,29,23,10,4
31,22,9,13,292,1,0,606,51,11,1,22,off,1,0,2,23,0,17,1,18,15,29,13,7,30
31,22,9,14,293,1,0,608,51,28,18,8,off,1,0,9,12,12,19,1,30,7,1,25,15,21
31,22,9,15,294,1,0,610,51,16,6,27,off,0,30,8,28,0,22,30,26,10,4,18,7,23
31,22,9,16,295,1,0,612,52,6,27,17,off,0,1,27,10,5,27,24,19,14,30,2,14,2
31,22,9,17,296,1,0,614,51,29,19,9,off,0,13,29,14,2,6,21,30,13,15,19,20,21
31,22,9,18,297,1,0,616,52,23,13,3,off,0,29,7,28,16,5,16,14,5,9,28,29,13
31,22,9,23,302,1,0,626,52,23,13,3,off,0,17,20,3,26,7,23,19,26,10,13,0,22
31,22,9,24,303,1,0,628,53,29,19,9,off,0,15,1,14,16,2,23,21,17,19,26,24,16
31,22,9,25,304,1,0,630,53,6,27,17,off,0,27,7,5,12,19,25,14,20,6,1,5,16
31,22,9,26,305,1,0,632,53,16,6,27,off,0,8,4,24,28,0,4,6,10,24,26,5,25
31,22,9,27,306,1,0,634,53,28,18,8,off,1,0,8,21,11,1,7,1,0,1,17,21,19
31,22,9,28,307,1,0,636,54,11,1,22,off,0,20,29,2,5,2,3,15,25,25,5,10,15
31,22,9,29,308,1,0,638,53,27,17,7,off,0,28,4,10,25,15,26,24,13,13,10,16,1
31,22,9,30,309,1,0,640,54,14,4,25,off,0,11,25,4,23,12,14,11,22,18,9,5,24
31,22,10,11,321,1,0,664,56,25,14,3,off,0,19,18,0,18,5,25,12,15,16,30,0,27
31,22,10,12,322,1,0,666,56,7,27,16,off,0,18,3,18,19,5,7,6,19,25,15,17,18
31,22,10,13,323,1,0,668,56,22,11,0,q1,0,13,6,9,9,24,22,12,13,21,5,13,23
31,22,10,14,324,1,0,670,56,8,28,17,off,0,11,16,2,25,4,16,13,29,11,7,24,10
31,22,10,15,325,1,0,672,57,27,16,5,off,0,1,3,30,22,0,15,5,11,19,6,19,24
31,22,10,16,326,1,0,674,56,17,6,26,off,0,24,29,9,20,13,23,26,14,15,9,9,26
31,22,10,17,327,1,0,676,57,9,29,18,off,0,4,7,15,19,14,4,21,5,9,20,19,23
31,22,10,18,328,1,0,678,57,3,23,12,off,0,10,11,27,13,14,0,13,14,5,1,1,30
31,22,10,19,329,1,0,680,57,30,19,8,off,0,8,14,8,27,8,20,2,20,22,27,4,8
31,22,10,22,332,1,0,686,57,30,19,8,off,0,28,18,7,11,12,0,17,27,7,6,13,20
31,22,10,23,333,1,0,688,58,3,23,12,off,0,6,23,4,23,23,2,9,7,12,3,11,14
31,22,10,24,334,1,0,690,58,9,29,18,off,0,26,20,4,27,14,24,3,3,14,8,7,3
31,22,10,25,335,1,0,692,58,17,6,26,off,0,19,4,26,10,2,24,27,28,30,10,23,29
31,22,10,26,336,1,0,694,58,27,16,5,off,0,5,11,2,27,27,26,11,4,22,16,14,16
31,22,10,27,337,1,0,696,59,8,28,17,off,0,8,30,4,5,26,17,30,3,15,5,14,16
31,22,10,28,338,1,0,698,58,22,11,0,q1,0,8,22,1,27,18,29,16,12,4,25,20,23
31,22,10,29,339,1,0,700,59,7,27,16,off,0,21,5,0,13,22,0,30,27,13,22,1,2
31,22,10,30,340,1,0,702,59,25,14,3,off,1,0,12,22,10,20,4,12,3,29,2,20,7
31,22,11,11,352,1,0,726,61,3,22,10,off,0,24,4,27,16,2,25,7,26,10,29,13,24
31,22,11,12,353,1,0,728,61,16,4,23,off,0,2,29,15,29,11,24,24,19,27,8,9,15
31,22,11,13,354,1,0,730,61,0,19,7,q0,0,15,16,16,7,30,6,28,12,1,28,30,28
31,22,11,14,355,1,0,732,62,17,5,24,off,0,13,20,18,1,16,3,27,28,6,14,13,23
31,22,11,15,356,1,0,734,61,5,24,12,off,0,14,28,15,3,26,27,17,2,30,16,18,25
31,22,11,16,357,1,0,736,62,26,14,2,off,0,10,12,9,3,4,7,21,11,26,3,17,9
31,22,11,17,358,1,0,738,62,18,6,25,off,1,0,30,25,17,21,2,20,5,29,13,26,27
31,22,11,18,359,1,0,740,62,12,0,19,qm,0,10,29,21,17,21,1,14,0,28,5,20,30
31,22,11,19,360,1,0,742,62,8,27,15,off,0,2,28,10,6,13,11,13,6,4,9,13,8
31,22,11,20,361,1,0,744,63,6,25,13,off,0,17,14,20,9,11,21,29,9,8,14,8,5
31,22,11,21,362,1,0,746,62,6,25,13,off,1,0,17,28,29,5,24,2,17,10,10,16,26
31,22,11,22,363,1,0,748,63,8,27,15,off,0,7,5,4,22,15,6,8,11,9,25,19,7
31,22,11,23,364,1,0,750,63,12,0,19,qm,0,2,10,23,10,6,8,0,3,30,27,6,4
31,22,11,24,365,1,0,752,63,18,6,25,off,0,24,4,19,14,28,22,19,19,5,4,0,21
31,22,11,25,366,1,0,754,63,26,14,2,off,0,13,15,20,9,29,19,9,9,2,14,25,26
31,22,11,26,367,1,0,756,64,5,24,12,off,0,29,22,7,19,29,14,1,8,2,4,4,24
31,22,11,27,368,1,0,758,63,17,5,24,off,0,18,0,8,26,16,22,23,27,28,18,25,29
31,22,11,28,369,1,0,760,64,0,19,7,q0,0,4,11,28,18,8,7,19,1,0,2,26,27
31,22,11,29,370,1,0,762,64,16,4,23,off,0,4,22,7,8,10,7,26,18,10,10,29,10
31,22,11,30,371,1,0,764,64,3,22,10,off,0,1,15,23,30,0,30,1,11,1,29,26,10
31,22,12,11,383,1,0,788,66,10,28,15,off,0,16,23,1,18,23,26,0,7,16,1,18,3
31,22,12,12,384,1,0,790,66,23,10,28,off,0,22,14,27,9,21,25,3,15,18,30,26,18
31,22,12,13,385,1,0,792,67,7,25,12,off,0,16,16,20,13,4,18,15,8,8,27,15,12
31,22,12,14,386,1,0,794,66,24,11,29,off,0,2,0,16,0,3,23,23,4,7,22,26,9
31,22,12,15,387,1,0,796,67,12,30,17,off,0,11,21,16,2,2,21,22,25,2,28,21,28
31,22,12,16,388,1,0,798,67,2,20,7,off,0,16,20,21,13,16,5,16,15,19,25,0,19
31,22,12,17,389,1,0,800,67,25,12,30,off,0,19,13,9,9,24,7,23,24,5,19,10,3
31,22,12,18,390,1,0,802,67,19,6,24,off,0,13,3,5,12,0,16,6,4,2,18,15,25
31,22,12,19,391,1,0,804,68,15,2,20,off,0,15,26,1,23,11,25,26,21,12,16,25,27
31,22,12,20,392,0,1,806,67,13,0,18,qm,-1,0,0,0,0,0,0,0,0,0,0,0,0
31,22,12,21,393,0,1,808,68,13,0,18,qm,-1,0,0,0,0,0,0,0,0,0,0,0,0
31,22,12,22,394,1,0,810,68,15,2,20,off,0,16,21,16,27,26,12,9,9,6,29,7,2
31,22,12,23,395,1,0,812,68,19,6,24,off,0,26,20,2,19,21,24,21,25,27,2,28,29
31,22,12,24,396,1,0,814,68,25,12,30,off,0,18,27,1,16,14,15,2,12,21,8,19,1
31,22,12,25,397,1,0,816,69,2,20,7,off,0,23,10,22,8,26,15,22,8,14,8,3,1
31,22,12,26,398,1,0,818,68,12,30,17,off,0,24,20,3,6,14,11,26,9,12,0,17,23
31,22,12,27,399,1,0,820,69,24,11,29,off,0,5,15,16,20,4,17,3,0,30,11,23,28
31,22,12,28,400,1,0,822,69,7,25,12,off,0,7,14,26,29,30,3,11,24,22,6,23,7
31,22,12,29,401,1,0,824,69,23,10,28,off,0,29,24,27,2,7,10,15,8,14,6,10,23
31,22,12,30,402,1,0,826,69,10,28,15,off,0,23,15,9,18,24,24,18,19,27,3,9,0
31,22,13,11,414,1,0,850,71,15,1,18,off,0,8,3,8,4,19,30,26,23,30,30,30,22
31,22,13,12,415,1,0,852,72,28,14,0,q1,0,2,15,20,18,8,29,6,9,15,6,19,10
31,22,13,13,416,1,0,854,71,12,29,15,off,0,11,12,18,19,19,19,4,12,29,23,22,30
31,22,13,14,417,1,0,856,72,29,15,1,off,0,22,1,14,25,6,0,18,15,20,16,2,25
31,22,13,15,418,1,0,858,72,17,3,20,off,0,23,19,12,11,0,26,9,15,3,5,2,23
31,22,13,16,419,1,0,860,72,7,24,10,off,0,22,7,6,16,17,27,29,15,30,1,18,5
31,22,13,17,420,1,0,862,72,30,16,2,off,0,1,18,10,26,15,30,15,21,25,13,3,29
31,22,13,18,421,1,0,864,73,24,10,27,off,0,8,11,14,22,20,7,26,12,17,0,4,8
31,22,13,19,422,1,0,866,72,20,6,23,off,0,6,20,8,18,4,28,10,26,25,7,9,0
31,22,13,20,423,1,0,868,73,18,4,21,off,0,24,9,23,30,15,18,1,6,20,8,3,7
31,22,13,21,424,1,0,870,73,18,4,21,off,0,16,15,20,17,8,9,17,15,8,5,1,30
31,22,13,22,425,1,0,872,73,20,6,23,off,0,3,27,11,20,10,8,29,27,18,7,5,11
31,22,13,23,426,1,0,874,73,24,10,27,off,0,17,7,22,17,11,7,25,21,23,0,24,17
31,22,13,24,427,1,0,876,74,30,16,2,off,0,14,23,2,9,9,1,30,18,21,21,22,14
31,22,13,25,428,1,0,878,73,7,24,10,off,0,7,12,17,8,11,18,17,20,6,24,28,10
31,22,13,26,429,1,0,880,74,17,3,20,off,0,14,12,5,26,7,22,6,7,10,0,9,30
31,22,13,27,430,1,0,882,74,29,15,1,off,0,13,5,28,17,18,12,20,26,18,22,10,26
31,22,13,28,431,1,0,884,74,12,29,15,off,0,27,16,2,18,20,12,22,27,10,30,5,11
31,22,13,29,432,0,1,886,74,28,14,0,q1,-1,0,0,0,0,0,0,0,0,0,0,0,0
31,22,13,30,433,1,0,888,75,15,1,18,off,0,30,22,16,27,7,9,9,25,20,30,7,9
31,22,14,11,445,1,0,912,77,18,3,19,off,0,16,6,8,29,27,4,0,16,18,23,18,22
31,22,14,12,446,0,1,914,76,0,16,1,q0,-1,0,0,0,0,0,0,0,0,0,0,0,0
31,22,14,13,447,1,0,916,77,15,0,16,qm,0,3,13,21,18,26,2,2,1,6,12,4,12
31,22,14,14,448,1,0,918,77,1,17,2,off,0,9,5,26,11,19,7,11,7,7,24,8,17
31,22,14,15,449,1,0,920,77,20,5,21,off,0,5,29,8,15,25,20,16,19,27,26,15,19
31,22,14,16,450,1,0,922,77,10,26,11,off,0,16,12,13,30,16,28,11,29,0,12,14,21
31,22,14,17,451,1,0,924,78,2,18,3,off,0,26,10,28,21,22,9,4,23,19,12,5,1
31,22,14,18,452,1,0,926,77,27,12,28,off,0,9,7,23,5,8,29,11,26,16,27,7,16
31,22,14,19,453,1,0,928,78,23,8,24,off,0,27,27,11,4,13,9,1,18,4,4,6,30
31,22,14,20,454,1,0,930,78,21,6,22,off,0,14,26,3,12,21,14,5,7,14,11,24,16
31,22,14,21,455,1,0,932,78,21,6,22,off,0,7,8,23,11,17,15,17,6,26,27,4,29
31,22,14,22,456,1,0,934,78,23,8,24,off,0,15,2,13,1,26,21,15,22,23,4,25,2
31,22,14,23,457,1,0,936,79,27,12,28,off,0,23,26,5,22,23,27,16,1,16,20,8,20
31,22,14,24,458,1,0,938,78,2,18,3,off,0,22,27,4,23,24,6,22,16,26,21,6,15
31,22,14,25,459,1,0,940,79,10,26,11,off,0,11,8,29,14,14,26,8,26,21,8,28,13
31,22,14,26,460,1,0,942,79,20,5,21,off,0,24,3,10,10,27,17,8,28,21,1,5,25
31,22,14,27,461,1,0,944,79,1,17,2,off,0,24,28,2,25,21,13,29,21,12,0,20,16
31,22,14,28,462,1,0,946,79,15,0,16,qm,0,1,16,13,4,11,12,9,17,6,14,6,8
31,22,14,29,463,1,0,948,80,0,16,1,q0,0,19,1,7,2,4,1,21,26,4,12,7,26
31,22,14,30,464,1,0,950,79,18,3,19,off,0,21,18,12,27,14,9,7,18,30,15,9,7
31,22,15,11,476,1,0,974,81,19,3,18,off,0,10,15,10,26,0,4,18,11,8,27,22,1
31,22,15,12,477,1,0,976,82,1,16,0,q1,0,11,28,25,16,8,14,17,29,28,8,17,7
31,22,15,13,478,1,0,978,82,16,0,15,qm,0,28,0,30,15,3,6,30,25,20,19,4,19
31,22,15,14,479,1,0,980,82,2,17,1,off,0,5,2,9,29,4,14,15,27,2,16,7,12
31,22,15,15,480,1,0,982,82,21,5,20,off,0,11,18,7,20,30,26,30,15,18,22,8,30
31,22,15,16,481,1,0,984,83,11,26,10,off,0,30,28,21,14,5,10,10,17,30,13,15,7
31,22,15,17,482,1,0,986,82,3,18,2,off,0,9,7,1,7,30,19,30,13,22,7,22,7
31,22,15,18,483,1,0,988,83,28,12,27,off,0,13,15,20,13,2,15,2,5,26,17,5,15
31,22,15,19,484,1,0,990,83,24,8,23,off,0,13,11,24,12,5,19,1,25,3,22,2,22
31,22,15,20,485,1,0,992,83,22,6,21,off,0,24,29,2,11,9,18,30,10,26,12,11,13
31,22,15,21,486,1,0,994,83,22,6,21,off,0,8,18,15,16,8,3,4,1,10,19,0,13
31,22,15,22,487,1,0,996,84,24,8,23,off,0,15,22,7,10,3,25,7,27,16,9,22,6
31,22,15,23,488,1,0,998,83,28,12,27,off,0,16,28,11,28,10,28,29,25,5,14,0,15
31,22,15,24,489,1,0,1000,84,3,18,2,off,0,26,6,27,11,7,20,25,7,16,1,28,2
31,22,15,25,490,1,0,1002,84,11,26,10,off,0,20,6,12,30,17,18,3,1,4,4,7,6
31,22,15,26,491,1,0,1004,84,21,5,20,off,0,5,15,25,11,27,14,6,5,2,26,30,29
31,22,15,27,492,1,0,1006,84,2,17,1,off,0,16,15,18,9,7,23,28,19,15,25,25,5
31,22,15,28,493,1,0,1008,85,16,0,15,qm,0,27,25,26,16,28,11,5,13,13,5,24,6
31,22,15,29,494,0,1,1010,84,1,16,0,q1,-1,0,0,0,0,0,0,0,0,0,0,0,0
31,22,15,30,495,1,0,1012,85,19,3,18,off,0,23,24,8,22,25,30,11,19,20,20,22,16
31,22,16,11,507,1,0,1036,87,18,1,15,off,0,25,10,1,13,30,0,8,13,23,30,11,21
31,22,16,12,508,0,1,1038,87,0,14,28,q0,-1,0,0,0,0,0,0,0,0,0,0,0,0
31,22,16,13,509,1,0,1040,87,15,29,12,off,0,24,10,2,23,6,3,12,30,5,19,26,22
31,22,16,14,510,1,0,1042,87,1,15,29,off,0,28,25,4,25,24,24,19,4,4,23,24,10
31,22,16,15,511,1,0,1044,88,20,3,17,off,5,0,0,0,0,0,9,0,0,0,0,0,0
31,22,16,17,513,1,0,1048,88,2,16,30,off,0,29,8,13,12,23,19,17,22,19,10,26,18
31,22,16,18,514,1,0,1050,88,27,10,24,off,0,2,2,26,15,3,21,27,16,26,11,5,30
31,22,16,19,515,1,0,1052,88,23,6,20,off,0,1,18,23,8,9,24,11,7,24,20,6,16
31,22,16,20,516,1,0,1054,88,21,4,18,off,0,17,29,0,23,5,5,5,15,26,17,5,14
31,22,16,21,517,1,0,1056,89,21,4,18,off,0,9,15,14,4,1,23,28,6,6,6,26,9
31,22,16,22,518,1,0,1058,88,23,6,20,off,0,30,26,30,29,22,0,11,25,28,9,6,15
31,22,16,23,519,1,0,1060,89,27,10,24,off,0,18,28,26,18,12,13,2,0,11,1,1,28
31,22,16,24,520,1,0,1062,89,2,16,30,off,0,23,2,2,27,5,16,19,0,5,28,8,1
31,22,16,27,523,1,0,1068,90,1,15,29,off,0,21,11,17,25,2,7,18,25,7,18,1,22
31,22,16,28,524,1,0,1070,89,15,29,12,off,0,10,10,14,7,3,12,13,24,16,4,4,17
31,22,16,29,525,1,0,1072,90,0,14,28,q0,0,19,30,17,5,8,11,29,1,24,28,26,15
31,22,16,30,526,1,0,1074,90,18,1,15,off,0,21,1,8,11,24,24,28,24,27,3,27,0
31,22,17,11,538,1,0,1098,92,15,28,10,off,0,8,10,19,9,12,15,25,3,21,7,6,8
31,22,17,12,539,1,0,1100,92,28,10,23,off,0,9,28,8,13,11,29,11,23,23,10,26,13
31,22,17,13,540,1,0,1102,92,12,25,7,off,0,10,12,0,21,0,17,14,8,17,24,26,8
31,22,17,14,541,1,0,1104,93,29,11,24,off,0,27,0,0,0,0,0,0,0,0,0,0,0
31,22,17,18,545,1,0,1112,93,24,6,19,off,0,13,3,2,26,7,4,22,19,7,0,2,14
31,22,17,19,546,1,0,1114,93,20,2,15,off,0,21,24,19,8,23,13,28,18,12,24,4,20
31,22,17,20,547,0,1,1116,94,18,0,13,qm,-1,0,0,0,0,0,0,0,0,0,0,0,0
31,22,17,21,548,0,1,1118,93,18,0,13,qm,-1,0,0,0,0,0,0,0,0,0,0,0,0
31,22,17,22,549,1,0,1120,94,20,2,15,off,0,24,28,30,15,13,3,5,6,12,1,22,19
31,22,17,23,550,1,0,1122,94,24,6,19,off,0,3,2,25,7,7,14,2,7,0,19,22,26
31,22,17,28,555,1,0,1132,95,12,25,7,off,0,15,30,29,27,8,18,9,10,18,30,8,24
31,22,17,29,556,1,0,1134,95,28,10,23,off,0,23,29,22,10,17,12,8,5,12,20,4,8
31,22,17,30,557,1,0,1136,95,15,28,10,off,0,11,12,4,18,2,0,10,26,7,11,2,15
31,22,18,11,569,1,0,1160,97,10,22,3,off,0,18,23,21,20,12,3,27,20,30,26,25,7
31,22,18,12,570,1,0,1162,97,23,4,16,off,0,4,9,12,2,20,30,3,14,24,19,17,13
31,22,18,13,571,1,0,1164,98,7,19,0,q1,0,29,17,15,27,15,24,20,6,20,11,6,20
31,22,18,19,577,1,0,1176,99,15,27,8,off,0,20,15,30,22,10,29,20,3,25,21,24,18
31,22,18,20,578,1,0,1178,98,13,25,6,off,0,26,23,10,11,7,30,30,19,16,24,11,3
31,22,18,21,579,1,0,1180,99,13,25,6,off,0,7,21,27,6,3,6,6,3,6,26,10,21
31,22,18,22,580,1,0,1182,99,15,27,8,off,0,11,30,15,11,18,4,26,19,28,9,3,22
31,22,18,29,587,1,0,1196,100,23,4,16,off,0,5,10,15,26,30,1,30,2,1,25,2,17
31,22,18,30,588,1,0,1198,100,10,22,3,off,0,13,6,6,4,17,15,9,11,24,10,17,9
31,22,19,11,600,1,0,1222,102,3,14,25,off,0,24,24,1,12,30,11,4,10,17,8,5,14
31,22,19,12,601,1,0,1224,103,16,27,7,off,0,18,8,17,23,20,19,2,12,7,5,20,27
31,22,19,20,609,1,0,1240,104,6,17,28,off,0,21,2,19,19,19,3,19,10,19,5,29,3
31,22,19,21,610,1,0,1242,104,6,17,28,off,0,14,24,30,18,6,17,13,25,20,7,20,4
31,22,19,30,619,1,0,1260,106,3,14,25,off,0,17,17,10,10,18,25,24,12,10,11,17,14
31,22,20,11,631,1,0,1284,108,25,4,14,off,0,27,7,24,4,24,22,0,8,28,15,8,28
37,12,2,27,101,1,0,214,18,21,18,15,off,1,0,31,20,31,29,3,29,25,2,29,1,2
37,12,2,36,110,1,0,232,20,21,18,15,off,0,18,34,17,36,16,14,34,32,19,14,9,24
37,12,3,27,138,1,0,288,25,15,11,7,off,0,16,33,33,34,9,4,2,22,14,26,2,8
37,12,3,28,139,1,0,290,24,7,3,36,off,0,16,33,5,26,7,25,23,11,5,11,25,10
37,12,3,35,146,1,0,304,26,7,3,36,off,0,2,13,31,5,30,1,25,5,17,20,6,31
37,12,3,36,147,1,0,306,26,15,11,7,off,0,28,3,0,7,11,26,28,33,10,21,0,35
37,12,4,27,175,1,0,362,30,7,2,34,off,0,24,28,6,6,20,11,10,17,32,16,24,16
37,12,4,28,176,1,0,364,31,36,31,26,off,0,32,13,7,0,10,6,18,9,19,33,22,32
37,12,4,29,177,1,0,366,31,30,25,20,off,0,19,0,23,4,6,33,6,19,23,23,6,23
37,12,4,34,182,1,0,376,32,30,25,20,off,0,11,7,14,35,20,26,18,6,5,5,15,10
37,12,4,35,183,1,0,378,32,36,31,26,off,0,17,13,12,26,24,20,33,0,2,7,11,20
37,12,4,36,184,1,0,380,32,7,2,34,off,0,17,8,17,35,8,8,35,32,9,36,22,5
37,12,5,27,212,1,0,436,37,34,28,22,off,0,36,21,34,27,24,18,4,5,31,22,25,27
37,12,5,28,213,1,0,438,37,26,20,14,off,1,0,26,4,10,23,17,2,10,15,6,1,20
37,12,5,29,214,1,0,440,37,20,14,8,off,0,21,8,11,25,14,24,24,18,27,6,30,31
37,12,5,30,215,1,0,442,37,16,10,4,off,0,32,33,32,34,11,8,17,28,21,0,18,8
37,12,5,33,218,1,0,448,38,16,10,4,off,0,26,4,22,36,32,19,5,24,1,13,18,22
37,12,5,34,219,1,0,450,38,20,14,8,off,0,27,4,22,18,17,0,9,27,23,11,35,25
37,12,5,35,220,1,0,452,38,26,20,14,off,0,26,26,33,0,2,6,32,21,7,16,26,3
37,12,5,36,221,1,0,454,38,34,28,22,off,0,12,25,0,4,4,5,20,12,1,29,30,16
37,12,6,27,249,1,0,510,43,22,15,8,off,0,31,8,0,3,31,32,15,27,23,32,18,14
37,12,6,28,250,1,0,512,43,14,7,0,q1,0,5,9,9,36,34,28,15,27,33,7,6,18
37,12,6,29,251,1,0,514,43,8,1,31,off,0,35,13,23,19,25,10,18,3,33,34,8,23
37,12,6,30,252,1,0,516,44,4,34,27,off,0,27,21,36,32,26,31,8,32,22,29,16,15
37,12,6,31,253,1,0,518,43,2,32,25,off,0,29,23,19,20,35,10,1,11,11,34,8,30
37,12,6,32,254,1,0,520,44,2,32,25,off,0,33,31,6,0,32,28,29,21,36,19,30,24
37,12,6,33,255,1,0,522,44,4,34,27,off,0,3,33,18,22,4,22,21,10,21,32,5,12
37,12,6,34,256,1,0,524,44,8,1,31,off,0,31,30,24,6,1,7,23,15,3,25,27,22
37,12,6,35,257,1,0,526,44,14,7,0,q1,0,12,33,36,3,23,31,16,26,22,30,15,7
37,12,6,36,258,1,0,528,45,22,15,8,off,0,22,32,2,22,3,28,13,14,7,18,27,21
37,12,7,27,286,1,0,584,49,8,0,29,qm,0,1,25,22,12,13,24,30,35,12,14,10,2
37,12,7,28,287,1,0,586,49,0,29,21,q0,0,29,22,32,16,24,23,34,23,1,31,30,16
37,12,7,29,288,1,0,588,50,31,23,15,off,0,17,17,2,21,21,6,1,17,19,35,11,28
37,12,7,30,289,1,0,590,49,27,19,11,off,0,3,26,20,27,16,8,11,3,35,2,34,0
37,12,7,31,290,1,0,592,50,25,17,9,off,0,6,1,23,12,34,19,14,26,33,24,21,10
37,12,7,32,291,1,0,594,50,25,17,9,off,0,4,14,12,7,23,9,7,2,27,10,2,18
37,12,7,33,292,1,0,596,50,27,19,11,off,0,3,11,35,24,13,14,4,29,34,30,12,5
37,12,7,34,293,1,0,598,50,31,23,15,off,0,1,10,0,11,31,18,1,26,35,14,23,8
37,12,7,35,294,1,0,600,51,0,29,21,q0,0,8,36,16,18,4,28,2,12,33,23,33,14
37,12,7,36,295,1,0,602,50,8,0,29,qm,0,19,7,17,33,26,26,17,18,25,30,29,6
37,12,8,27,323,1,0,658,55,29,20,11,off,0,7,34,30,4,19,2,13,30,14,36,1,33
37,12,8,28,324,1,0,660,56,21,12,3,off,0,3,14,2,4,6,34,8,10,1,23,8,13
37,12,8,29,325,1,0,662,55,15,6,34,off,0,2,10,34,4,31,29,12,4,3,18,28,28
37,12,8,30,326,1,0,664,56,11,2,30,off,0,20,27,33,14,7,8,14,7,13,14,21,16
37,12,8,31,327,0,1,666,56,9,0,28,qm,-1,0,0,0,0,0,0,0,0,0,0,0,0
37,12,8,32,328,0,1,668,56,9,0,28,qm,-1,0,0,0,0,0,0,0,0,0,0,0,0
37,12,8,33,329,1,0,670,56,11,2,30,off,0,21,31,30,36,32,36,6,7,24,6,15,25
37,12,8,34,330,1,0,672,57,15,6,34,off,0,7,16,13,10,2,25,19,34,0,9,10,11
37,12,8,35,331,1,0,674,56,21,12,3,off,0,23,7,19,15,35,5,19,28,0,32,16,33
37,12,8,36,332,1,0,676,57,29,20,11,off,0,12,8,14,14,28,7,26,27,5,36,11,9
37,12,9,27,360,1,0,732,62,11,1,28,off,0,5,13,15,26,7,18,14,31,10,10,34,29
37,12,9,28,361,1,0,734,61,3,30,20,off,0,14,31,3,24,2,15,10,18,14,14,1,2
37,12,9,29,362,1,0,736,62,34,24,14,off,1,0,8,9,8,16,14,24,6,20,1,15,3
37,12,9,30,363,1,0,738,62,30,20,10,off,1,0,28,28,9,36,9,4,24,27,32,27,34
37,12,9,31,364,1,0,740,62,28,18,8,off,1,0,5,30,30,4,34,0,4,27,19,9,33
37,12,9,32,365,1,0,742,62,28,18,8,off,1,0,19,33,26,5,21,0,17,3,17,19,4
37,12,9,33,366,1,0,744,63,30,20,10,off,0,28,9,25,31,21,24,34,11,24,6,3,0
37,12,9,34,367,1,0,746,62,34,24,14,off,1,0,6,25,24,2,22,4,9,18,16,1,34
37,12,9,35,368,1,0,748,63,3,30,20,off,0,21,21,6,27,15,35,22,17,12,29,20,0
37,12,9,36,369,1,0,750,63,11,1,28,off,0,35,14,3,14,27,31,4,32,28,22,12,1
37,12,10,27,397,1,0,806,67,28,17,6,off,0,21,36,6,29,7,13,31,15,16,34,0,0
37,12,10,28,398,1,0,808,68,20,9,35,off,0,21,7,28,21,26,1,16,7,2,21,18,3
37,12,10,29,399,1,0,810,68,14,3,29,off,0,30,13,24,6,28,19,22,28,29,24,10,23
37,12,10,30,400,1,0,812,68,10,36,25,off,1,0,26,36,1,5,14,21,15,3,1,8,19
37,12,10,31,401,1,0,814,68,8,34,23,off,0,7,23,7,36,6,21,14,14,4,6,0,34
37,12,10,32,402,1,0,816,69,8,34,23,off,0,13,19,6,0,33,24,17,16,18,33,16,18
37,12,10,33,403,1,0,818,68,10,36,25,off,1,0,6,27,10,34,23,0,15,24,27,31,7
37,12,10,34,404,1,0,820,69,14,3,29,off,0,5,13,4,3,23,19,27,30,23,18,27,12
37,12,10,35,405,1,0,822,69,20,9,35,off,0,20,33,17,13,17,2,29,6,10,2,27,36
37,12,10,36,406,1,0,824,69,28,17,6,off,0,30,12,13,34,18,25,34,23,6,5,36,11
37,12,11,27,434,1,0,880,74,6,31,19,off,0,26,26,5,36,8,6,9,16,5,20,32,9
37,12,11,28,435,1,0,882,74,35,23,11,off,0,11,19,10,30,6,31,22,3,35,24,28,34
37,12,11,29,436,1,0,884,74,29,17,5,off,0,5,3,30,10,20,0,22,9,0,29,21,17
37,12,11,30,437,1,0,886,74,25,13,1,off,0,26,15,11,22,33,23,20,26,35,26,12,12
37,12,11,31,438,1,0,888,75,23,11,36,off,0,6,5,23,15,32,6,24,15,5,26,8,35
37,12,11,32,439,1,0,890,74,23,11,36,off,1,0,6,10,32,23,12,36,20,9,8,1,14
37,12,11,33,440,1,0,892,75,25,13,1,off,0,15,14,2,3,26,28,1,12,10,12,25,1
37,12,11,34,441,1,0,894,75,29,17,5,off,0,3,35,25,19,0,21,7,0,24,28,15,22
37,12,11,35,442,1,0,896,75,35,23,11,off,0,19,22,9,32,3,16,28,16,14,21,4,6
37,12,11,36,443,1,0,898,75,6,31,19,off,0,26,7,1,29,36,17,16,30,20,32,28,32
37,12,12,27,471,1,0,954,80,19,6,30,off,0,24,18,0,17,15,35,20,1,17,2,36,16
37,12,12,28,472,1,0,956,80,11,35,22,off,0,20,32,13,11,32,27,2,36,17,17,25,13
37,12,12,29,473,1,0,958,80,5,29,16,off,0,26,36,33,9,1,23,19,26,10,22,14,9
37,12,12,30,474,1,0,960,81,1,25,12,off,0,1,12,1,6,10,8,9,2,17,33,24,17
37,12,12,31,475,1,0,962,80,36,23,10,off,0,11,20,20,19,16,4,6,5,4,3,9,1
37,12,12,32,476,1,0,964,81,36,23,10,off,0,20,35,31,3,31,13,9,3,3,21,11,23
37,12,12,33,477,1,0,966,81,1,25,12,off,0,10,2,26,6,27,23,15,12,25,7,30,21
37,12,12,34,478,1,0,968,81,5,29,16,off,0,4,9,11,31,16,2,34,33,28,6,28,11
37,12,12,35,479,1,0,970,81,11,35,22,off,0,6,30,29,36,20,9,13,19,19,24,26,4
37,12,12,36,480,1,0,972,82,19,6,30,off,0,23,28,5,23,19,29,5,0,17,20,32,16
37,12,13,27,508,1,0,1028,86,30,16,2,off,0,2,31,32,5,33,0,20,26,31,22,18,18
37,12,13,28,509,1,0,1030,86,22,8,31,off,0,23,32,3,3,7,2,23,2,27,24,5,4
37,12,13,29,510,1,0,1032,87,16,2,25,off,0,14,16,35,28,10,3,30,12,6,20,29,5
37,12,13,30,511,1,0,1034,86,12,35,21,off,0,23,29,14,7,2,1,27,5,33,30,5,28
37,12,13,31,512,1,0,1036,87,10,33,19,off,0,16,33,0,9,22,28,0,19,2,19,0,6
37,12,13,32,513,1,0,1038,87,10,33,19,off,0,23,18,0,33,4,23,0,10,5,11,0,33
37,12,13,33,514,1,0,1040,87,12,35,21,off,0,31,13,25,19,15,22,13,17,15,6,35,6
37,12,13,34,515,1,0,1042,87,16,2,25,off,0,9,20,26,36,5,8,31,31,24,1,10,10
37,12,13,35,516,1,0,1044,88,22,8,31,off,0,33,19,11,23,32,7,19,24,16,35,1,22
37,12,13,36,517,1,0,1046,87,30,16,2,off,0,33,21,6,15,30,3,35,33,30,2,26,23
37,12,14,27,545,1,0,1102,92,2,24,9,off,0,1,23,2,18,2,6,12,2,19,30,24,19
37,12,14,28,546,1,0,1104,93,31,16,1,off,0,6,23,20,7,27,23,12,22,10,28,36,27
37,12,14,29,547,1,0,1106,92,25,10,32,off,0,33,23,4,30,14,26,16,16,25,33,34,4
37,12,14,30,548,1,0,1108,93,21,6,28,off,0,1,22,10,5,25,23,3,7,27,3,10,34
37,12,14,31,549,1,0,1110,93,19,4,26,off,0,21,34,18,36,23,33,7,2,18,3,36,21
37,12,14,32,550,1,0,1112,93,19,4,26,off,0,29,14,8,15,11,15,27,15,5,10,8,1
37,12,14,33,551,1,0,1114,93,21,6,28,off,0,14,28,36,34,35,11,33,7,10,33,23,30
37,12,14,34,552,1,0,1116,94,25,10,32,off,0,17,22,35,30,21,13,5,20,30,32,27,2
37,12,14,35,553,1,0,1118,93,31,16,1,off,0,33,25,19,14,8,4,3,17,11,33,29,7
37,12,14,36,554,1,0,1120,94,2,24,9,off,0,22,28,18,19,11,27,4,23,10,10,4,8
37,12,15,27,582,1,0,1176,99,9,30,14,off,0,4,26,16,14,18,32,33,33,22,16,32,19
37,12,15,28,583,1,0,1178,98,1,22,6,off,0,22,7,14,25,14,36,28,0,1,11,9,17
37,12,15,29,584,1,0,1180,99,32,16,0,q1,0,11,13,24,7,2,21,24,13,27,3,2,27
37,12,15,30,585,1,0,1182,99,28,12,33,off,0,33,6,5,14,13,18,1,24,16,10,22,33
37,12,15,31,586,1,0,1184,99,26,10,31,off,0,14,19,35,32,21,22,8,32,2,21,13,15
37,12,15,32,587,1,0,1186,99,26,10,31,off,0,17,13,20,8,17,31,26,25,29,11,11,22
37,12,15,33,588,1,0,1188,100,28,12,33,off,0,24,24,6,32,9,28,34,25,16,19,4,30
37,12,15,34,589,1,0,1190,99,32,16,0,q1,0,34,19,5,21,28,33,4,1,28,11,10,10
37,12,15,35,590,1,0,1192,100,1,22,6,off,0,14,12,19,35,6,14,3,22,30,28,25,11
37,12,15,36,591,1,0,1194,100,9,30,14,off,0,13,21,23,31,1,33,24,35,16,24,18,33
37,12,16,27,619,1,0,1250,104,14,34,17,off,0,21,29,35,25,27,2,19,25,12,6,27,29
37,12,16,28,620,1,0,1252,105,6,26,9,off,0,13,36,24,34,6,18,31,33,31,9,4,16
37,12,16,29,621,1,0,1254,105,0,20,3,q0,0,10,12,33,15,29,0,22,16,14,36,2,2
37,12,16,30,622,1,0,1256,105,33,16,36,off,0,31,10,0,34,15,5,26,3,34,36,19,2
37,12,16,31,623,1,0,1258,105,31,14,34,off,0,23,23,25,20,16,23,15,12,14,24,0,33
37,12,16,32,624,1,0,1260,106,31,14,34,off,0,36,28,8,18,17,26,6,12,35,8,29,29
37,12,16,33,625,1,0,1262,105,33,16,36,off,0,1,8,0,7,28,32,0,3,13,10,32,28
37,12,16,34,626,1,0,1264,106,0,20,3,q0,0,7,33,12,13,14,31,28,13,16,22,36,20
37,12,16,35,627,1,0,1266,106,6,26,9,off,0,15,16,34,7,9,3,29,4,36,16,7,27
37,12,16,36,628,1,0,1268,106,14,34,17,off,0,29,31,1,20,4,22,14,34,20,12,5,21
37,12,17,27,656,1,0,1324,111,17,36,18,off,0,13,0,14,28,22,21,5,20,27,13,28,7
37,12,17,28,657,1,0,1326,111,9,28,10,off,0,1,11,29,18,4,4,14,20,15,24,21,22
37,12,17,29,658,1,0,1328,111,3,22,4,off,0,32,25,20,3,20,4,1,22,33,27,4,31
37,12,17,30,659,1,0,1330,111,36,18,0,q1,0,10,8,3,13,22,20,6,23,30,8,24,31
37,12,17,31,660,1,0,1332,112,34,16,35,off,0,30,1,36,26,21,0,14,17,22,5,9,13
37,12,17,32,661,1,0,1334,111,34,16,35,off,1,0,30,2,34,30,31,0,24,25,13,13,25
37,12,17,33,662,1,0,1336,112,36,18,0,q1,0,8,24,18,2,21,1,8,5,23,24,6,13
37,12,17,34,663,1,0,1338,112,3,22,4,off,0,25,11,26,19,31,6,13,19,30,30,23,3
37,12,17,35,664,1,0,1340,112,9,28,10,off,0,11,12,35,9,35,27,14,28,14,25,20,17
37,12,17,36,665,1,0,1342,112,17,36,18,off,1,0,27,9,15,15,30,20,14,13,28,30,2
37,12,18,27,693,1,0,1398,117,18,36,17,off,0,20,30,18,7,10,12,8,23,20,28,11,3
37,12,18,28,694,1,0,1400,117,10,28,9,off,0,4,17,24,6,13,22,33,12,21,1,2,11
37,12,18,29,695,1,0,1402,117,4,22,3,off,0,10,19,9,24,12,33,8,18,23,8,20,11
37,12,18,30,696,1,0,1404,118,0,18,36,q0,0,20,29,1,9,13,12,4,7,14,31,32,11
37,12,18,31,697,1,0,1406,117,35,16,34,off,0,4,5,14,13,8,6,3,13,2,17,10,1
37,12,18,32,698,1,0,1408,118,35,16,34,off,0,25,6,19,33,31,28,4,2,11,11,35,33
37,12,18,33,699,1,0,1410,118,0,18,36,q0,0,15,11,26,9,24,16,19,5,1,29,3,31
37,12,18,34,700,1,0,1412,118,4,22,3,off,0,28,21,28,35,35,17,17,16,31,15,6,19
37,12,18,35,701,1,0,1414,118,10,28,9,off,0,36,5,0,14,9,14,23,9,16,28,35,27
37,12,18,36,702,1,0,1416,119,18,36,17,off,0,14,13,18,34,2,25,26,0,33,36,3,18
37,12,19,27,730,1,0,1472,123,17,34,14,off,0,22,20,2,9,0,9,19,30,6,33,17,22
37,12,19,28,731,1,0,1474,123,9,26,6,off,0,31,13,29,0,0,20,28,8,9,30,19,19
37,12,19,29,732,1,0,1476,124,3,20,0,q1,0,3,4,7,10,33,3,12,29,8,12,6,23
37,12,19,30,733,1,0,1478,123,36,16,33,off,0,12,25,1,1,36,4,16,4,17,22,23,16
37,12,19,31,734,1,0,1480,124,34,14,31,off,0,11,16,25,24,29,32,34,8,22,34,30,20
37,12,19,32,735,1,0,1482,124,34,14,31,off,0,32,2,5,14,12,21,17,12,18,8,24,36
37,12,19,33,736,1,0,1484,124,36,16,33,off,0,16,14,24,34,17,4,15,20,31,25,26,8
37,12,19,34,737,1,0,1486,124,3,20,0,q1,0,31,5,20,34,35,8,5,4,32,8,11,9
37,12,19,35,738,1,0,1488,125,9,26,6,off,0,11,4,28,8,21,27,8,20,19,20,26,34
37,12,19,36,739,1,0,1490,124,17,34,14,off,0,28,0,9,24,14,18,33,5,21,9,7,28
37,12,20,27,767,1,0,1546,129,14,30,9,off,0,21,36,28,16,31,18,9,6,34,17,31,15
37,12,20,28,768,1,0,1548,130,6,22,1,off,0,18,22,30,23,34,12,9,4,23,32,29,27
37,12,20,29,769,1,0,1550,129,0,16,32,q0,0,34,22,9,9,16,0,14,4,15,29,12,23
37,12,20,30,770,1,0,1552,130,33,12,28,off,0,13,32,36,11,30,12,33,10,18,21,22,13
37,12,20,31,771,1,0,1554,130,31,10,26,off,0,19,0,2,31,28,32,2,10,36,15,17,20
37,12,20,32,772,1,0,1556,130,31,10,26,off,0,28,0,5,16,15,28,13,1,10,13,12,8
37,12,20,33,773,1,0,1558,130,33,12,28,off,0,34,34,26,23,5,17,30,10,19,9,21,18
37,12,20,34,774,1,0,1560,131,0,16,32,q0,0,15,36,16,0,24,22,0,10,14,27,23,7
37,12,20,35,775,1,0,1562,130,6,22,1,off,0,25,3,10,9,32,23,30,30,29,6,10,7
37,12,20,36,776,1,0,1564,131,14,30,9,off,0,25,25,35,10,27,11,15,8,32,1,12,12
37,12,21,27,804,1,0,1620,136,9,24,2,off,0,32,21,32,13,6,14,32,1,36,22,22,34
37,12,21,28,805,1,0,1622,135,1,16,31,off,0,29,14,17,13,26,0,18,18,34,30,8,28
37,12,21,29,806,1,0,1624,136,32,10,25,off,0,28,33,22,29,9,1,3,22,15,16,17,6
37,12,21,30,807,1,0,1626,136,28,6,21,off,0,36,9,22,25,26,8,3,17,36,11,14,13
37,12,21,31,808,1,0,1628,136,26,4,19,off,0,25,32,18,28,30,30,4,7,1,31,12,18
37,12,21,32,809,1,0,1630,136,26,4,19,off,0,33,18,5,7,19,12,13,2,33,18,13,19
37,12,21,33,810,1,0,1632,137,28,6,21,off,0,32,13,16,15,32,5,21,21,15,20,24,26
37,12,21,34,811,1,0,1634,136,32,10,25,off,0,26,34,20,13,15,28,19,33,32,34,11,31
37,12,21,35,812,1,0,1636,137,1,16,31,off,0,20,1,1,32,15,7,19,29,17,6,10,0
37,12,21,36,813,1,0,1638,137,9,24,2,off,0,28,5,24,3,28,28,31,29,22,9,3,5
37,12,22,27,841,1,0,1694,141,2,16,30,off,0,31,35,32,36,20,25,32,35,0,11,21,3
37,12,22,28,842,1,0,1696,142,31,8,22,off,0,21,27,23,30,19,32,10,33,36,35,28,32
37,12,22,29,843,1,0,1698,142,25,2,16,off,0,9,9,29,36,14,34,24,24,16,16,32,25
37,12,22,30,844,1,0,1700,142,21,35,12,off,0,5,12,35,35,16,0,7,18,19,19,15,0
37,12,22,31,845,1,0,1702,142,19,33,10,off,0,9,11,19,14,0,6,4,14,3,19,4,21
37,12,22,32,846,1,0,1704,143,19,33,10,off,0,25,32,20,26,0,15,2,11,20,32,18,21
37,12,22,33,847,1,0,1706,142,21,35,12,off,0,30,17,17,17,20,0,0,18,4,32,35,0
37,12,22,34,848,1,0,1708,143,25,2,16,off,0,11,25,23,3,23,2,20,28,3,20,5,19
37,12,22,35,849,1,0,1710,143,31,8,22,off,0,30,35,18,21,23,2,18,29,29,6,31,0
37,12,22,36,850,1,0,1712,143,2,16,30,off,0,11,31,32,24,18,10,7,21,2,33,17,15
37,12,23,27,878,1,0,1768,148,30,6,19,off,0,34,9,11,36,32,28,6,7,15,22,10,36
37,12,23,28,879,1,0,1770,148,22,35,11,off,0,3,22,31,32,28,35,3,13,34,30,17,11
37,12,23,29,880,1,0,1772,148,16,29,5,off,0,26,26,23,8,31,25,19,32,34,3,19,22
37,12,23,30,881,1,0,1774,148,12,25,1,off,0,12,14,15,22,27,23,12,7,30,30,36,4
37,12,23,31,882,1,0,1776,149,10,23,36,off,0,27,14,9,5,34,24,23,13,6,36,21,20
37,12,23,32,883,1,0,1778,148,10,23,36,off,1,0,27,28,27,20,22,33,13,30,17,27,9
37,12,23,33,884,1,0,1780,149,12,25,1,off,0,14,9,2,26,26,2,33,5,3,36,33,16
37,12,23,34,885,1,0,1782,149,16,29,5,off,0,26,33,20,35,18,3,29,5,28,13,2,6
37,12,23,35,886,1,0,1784,149,22,35,11,off,0,22,9,17,26,1,19,35,24,36,22,10,18
37,12,23,36,887,1,0,1786,149,30,6,19,off,0,9,8,1,5,20,36,7,16,22,10,1,8
37,12,24,27,915,1,0,1842,154,19,31,6,off,0,11,24,31,7,20,35,2,4,33,29,29,16
37,12,24,28,916,1,0,1844,154,11,23,35,off,0,2,5,10,27,34,36,2,24,12,8,31,36
37,12,24,29,917,1,0,1846,154,5,17,29,off,1,0,28,11,2,8,5,1,32,6,36,6,22
37,12,24,30,918,1,0,1848,155,1,13,25,off,0,10,31,3,20,15,2,33,35,15,29,8,11
37,12,24,31,919,1,0,1850,154,36,11,23,off,0,29,15,25,18,6,36,2,36,2,28,28,27
37,12,24,32,920,1,0,1852,155,36,11,23,off,0,14,5,25,6,22,3,21,6,20,6,16,12
37,12,24,33,921,1,0,1854,155,1,13,25,off,0,26,36,4,20,22,15,18,25,9,14,10,31
37,12,24,34,922,1,0,1856,155,5,17,29,off,0,30,31,31,23,24,7,10,26,13,13,11,16
37,12,24,35,923,1,0,1858,155,11,23,35,off,0,10,0,14,23,2,6,14,2,30,4,31,36
37,12,24,36,924,1,0,1860,156,19,31,6,off,0,29,34,19,36,14,8,10,27,15,22,33,26
37,12,25,27,952,1,0,1916,160,6,17,28,off,0,9,27,8,17,32,21,17,26,11,10,15,1
37,12,25,28,953,1,0,1918,160,35,9,20,off,0,12,26,10,35,30,8,28,31,36,10,5,17
37,12,25,29,954,1,0,1920,161,29,3,14,off,0,6,18,5,30,5,6,28,2,17,6,35,0
37,12,25,30,955,1,0,1922,160,25,36,10,off,0,20,28,8,12,25,31,10,12,4,0,30,2
37,12,25,31,956,1,0,1924,161,23,34,8,off,0,29,15,7,22,13,9,17,26,10,19,35,16
37,12,25,32,957,1,0,1926,161,23,34,8,off,0,7,25,31,19,36,14,27,2,25,11,28,14
37,12,25,33,958,1,0,1928,161,25,36,10,off,0,8,12,24,10,31,18,1,36,6,22,31,3
37,12,25,34,959,1,0,1930,161,29,3,14,off,0,25,4,9,28,21,16,24,36,31,4,21,0
37,12,25,35,960,1,0,1932,162,35,9,20,off,0,9,26,21,2,4,26,24,16,20,9,31,11
37,12,25,36,961,1,0,1934,161,6,17,28,off,0,10,4,23,25,2,26,0,13,2,20,7,15
37,12,26,27,989,1,0,1990,166,28,1,11,off,0,16,9,8,17,29,24,2,19,25,29,25,18
37,12,26,28,990,1,0,1992,167,20,30,3,off,5,0,0,0,0,0,22,19,14,34,3,9,15
37,12,26,29,991,1,0,1994,166,14,24,34,off,0,36,30,17,3,28,8,9,20,17,8,7,36
37,12,26,30,992,1,0,1996,167,10,20,30,off,0,16,26,15,22,13,13,21,2,27,34,34,10
37,12,26,31,993,1,0,1998,167,8,18,28,off,0,9,8,6,3,28,26,22,32,19,17,14,18
37,12,26,32,994,1,0,2000,167,8,18,28,off,0,23,12,15,29,15,32,32,18,32,32,36,22
37,12,26,33,995,1,0,2002,167,10,20,30,off,0,2,23,17,9,33,3,9,2,10,4,19,11
37,12,26,34,996,1,0,2004,168,14,24,34,off,0,25,20,17,0,35,34,24,36,32,3,8,28
37,12,26,35,997,1,0,2006,167,20,30,3,off,5,0,0,0,0,0,36,14,31,30,26,35,8
37,12,26,36,998,1,0,2008,168,28,1,11,off,0,26,16,3,20,10,1,7,23,20,15,3,10
37,12,27,28,1027,1,0,2066,172,3,12,21,off,0,4,5,5,12,4,23,32,29,23,33,13,16
37,12,27,29,1028,1,0,2068,173,34,6,15,off,0,3,29,3,0,27,18,6,20,12,13,29,13
37,12,27,30,1029,1,0,2070,173,30,2,11,off,0,27,11,2,5,22,25,20,4,10,26,19,27
37,12,27,31,1030,0,1,2072,173,28,0,9,qm,-1,0,0,0,0,0,0,0,0,0,0,0,0
37,12,27,32,1031,0,1,2074,173,28,0,9,qm,-1,0,0,0,0,0,0,0,0,0,0,0,0
37,12,27,33,1032,1,0,2076,174,30,2,11,off,0,19,15,18,17,19,27,18,3,13,21,10,1
37,12,27,34,1033,1,0,2078,173,34,6,15,off,0,16,31,33,0,8,23,1,30,33,23,34,24
37,12,27,35,1034,1,0,2080,174,3,12,21,off,0,15,15,6,33,27,23,12,8,23,32,23,9
37,12,28,29,1065,1,0,2142,179,15,23,31,off,0,1,10,32,6,28,24,6,34,13,17,9,0
37,12,28,30,1066,1,0,2144,179,11,19,27,off,0,27,8,36,2,8,27,27,7,32,0,27,23
37,12,28,31,1067,1,0,2146,179,9,17,25,off,0,17,19,29,18,20,35,30,15,11,33,24,28
37,12,28,32,1068,1,0,2148,180,9,17,25,off,0,15,14,22,5,1,16,17,15,25,7,25,28
37,12,28,33,1069,1,0,2150,179,11,19,27,off,0,14,36,27,20,10,10,0,7,34,0,26,26
37,12,28,34,1070,1,0,2152,180,15,23,31,off,0,25,11,14,1,7,29,13,21,24,15,15,18
37,12,29,30,1103,1,0,2218,185,27,34,4,off,0,18,10,15,35,18,9,9,8,7,18,6,10
37,12,29,31,1104,1,0,2220,186,25,32,2,off,0,19,11,21,6,24,12,34,15,7,18,10,10
37,12,29,32,1105,1,0,2222,185,25,32,2,off,1,0,19,22,26,24,9,35,16,9,26,32,36
37,12,29,33,1106,1,0,2224,186,27,34,4,off,0,10,9,20,5,15,20,6,32,24,6,27,11
37,12,30,31,1141,1,0,2294,191,2,8,14,off,0,8,8,32,3,20,33,34,30,16,29,18,11
37,12,30,32,1142,1,0,2296,192,2,8,14,off,0,36,7,16,32,34,22,23,24,21,27,1,3
37,16,2,23,97,1,0,210,18,17,14,11,off,0,25,32,22,17,14,19,36,25,2,29,21,15
37,16,2,36,110,1,0,236,20,17,14,11,off,0,8,9,11,20,2,35,15,15,16,17,11,34
37,16,3,23,134,1,0,284,24,11,7,3,off,0,1,35,20,13,26,26,28,3,0,33,21,7
37,16,3,24,135,1,0,286,24,36,32,28,off,0,22,7,20,28,2,0,2,0,28,3,23,28
37,16,3,35,146,1,0,308,26,36,32,28,off,0,15,17,35,22,24,27,2,29,0,25,31,26
37,16,3,36,147,1,0,310,26,11,7,3,off,0,28,19,2,20,17,32,30,5,29,3,24,20
37,16,4,23,171,1,0,358,30,3,35,30,off,0,18,33,8,27,22,27,20,26,6,10,11,32
37,16,4,24,172,1,0,360,31,28,23,18,off,0,16,10,10,36,11,21,6,12,20,36,27,3
37,16,4,25,173,1,0,362,30,18,13,8,off,0,19,9,8,16,1,10,8,19,25,18,0,9
37,16,4,34,182,1,0,380,32,18,13,8,off,0,33,6,22,20,14,30,8,23,23,15,6,34
37,16,4,35,183,1,0,382,32,28,23,18,off,0,10,2,5,5,33,18,6,34,17,20,9,27
37,16,4,36,184,1,0,384,33,3,35,30,off,0,18,14,2,8,27,13,11,30,13,5,10,23
37,16,5,23,208,1,0,432,37,30,24,18,off,0,26,28,7,6,23,3,31,34,32,16,20,19
37,16,5,24,209,1,0,434,36,18,12,6,off,0,7,0,14,15,36,27,30,14,1,27,0,1
37,16,5,25,210,1,0,436,37,8,2,33,off,0,16,34,14,36,30,5,9,3,25,36,11,12
37,16,5,26,211,1,0,438,37,0,31,25,q0,0,13,27,8,3,30,1,30,23,33,4,8,29
37,16,5,33,218,1,0,452,38,0,31,25,q0,0,28,36,30,36,11,25,8,18,3,32,20,29
37,16,5,34,219,1,0,454,38,8,2,33,off,0,8,3,5,14,32,30,21,27,13,1,19,0
37,16,5,35,220,1,0,456,39,18,12,6,off,0,2,34,2,13,11,32,18,0,32,15,8,18
37,16,5,36,221,1,0,458,38,30,24,18,off,1,0,13,13,15,27,2,20,32,10,4,21,25
37,16,6,23,245,1,0,506,42,18,11,4,off,0,4,29,10,20,34,27,16,25,2,32,0,11
37,16,6,24,246,1,0,508,43,6,36,29,off,0,2,22,30,25,8,30,11,15,9,3,36,26
37,16,6,25,247,1,0,510,43,33,26,19,off,0,1,1,16,16,28,33,4,26,35,29,34,19
37,16,6,26,248,1,0,512,43,25,18,11,off,0,12,30,20,27,20,16,9,8,17,10,8,14
37,16,6,27,249,1,0,514,43,19,12,5,off,0,11,34,9,13,36,30,17,0,32,23,27,25
37,16,6,32,254,1,0,524,44,19,12,5,off,0,8,8,28,7,3,4,4,33,27,10,25,31
37,16,6,33,255,1,0,526,44,25,18,11,off,0,17,0,1,33,35,23,16,25,4,7,22,21
37,16,6,34,256,1,0,528,45,33,26,19,off,0,31,0,10,18,29,21,31,33,26,22,33,12
37,16,6,35,257,1,0,530,44,6,36,29,off,0,32,0,20,20,11,12,5,16,29,17,1,19
37,16,6,36,258,1,0,532,45,18,11,4,off,1,0,8,18,2,5,35,0,20,18,5,3,17
37,16,7,23,282,1,0,580,49,4,33,25,off,0,15,36,14,24,17,9,19,30,13,7,4,13
37,16,7,24,283,1,0,582,49,29,21,13,off,0,22,3,33,23,2,24,6,14,8,13,16,2
37,16,7,25,284,1,0,584,49,19,11,3,off,0,14,20,23,6,5,25,13,9,25,10,19,3
37,16,7,26,285,1,0,586,49,11,3,32,off,0,29,26,30,36,30,28,9,24,4,3,14,8
37,16,7,27,286,1,0,588,50,5,34,26,off,0,13,9,18,32,27,32,17,3,32,9,33,2
37,16,7,28,287,1,0,590,49,1,30,22,off,0,10,34,6,32,7,13,22,8,36,31,13,3
37,16,7,31,290,1,0,596,50,1,30,22,off,0,36,0,30,30,19,5,32,21,24,21,20,28
37,16,7,32,291,1,0,598,50,5,34,26,off,0,31,20,34,20,6,3,12,29,23,13,19,6
37,16,7,33,292,1,0,600,51,11,3,32,off,0,6,33,1,26,26,12,8,1,21,26,15,24
37,16,7,34,293,1,0,602,50,19,11,3,off,0,19,1,13,9,20,11,20,0,22,23,14,16
37,16,7,35,294,1,0,604,51,29,21,13,off,0,31,19,8,20,13,7,11,24,19,18,28,0
37,16,7,36,295,1,0,606,51,4,33,25,off,0,10,36,31,13,3,32,33,15,6,7,31,24
37,16,8,23,319,1,0,654,55,25,16,7,off,0,12,5,31,35,9,24,28,20,34,16,15,35
37,16,8,24,320,1,0,656,55,13,4,32,off,0,27,18,35,30,30,27,24,31,6,13,9,27
37,16,8,25,321,1,0,658,55,3,31,22,off,0,12,17,10,27,30,22,5,24,3,27,36,1
37,16,8,26,322,1,0,660,56,32,23,14,off,0,9,23,27,14,28,17,1,13,15,19,11,9
37,16,8,27,323,1,0,662,55,26,17,8,off,0,24,16,32,6,17,10,19,23,3,21,6,10
37,16,8,28,324,1,0,664,56,22,13,4,off,0,7,30,6,4,2,18,1,24,11,33,5,0
37,16,8,29,325,1,0,666,56,20,11,2,off,0,29,25,17,36,32,13,22,3,27,10,8,16
37,16,8,30,326,1,0,668,56,20,11,2,off,0,33,19,24,15,33,16,32,4,26,21,10,36
37,16,8,31,327,1,0,670,56,22,13,4,off,0,30,26,27,36,21,21,12,7,11,20,4,26
37,16,8,32,328,1,0,672,57,26,17,8,off,0,29,19,13,19,35,31,31,21,13,17,2,29
37,16,8,33,329,1,0,674,56,32,23,14,off,0,16,4,16,22,22,36,13,12,32,9,33,35
37,16,8,34,330,1,0,676,57,3,31,22,off,0,36,13,34,26,5,22,13,13,10,12,32,0
37,16,8,35,331,1,0,678,57,13,4,32,off,0,3,30,2,17,0,16,31,26,11,1,1,26
37,16,8,36,332,1,0,680,57,25,16,7,off,0,27,17,28,34,30,6,5,34,13,35,21,19
37,16,9,23,356,1,0,728,61,7,34,24,off,0,21,10,3,33,4,24,22,24,7,8,24,4
37,16,9,24,357,1,0,730,61,32,22,12,off,0,14,5,2,23,3,20,15,25,6,15,22,9
37,16,9,25,358,1,0,732,62,22,12,2,off,0,34,11,3,8,0,6,19,15,5,18,11,5
37,16,9,26,359,1,0,734,61,14,4,31,off,0,3,25,25,10,9,4,3,9,17,21,20,34
37,16,9,27,360,1,0,736,62,8,35,25,off,0,12,7,14,25,32,32,9,29,21,14,35,33
37,16,9,28,361,1,0,738,62,4,31,21,off,1,0,32,34,17,2,18,2,1,21,27,24,14
37,16,9,29,362,1,0,740,62,2,29,19,off,1,0,11,19,6,24,34,34,33,35,5,14,12
37,16,9,30,363,1,0,742,62,2,29,19,off,1,0,27,32,20,30,21,18,20,8,22,9,25
37,16,9,31,364,1,0,744,63,4,31,21,off,0,32,3,2,12,5,12,23,25,11,30,23,0
37,16,9,32,365,1,0,746,62,8,35,25,off,0,10,6,23,0,7,34,2,29,21,35,9,6
37,16,9,33,366,1,0,748,63,14,4,31,off,0,21,2,21,31,36,11,1,35,15,29,10,35
37,16,9,34,367,1,0,750,63,22,12,2,off,0,28,34,31,21,28,9,26,35,28,20,16,29
37,16,9,35,368,1,0,752,63,32,22,12,off,0,22,5,16,31,11,9,18,36,26,5,12,18
37,16,9,36,369,1,0,754,63,7,34,24,off,0,34,7,8,2,17,3,16,31,23,30,2,22
37,16,10,23,393,1,0,802,67,24,13,2,off,0,32,22,17,20,25,18,6,7,0,0,3,36
37,16,10,24,394,1,0,804,68,12,1,27,off,0,24,18,29,13,9,24,27,6,35,35,12,27
37,16,10,25,395,1,0,806,67,2,28,17,off,0,30,9,35,21,28,20,15,4,18,36,7,35
37,16,10,26,396,1,0,808,68,31,20,9,off,0,21,14,18,24,15,17,2,11,9,35,8,10
37,16,10,27,397,1,0,810,68,25,14,3,off,0,11,5,20,35,14,9,12,5,5,13,13,31
37,16,10,28,398,1,0,812,68,21,10,36,off,0,17,13,34,10,29,26,27,3,9,29,12,10
37,16,10,29,399,1,0,814,68,19,8,34,off,0,7,13,23,26,33,28,24,19,24,31,20,17
37,16,10,30,400,1,0,816,69,19,8,34,off,0,26,29,36,20,26,24,22,19,19,2,5,17
37,16,10,31,401,1,0,818,68,21,10,36,off,0,28,3,7,26,27,11,0,3,35,6,28,29
37,16,10,32,402,1,0,820,69,25,14,3,off,0,25,22,28,21,36,23,33,33,14,13,26,7
37,16,10,33,403,1,0,822,69,31,20,9,off,0,9,35,4,34,28,22,27,2,28,31,33,3
37,16,10,34,404,1,0,824,69,2,28,17,off,0,28,33,23,29,2,26,0,9,19,2,7,32
37,16,10,35,405,1,0,826,69,12,1,27,off,0,11,0,6,32,4,3,3,23,33,35,7,33
37,16,10,36,406,1,0,828,70,24,13,2,off,0,7,8,25,30,24,1,30,3,34,20,0,8
37,16,11,23,430,1,0,876,74,2,27,15,off,1,0,13,17,19,10,20,7,5,28,11,30,1
37,16,11,24,431,1,0,878,73,27,15,3,off,0,18,22,25,1,4,0,8,27,21,1,25,0
37,16,11,25,432,1,0,880,74,17,5,30,off,0,30,1,35,30,0,2,29,6,8,19,16,19
37,16,11,26,433,1,0,882,74,9,34,22,off,0,10,3,26,14,14,21,34,32,8,15,19,9
37,16,11,27,434,1,0,884,74,3,28,16,off,0,7,6,21,4,9,36,1,26,9,15,25,3
37,16,11,28,435,1,0,886,74,36,24,12,off,0,10,30,33,26,34,27,5,4,1,25,14,32
37,16,11,29,436,1,0,888,75,34,22,10,off,0,3,23,28,24,9,8,34,10,31,24,7,34
37,16,11,30,437,1,0,890,74,34,22,10,off,1,0,3,9,10,22,8,11,16,6,20,18,3
37,16,11,31,438,1,0,892,75,36,24,12,off,0,30,5,36,30,8,7,3,31,21,14,5,36
37,16,11,32,439,1,0,894,75,3,28,16,off,0,6,6,10,3,20,6,12,22,29,21,7,4
37,16,11,33,440,1,0,896,75,9,34,22,off,0,3,35,19,13,8,18,15,10,18,5,25,3
37,16,11,34,441,1,0,898,75,17,5,30,off,0,1,2,20,3,1,18,11,32,15,18,34,24
37,16,11,35,442,1,0,900,76,27,15,3,off,0,11,12,35,23,30,7,8,19,0,23,10,24
37,16,11,36,443,1,0,902,75,2,27,15,off,0,13,10,9,0,20,14,30,15,3,22,8,27
37,16,12,23,467,1,0,950,79,15,2,26,off,0,30,15,9,12,27,32,5,4,32,2,13,28
37,16,12,24,468,1,0,952,80,3,27,14,off,0,7,9,22,33,35,18,24,7,29,30,12,22
37,16,12,25,469,1,0,954,80,30,17,4,off,1,0,26,27,32,15,7,1,12,16,3,28,15
37,16,12,26,470,1,0,956,80,22,9,33,off,0,11,31,4,13,8,34,4,20,34,30,6,2
37,16,12,27,471,1,0,958,80,16,3,27,off,0,26,31,10,24,33,28,28,23,10,16,33,17
37,16,12,28,472,1,0,960,81,12,36,23,off,0,12,36,8,3,23,13,6,17,19,36,2,20
37,16,12,29,473,1,0,962,80,10,34,21,off,0,24,25,26,25,36,22,15,20,11,13,19,4
37,16,12,30,474,1,0,964,81,10,34,21,off,0,4,16,7,4,32,21,10,35,26,2,28,36
37,16,12,31,475,1,0,966,81,12,36,23,off,0,9,6,23,3,14,5,10,28,4,11,21,16
37,16,12,32,476,1,0,968,81,16,3,27,off,0,33,35,3,12,3,28,3,33,32,4,32,24
37,16,12,33,477,1,0,970,81,22,9,33,off,0,26,1,18,20,20,7,8,15,8,9,24,21
37,16,12,34,478,1,0,972,82,30,17,4,off,0,16,15,17,35,20,9,28,24,13,32,13,23
37,16,12,35,479,1,0,974,81,3,27,14,off,0,27,29,33,15,27,15,16,15,30,7,28,33
37,16,12,36,480,1,0,976,82,15,2,26,off,0,36,25,2,18,35,11,34,11,16,21,9,35
37,16,13,23,504,1,0,1024,86,26,12,35,off,0,32,27,30,7,24,29,5,24,7,10,29,20
37,16,13,24,505,1,0,1026,86,14,0,23,qm,0,30,30,9,23,28,27,26,36,4,15,0,1
37,16,13,25,506,1,0,1028,86,4,27,13,off,0,14,3,26,8,0,35,3,0,36,2,15,2
37,16,13,26,507,1,0,1030,86,33,19,5,off,0,20,34,26,14,12,12,1,31,36,24,15,23
37,16,13,27,508,1,0,1032,87,27,13,36,off,0,29,28,11,11,4,23,36,36,30,2,5,3
37,16,13,28,509,1,0,1034,86,23,9,32,off,0,20,3,2,9,22,1,30,16,31,0,0,15
37,16,13,29,510,1,0,1036,87,21,7,30,off,0,19,32,21,3,18,5,28,21,28,19,2,2
37,16,13,30,511,1,0,1038,87,21,7,30,off,0,25,4,19,11,10,16,14,13,33,11,9,11
37,16,13,31,512,1,0,1040,87,23,9,32,off,0,28,13,0,6,12,34,20,30,6,3,27,6
37,16,13,32,513,1,0,1042,87,27,13,36,off,0,16,35,5,30,2,12,15,19,9,26,3,6
37,16,13,33,514,1,0,1044,88,33,19,5,off,0,2,27,33,23,3,21,15,34,9,28,2,14
37,16,13,34,515,1,0,1046,87,4,27,13,off,0,20,3,19,22,13,29,4,22,29,14,30,17
37,16,13,35,516,0,1,1048,88,14,0,23,qm,-1,0,0,0,0,0,0,0,0,0,0,0,0
37,16,13,36,517,1,0,1050,88,26,12,35,off,0,26,20,4,26,8,16,8,20,21,28,2,33
37,16,14,23,541,1,0,1098,92,35,20,5,off,0,6,36,24,33,15,10,30,3,0,7,12,13
37,16,14,24,542,1,0,1100,92,23,8,30,off,0,26,24,3,26,14,36,6,32,3,18,30,35
37,16,14,25,543,1,0,1102,92,13,35,20,off,0,25,32,25,36,30,22,7,2,23,26,32,24
37,16,14,26,544,1,0,1104,93,5,27,12,off,0,31,34,4,2,32,34,17,30,13,33,13,7
37,16,14,27,545,1,0,1106,92,36,21,6,off,0,9,24,5,29,28,31,9,35,30,6,25,6
37,16,14,28,546,1,0,1108,93,32,17,2,off,0,32,33,19,14,13,31,7,4,0,6,16,0
37,16,14,29,547,1,0,1110,93,30,15,0,q1,0,27,11,9,26,25,24,32,5,24,32,13,22
37,16,14,30,548,1,0,1112,93,30,15,0,q1,0,32,35,4,17,20,21,23,19,19,8,7,31
37,16,14,31,549,1,0,1114,93,32,17,2,off,0,4,5,24,36,33,10,3,4,0,29,22,0
37,16,14,32,550,1,0,1116,94,36,21,6,off,0,19,15,22,20,19,36,1,30,19,34,7,15
37,16,14,33,551,1,0,1118,93,5,27,12,off,0,4,8,26,4,4,22,32,3,18,27,30,21
37,16,14,34,552,1,0,1120,94,13,35,20,off,0,9,4,32,3,23,20,18,27,18,21,4,29
37,16,14,35,553,1,0,1122,94,23,8,30,off,0,16,22,22,12,34,6,18,28,12,23,35,34
37,16,14,36,554,1,0,1124,94,35,20,5,off,0,4,20,17,4,24,29,34,23,13,34,4,4
37,16,15,23,578,1,0,1172,98,5,26,10,off,0,26,13,6,19,21,33,13,19,2,3,0,18
37,16,15,24,579,1,0,1174,98,30,14,35,off,0,34,11,32,23,0,33,21,5,11,14,27,34
37,16,15,25,580,1,0,1176,99,20,4,25,off,0,32,32,33,8,6,31,6,5,2,9,25,27
37,16,15,26,581,1,0,1178,98,12,33,17,off,0,32,29,17,11,7,34,36,12,0,20,15,31
37,16,15,27,582,1,0,1180,99,6,27,11,off,0,11,14,30,29,23,9,20,26,30,2,12,26
37,16,15,28,583,1,0,1182,99,2,23,7,off,0,12,17,24,17,29,17,13,17,2,31,5,21
37,16,15,29,584,1,0,1184,99,0,21,5,q0,0,32,36,9,10,7,26,25,7,34,7,15,23
37,16,15,30,585,1,0,1186,99,0,21,5,q0,0,23,11,21,21,18,3,35,2,12,16,7,14
37,16,15,31,586,1,0,1188,100,2,23,7,off,2,0,0,2,16,3,12,21,18,7,4,16,21
37,16,15,32,587,1,0,1190,99,6,27,11,off,0,34,29,34,13,26,30,28,2,27,32,23,11
37,16,15,33,588,1,0,1192,100,12,33,17,off,0,12,20,0,11,21,3,35,17,31,21,33,36
37,16,15,34,589,1,0,1194,100,20,4,25,off,0,2,4,29,3,11,36,7,32,9,27,10,5
37,16,15,35,590,1,0,1196,100,30,14,35,off,0,7,34,16,26,32,7,34,13,2,29,2,29
37,16,15,36,591,1,0,1198,100,5,26,10,off,0,3,7,17,34,0,16,25,22,8,23,14,17
37,16,16,23,615,1,0,1246,104,10,30,13,off,1,0,1,26,27,12,32,4,33,29,12,13,28
37,16,16,24,616,1,0,1248,105,35,18,1,off,0,18,32,30,20,23,17,20,27,1,6,16,10
37,16,16,25,617,1,0,1250,104,25,8,28,off,0,16,2,25,12,19,1,0,6,25,6,30,20
37,16,16,26,618,0,1,1252,105,17,0,20,qm,-1,0,0,0,0,0,0,0,0,0,0,0,0
37,16,16,27,619,1,0,1254,105,11,31,14,off,0,22,33,16,12,11,33,17,26,30,18,1,26
37,16,16,28,620,1,0,1256,105,7,27,10,off,0,33,36,4,10,8,35,8,5,23,32,10,11
37,16,16,29,621,1,0,1258,105,5,25,8,off,0,24,20,3,15,29,12,3,5,8,30,29,25
37,16,16,30,622,1,0,1260,106,5,25,8,off,0,27,17,34,36,4,3,10,17,16,23,4,2
37,16,16,31,623,1,0,1262,105,7,27,10,off,0,13,14,3,26,10,2,0,5,36,13,11,6
37,16,16,32,624,1,0,1264,106,11,31,14,off,0,29,15,16,31,20,9,8,3,8,30,32,35
37,16,16,33,625,0,1,1266,106,17,0,20,qm,-1,0,0,0,0,0,0,0,0,0,0,0,0
37,16,16,34,626,1,0,1268,106,25,8,28,off,0,13,31,7,32,34,23,4,29,11,28,29,32
37,16,16,35,627,1,0,1270,106,35,18,1,off,0,20,29,22,28,33,33,11,35,20,30,33,28
37,16,16,36,628,1,0,1272,107,10,30,13,off,0,29,34,26,26,9,16,16,36,14,6,18,23
37,16,17,23,652,1,0,1320,111,13,32,14,off,0,33,23,3,0,23,6,18,8,24,32,1,19
37,16,17,24,653,1,0,1322,110,1,20,2,off,0,9,6,0,31,34,33,1,2,5,17,13,8
37,16,17,25,654,1,0,1324,111,28,10,29,off,0,2,28,15,16,28,11,28,5,14,4,10,6
37,16,17,26,655,1,0,1326,111,20,2,21,off,0,20,35,25,27,28,6,9,0,1,36,12,13
37,16,17,27,656,1,0,1328,111,14,33,15,off,0,26,21,33,31,7,32,9,9,29,13,17,11
37,16,17,28,657,1,0,1330,111,10,29,11,off,0,24,24,13,34,9,19,21,9,4,10,1,0
37,16,17,29,658,1,0,1332,112,8,27,9,off,0,5,35,36,0,28,28,11,35,35,26,28,31
37,16,17,30,659,1,0,1334,111,8,27,9,off,1,0,5,33,34,0,29,20,3,21,19,1,12
37,16,17,31,660,1,0,1336,112,10,29,11,off,0,24,30,30,21,7,22,16,13,1,1,0,7
37,16,17,32,661,1,0,1338,112,14,33,15,off,0,21,20,22,27,26,17,7,1,35,35,1,28
37,16,17,33,662,1,0,1340,112,20,2,21,off,0,35,18,34,26,34,20,0,29,21,9,32,24
37,16,17,34,663,1,0,1342,112,28,10,29,off,0,28,21,21,9,29,20,5,10,4,10,31,0
37,16,17,35,664,1,0,1344,113,1,20,2,off,0,6,2,29,33,11,6,11,19,32,25,6,6
37,16,17,36,665,1,0,1346,112,13,32,14,off,0,23,8,0,32,4,34,5,7,14,10,24,22
37,16,18,23,689,1,0,1394,116,14,32,13,off,0,34,32,27,12,24,12,11,15,12,15,23,20
37,16,18,24,690,1,0,1396,117,2,20,1,off,0,20,6,22,3,13,35,6,4,18,28,17,36
37,16,18,25,691,1,0,1398,117,29,10,28,off,0,7,31,34,16,4,29,24,33,4,18,29,23
37,16,18,26,692,1,0,1400,117,21,2,20,off,0,22,7,6,32,19,0,24,22,12,20,17,15
37,16,18,27,693,1,0,1402,117,15,33,14,off,0,14,21,36,0,21,32,33,5,9,34,13,5
37,16,18,28,694,1,0,1404,118,11,29,10,off,0,34,18,30,19,20,6,10,2,5,20,15,11
37,16,18,29,695,1,0,1406,117,9,27,8,off,0,28,7,4,25,9,23,22,6,1,0,27,11
37,16,18,30,696,1,0,1408,118,9,27,8,off,0,16,30,20,20,8,23,33,17,31,18,17,31
37,16,18,31,697,1,0,1410,118,11,29,10,off,0,7,3,3,19,17,8,29,12,3,2,28,31
37,16,18,32,698,1,0,1412,118,15,33,14,off,0,11,20,29,25,6,21,5,23,6,7,18,0
37,16,18,33,699,1,0,1414,118,21,2,20,off,0,32,18,21,33,32,10,32,0,22,4,28,26
37,16,18,34,700,1,0,1416,119,29,10,28,off,0,15,0,32,2,6,14,17,36,29,24,9,15
37,16,18,35,701,1,0,1418,118,2,20,1,off,0,3,36,36,25,23,0,10,17,13,0,29,5
37,16,18,36,702,1,0,1420,119,14,32,13,off,0,34,31,14,32,1,8,22,1,23,32,9,17
37,16,19,23,726,1,0,1468,123,13,30,10,off,0,27,4,23,14,24,28,29,34,16,14,14,36
37,16,19,24,727,1,0,1470,123,1,18,35,off,0,2,33,8,16,12,16,24,20,25,6,30,20
37,16,19,25,728,1,0,1472,123,28,8,25,off,0,27,8,26,22,9,18,2,13,33,20,16,31
37,16,19,26,729,0,1,1474,123,20,0,17,qm,-1,0,0,0,0,0,0,0,0,0,0,0,0
37,16,19,27,730,1,0,1476,124,14,31,11,off,1,0,26,12,18,7,18,20,4,32,33,21,35
37,16,19,28,731,1,0,1478,123,10,27,7,off,0,15,6,12,20,12,30,31,26,4,27,33,28
37,16,19,29,732,1,0,1480,124,8,25,5,off,0,13,22,3,5,33,26,13,18,0,6,9,13
37,16,19,30,733,1,0,1482,124,8,25,5,off,0,21,12,8,6,6,24,25,27,0,21,22,16
37,16,19,31,734,1,0,1484,124,10,27,7,off,0,18,8,32,17,34,36,26,35,24,25,3,1
37,16,19,32,735,1,0,1486,124,14,31,11,off,1,0,14,29,2,22,11,33,35,17,22,20,33
37,16,19,33,736,0,1,1488,125,20,0,17,qm,-1,0,0,0,0,0,0,0,0,0,0,0,0
37,16,19,34,737,1,0,1490,124,28,8,25,off,0,36,0,21,25,32,2,17,2,16,34,4,26
37,16,19,35,738,1,0,1492,125,1,18,35,off,0,32,24,22,15,5,27,6,0,14,36,19,10
37,16,19,36,739,1,0,1494,125,13,30,10,off,0,26,18,22,9,6,5,1,34,31,6,15,11
37,16,20,23,763,1,0,1542,129,10,26,5,off,0,31,12,36,15,7,24,22,0,22,16,8,25
37,16,20,24,764,1,0,1544,129,35,14,30,off,0,10,33,17,7,33,25,10,32,36,14,31,21
37,16,20,25,765,1,0,1546,129,25,4,20,off,0,15,29,35,33,16,28,35,0,10,35,6,12
37,16,20,26,766,1,0,1548,130,17,33,12,off,0,19,27,21,27,34,34,32,36,18,36,10,30
37,16,20,27,767,1,0,1550,129,11,27,6,off,0,2,32,35,24,0,23,3,22,18,13,13,7
37,16,20,28,768,1,0,1552,130,7,23,2,off,1,0,24,12,12,2,27,19,12,28,25,22,13
37,16,20,29,769,1,0,1554,130,5,21,0,q1,0,17,0,0,22,33,33,18,0,14,1,20,5
37,16,20,30,770,1,0,1556,130,5,21,0,q1,0,27,0,0,3,19,15,6,0,8,28,25,2
37,16,20,31,771,1,0,1558,130,7,23,2,off,1,0,7,21,15,25,29,24,12,9,16,21,18
37,16,20,32,772,1,0,1560,131,11,27,6,off,0,24,8,22,0,29,6,4,10,0,25,22,27
37,16,20,33,773,1,0,1562,130,17,33,12,off,0,12,2,7,17,32,22,8,11,5,16,6,16
37,16,20,34,774,1,0,1564,131,25,4,20,off,0,21,28,29,24,19,28,7,31,12,32,15,11
37,16,20,35,775,1,0,1566,131,35,14,30,off,0,34,4,23,14,5,6,3,35,25,34,30,15
37,16,20,36,776,1,0,1568,131,10,26,5,off,0,17,16,3,15,21,31,4,15,5,9,34,24
37,16,21,23,800,1,0,1616,135,5,20,35,off,0,20,6,32,12,4,6,26,15,25,11,12,16
37,16,21,24,801,1,0,1618,135,30,8,23,off,0,10,8,17,24,22,29,15,27,6,2,12,3
37,16,21,25,802,1,0,1620,136,20,35,13,off,0,23,4,17,6,36,4,7,13,16,35,5,35
37,16,21,26,803,1,0,1622,135,12,27,5,off,0,8,2,18,24,25,34,6,8,16,26,8,27
37,16,21,27,804,1,0,1624,136,6,21,36,off,0,29,20,9,14,22,20,19,12,2,21,13,10
37,16,21,28,805,1,0,1626,136,2,17,32,off,0,32,27,3,28,30,32,2,26,34,22,36,29
37,16,21,29,806,1,0,1628,136,0,15,30,q0,0,34,6,2,22,6,34,24,0,29,14,31,13
37,16,21,30,807,1,0,1630,136,0,15,30,q0,0,36,8,17,24,26,21,4,0,32,32,12,24
37,16,21,31,808,1,0,1632,137,2,17,32,off,0,31,24,12,30,18,21,6,14,4,2,8,19
37,16,21,32,809,1,0,1634,136,6,21,36,off,0,19,15,25,5,12,5,34,18,24,3,28,27
37,16,21,33,810,1,0,1636,137,12,27,5,off,0,36,32,23,23,13,16,8,19,27,20,35,12
37,16,21,34,811,1,0,1638,137,20,35,13,off,0,31,20,31,19,10,19,33,26,35,26,2,14
37,16,21,35,812,1,0,1640,137,30,8,23,off,0,34,9,16,28,19,14,36,10,33,6,10,21
37,16,21,36,813,1,0,1642,137,5,20,35,off,0,35,22,25,31,11,29,28,12,32,34,27,6
37,16,22,23,837,1,0,1690,141,35,12,26,off,0,29,24,2,5,9,31,22,24,19,11,18,27
37,16,22,24,838,0,1,1692,142,23,0,14,qm,-1,0,0,0,0,0,0,0,0,0,0,0,0
37,16,22,25,839,1,0,1694,141,13,27,4,off,0,11,14,17,23,29,30,22,22,11,36,18,9
37,16,22,26,840,1,0,1696,142,5,19,33,off,0,9,34,30,6,27,4,16,27,29,19,1,26
37,16,22,27,841,1,0,1698,142,36,13,27,off,0,31,17,33,5,2,16,20,23,19,16,5,33
37,16,22,28,842,1,0,1700,142,32,9,23,off,0,6,10,33,27,35,15,28,29,12,7,18,23
37,16,22,29,843,1,0,1702,142,30,7,21,off,0,30,36,24,1,3,7,10,10,18,10,9,29
37,16,22,30,844,1,0,1704,143,30,7,21,off,0,25,5,31,19,13,13,7,28,30,3,3,26
37,16,22,31,845,1,0,1706,142,32,9,23,off,0,36,8,34,11,16,22,0,29,22,4,5,26
37,16,22,32,846,1,0,1708,143,36,13,27,off,0,21,7,17,30,20,11,1,18,3,16,27,7
37,16,22,33,847,1,0,1710,143,5,19,33,off,0,32,8,14,32,9,22,10,0,2,32,23,31
37,16,22,34,848,1,0,1712,143,13,27,4,off,0,36,22,19,3,4,9,35,21,0,4,18,6
37,16,22,35,849,0,1,1714,143,23,0,14,qm,-1,0,0,0,0,0,0,0,0,0,0,0,0
37,16,22,36,850,1,0,1716,144,35,12,26,off,0,24,14,6,24,22,3,13,12,13,26,27,14
37,16,23,24,875,1,0,1766,147,14,27,3,off,0,16,16,26,8,23,25,35,14,35,30,25,24
37,16,23,25,876,1,0,1768,148,4,17,30,off,0,4,32,19,28,32,26,23,26,16,4,29,7
37,16,23,26,877,1,0,1770,148,33,9,22,off,0,16,2,34,2,35,0,2,25,23,28,21,29
37,16,23,27,878,1,0,1772,148,27,3,16,off,0,34,20,18,27,22,27,36,1,13,6,36,15
37,16,23,28,879,1,0,1774,148,23,36,12,off,0,9,24,2,2,27,5,1,23,5,18,9,4
37,16,23,29,880,1,0,1776,149,21,34,10,off,0,26,5,21,19,15,10,6,17,3,4,12,31
37,16,23,30,881,1,0,1778,148,21,34,10,off,1,0,26,10,26,2,1,23,5,25,27,3,21
37,16,23,31,882,1,0,1780,149,23,36,12,off,0,24,16,17,26,33,31,8,7,24,9,33,35
37,16,23,32,883,1,0,1782,149,27,3,16,off,0,20,21,12,32,15,31,9,3,19,11,35,2
37,16,23,33,884,1,0,1784,149,33,9,22,off,0,2,23,8,14,0,25,36,1,4,25,23,19
37,16,23,34,885,1,0,1786,149,4,17,30,off,0,32,34,9,5,8,27,26,22,4,29,30,25
37,16,23,35,886,1,0,1788,150,14,27,3,off,0,14,21,4,8,33,30,25,19,22,24,15,2
37,16,24,25,913,1,0,1842,154,30,5,17,off,0,13,6,32,0,23,36,10,16,18,6,4,19
37,16,24,26,914,1,0,1844,154,22,34,9,off,0,9,32,26,6,1,20,15,10,14,24,18,33
37,16,24,27,915,1,0,1846,154,16,28,3,off,0,30,12,19,14,7,6,23,34,32,31,21,18
37,16,24,28,916,1,0,1848,155,12,24,36,off,0,32,22,33,14,34,12,3,34,27,28,3,10
37,16,24,29,917,1,0,1850,154,10,22,34,off,0,15,0,12,29,29,23,2,1,10,17,18,22
37,16,24,30,918,1,0,1852,155,10,22,34,off,0,18,13,23,12,20,31,14,24,6,16,16,6
37,16,24,31,919,1,0,1854,155,12,24,36,off,0,24,16,7,14,3,16,5,19,31,25,13,8
37,16,24,32,920,1,0,1856,155,16,28,3,off,0,12,27,36,17,36,7,17,11,2,16,29,23
37,16,24,33,921,1,0,1858,155,22,34,9,off,0,35,4,28,8,1,7,35,14,11,3,36,5
37,16,24,34,922,1,0,1860,156,30,5,17,off,0,20,16,32,33,20,12,19,5,12,34,12,18
37,16,25,26,951,1,0,1918,160,9,20,31,off,0,24,36,1,35,15,17,1,35,33,17,18,28
37,16,25,27,952,1,0,1920,161,3,14,25,off,0,15,35,20,14,17,18,19,19,0,7,17,35
37,16,25,28,953,1,0,1922,160,36,10,21,off,0,6,34,22,17,3,17,29,1,2,20,13,33
37,16,25,29,954,1,0,1924,161,34,8,19,off,0,22,26,0,1,10,20,30,19,10,20,30,22
37,16,25,30,955,1,0,1926,161,34,8,19,off,0,27,31,0,16,22,27,15,10,25,33,24,10
37,16,25,31,956,1,0,1928,161,36,10,21,off,0,13,25,33,34,18,4,12,32,22,19,11,1
37,16,25,32,957,1,0,1930,161,3,14,25,off,0,7,16,36,18,27,11,11,9,0,17,25,33
37,16,25,33,958,1,0,1932,162,9,20,31,off,0,10,16,16,13,19,31,10,20,2,5,25,6
37,16,26,27,989,1,0,1994,166,25,35,8,off,0,9,26,32,10,7,2,28,21,11,33,9,16
37,16,26,28,990,1,0,1996,167,21,31,4,off,0,11,4,8,29,2,33,14,26,8,21,18,5
37,16,26,29,991,1,0,1998,167,19,29,2,off,0,20,26,1,19,17,34,35,35,11,16,23,9
37,16,26,30,992,1,0,2000,167,19,29,2,off,0,10,2,21,11,21,2,24,22,1,4,1,11
37,16,26,31,993,1,0,2002,167,21,31,4,off,0,6,32,14,27,25,19,6,26,29,9,34,24
37,16,26,32,994,1,0,2004,168,25,35,8,off,0,34,5,32,0,14,26,18,17,2,34,35,20
37,16,27,28,1027,1,0,2070,173,4,13,22,off,0,6,19,36,15,23,16,22,1,4,6,4,20
37,16,27,29,1028,1,0,2072,173,2,11,20,off,0,28,8,11,20,27,18,24,29,24,28,8,8
37,16,27,30,1029,1,0,2074,173,2,11,20,off,0,34,23,1,5,6,22,4,3,15,27,21,29
37,16,27,31,1030,1,0,2076,174,4,13,22,off,0,29,13,17,22,19,25,23,2,1,27,17,29
37,16,28,29,1065,1,0,2146,179,20,28,36,off,0,21,33,10,31,29,6,15,20,35,5,32,20
37,16,28,30,1066,1,0,2148,180,20,28,36,off,0,34,27,27,15,8,35,29,20,15,5,8,15
41,12,2,31,113,1,0,238,20,25,22,19,off,0,39,12,33,28,25,24,7,8,37,6,34,15
41,12,2,40,122,1,0,256,22,25,22,19,off,0,20,11,31,39,14,35,39,28,38,0,32,0
41,12,3,31,154,1,0,320,27,19,15,11,off,0,10,25,36,32,38,2,36,36,1,28,35,2
41,12,3,32,155,1,0,322,27,11,7,3,off,0,1,25,4,28,38,9,36,26,39,22,33,18
41,12,3,39,162,1,0,336,29,11,7,3,off,0,33,38,7,28,27,35,30,23,26,14,22,39
41,12,3,40,163,1,0,338,28,19,15,11,off,0,16,35,13,1,36,9,37,5,7,17,13,17
41,12,4,31,195,1,0,402,34,11,6,1,off,0,15,40,2,19,25,26,36,25,19,23,21,29
41,12,4,32,196,1,0,404,34,3,39,34,off,0,4,36,15,24,3,26,14,20,33,28,7,17
41,12,4,33,197,1,0,406,34,38,33,28,off,0,8,14,14,10,36,19,37,5,11,20,30,2
41,12,4,38,202,1,0,416,35,38,33,28,off,0,23,7,38,32,40,31,27,13,34,19,40,6
41,12,4,39,203,1,0,418,35,3,39,34,off,0,15,16,1,7,14,27,11,14,34,36,4,27
41,12,4,40,204,1,0,420,36,11,6,1,off,0,34,10,11,23,9,20,27,11,15,31,9,15
41,12,5,31,236,1,0,484,41,1,36,30,off,0,12,30,39,22,3,22,5,23,15,8,11,0
41,12,5,32,237,1,0,486,41,34,28,22,off,0,1,4,34,11,30,29,11,37,21,38,13,1
41,12,5,33,238,1,0,488,41,28,22,16,off,0,27,2,27,35,27,18,13,12,4,39,21,7
41,12,5,34,239,1,0,490,41,24,18,12,off,0,16,14,36,20,16,11,40,37,16,28,17,4
41,12,5,37,242,1,0,496,42,24,18,12,off,0,24,10,12,37,20,33,26,30,3,7,39,23
41,12,5,38,243,1,0,498,42,28,22,16,off,0,36,19,33,9,3,1,2,19,15,33,32,34
41,12,5,39,244,1,0,500,42,34,28,22,off,0,15,40,10,7,19,4,4,15,20,34,28,5
41,12,5,40,245,1,0,502,42,1,36,30,off,0,19,35,31,3,32,26,3,5,30,21,7,3
41,12,6,31,277,1,0,566,47,30,23,16,off,0,14,15,11,30,12,28,39,3,22,11,20,21
41,12,6,32,278,1,0,568,48,22,15,8,off,0,8,37,34,7,15,10,39,4,20,11,33,14
41,12,6,33,279,1,0,570,48,16,9,2,off,0,22,20,9,22,29,1,19,8,20,16,15,37
41,12,6,34,280,1,0,572,48,12,5,39,off,0,33,9,2,35,22,19,40,34,38,24,3,21
41,12,6,35,281,1,0,574,48,10,3,37,off,0,22,12,8,38,20,0,29,5,31,38,10,8
41,12,6,36,282,1,0,576,49,10,3,37,off,0,15,10,9,6,1,31,27,22,34,23,25,0
41,12,6,37,283,1,0,578,48,12,5,39,off,1,0,40,11,11,3,27,5,7,15,29,22,17
41,12,6,38,284,1,0,580,49,16,9,2,off,0,29,33,14,17,38,9,30,21,7,0,6,26
41,12,6,39,285,1,0,582,49,22,15,8,off,0,16,28,37,19,25,2,13,12,17,23,13,15
41,12,6,40,286,1,0,584,49,30,23,16,off,0,16,13,32,5,12,21,13,33,39,36,20,25
41,12,7,31,318,1,0,648,55,16,8,0,q1,0,24,38,18,18,36,5,33,32,38,25,31,5
41,12,7,32,319,1,0,650,54,8,0,33,qm,0,12,18,24,14,27,27,26,20,28,33,13,16
41,12,7,33,320,1,0,652,55,2,35,27,off,0,1,0,17,2,6,0,5,33,31,16,6,12
41,12,7,34,321,1,0,654,55,39,31,23,off,0,28,3,2,0,27,38,39,37,14,17,35,36
41,12,7,35,322,1,0,656,55,37,29,21,off,0,34,36,35,7,28,1,21,36,30,15,29,18
41,12,7,36,323,1,0,658,55,37,29,21,off,0,25,7,27,37,12,19,10,18,4,17,40,40
41,12,7,37,324,1,0,660,56,39,31,23,off,0,23,32,0,7,10,20,20,33,2,0,21,22
41,12,7,38,325,1,0,662,55,2,35,27,off,0,27,33,7,25,37,23,39,23,13,19,27,16
41,12,7,39,326,1,0,664,56,8,0,33,qm,0,37,20,17,33,31,8,17,31,22,33,13,0
41,12,7,40,327,1,0,666,56,16,8,0,q1,0,10,19,25,11,28,0,4,10,28,21,10,28
41,12,8,31,359,1,0,730,61,0,32,23,q0,0,2,33,12,4,15,3,27,24,40,16,10,27
41,12,8,32,360,1,0,732,62,33,24,15,off,0,2,19,35,29,3,38,2,38,33,12,2,38
41,12,8,33,361,1,0,734,61,27,18,9,off,0,14,18,28,30,36,6,0,36,15,26,40,24
41,12,8,34,362,1,0,736,62,23,14,5,off,0,13,3,35,16,33,3,20,37,22,2,30,37
41,12,8,35,363,1,0,738,62,21,12,3,off,0,11,15,29,1,7,6,13,21,18,17,17,2
41,12,8,36,364,1,0,740,62,21,12,3,off,0,26,2,11,24,11,33,23,14,30,18,35,23
41,12,8,37,365,1,0,742,62,23,14,5,off,0,17,5,19,30,9,2,19,14,32,3,12,5
41,12,8,38,366,1,0,744,63,27,18,9,off,0,22,11,35,12,16,38,32,11,37,24,25,36
41,12,8,39,367,1,0,746,62,33,24,15,off,0,4,38,36,40,23,16,31,13,4,16,15,24
41,12,8,40,368,1,0,748,63,0,32,23,q0,0,8,16,38,19,19,24,24,5,31,1,11,9
41,12,9,31,400,1,0,812,68,23,13,3,off,0,2,21,6,39,12,5,33,1,31,33,8,20
41,12,9,32,401,1,0,814,68,15,5,36,off,0,31,35,10,29,9,15,16,1,25,20,33,31
41,12,9,33,402,1,0,816,69,9,40,30,off,0,28,38,13,35,9,31,14,29,30,1,24,14
41,12,9,34,403,1,0,818,68,5,36,26,off,0,19,22,25,14,5,27,39,9,7,25,20,5
41,12,9,35,404,1,0,820,69,3,34,24,off,0,2,5,9,24,28,14,14,30,27,8,22,10
41,12,9,36,405,1,0,822,69,3,34,24,off,0,15,22,24,6,35,11,25,25,29,9,16,21
41,12,9,37,406,1,0,824,69,5,36,26,off,0,28,30,27,11,14,26,34,34,23,38,40,5
41,12,9,38,407,1,0,826,69,9,40,30,off,0,2,9,2,6,1,8,1,37,17,1,31,3
41,12,9,39,408,1,0,828,70,15,5,36,off,0,11,3,30,10,13,25,8,17,31,4,6,3
41,12,9,40,409,1,0,830,69,23,13,3,off,0,30,29,9,33,27,7,13,16,0,4,15,10
41,12,10,31,441,1,0,894,75,3,33,22,off,1,0,7,33,12,8,24,23,14,14,24,31,5
41,12,10,32,442,1,0,896,75,36,25,14,off,0,16,17,39,25,5,17,11,11,22,23,33,38
41,12,10,33,443,1,0,898,75,30,19,8,off,0,11,9,10,31,27,13,8,12,25,18,12,30
41,12,10,34,444,1,0,900,76,26,15,4,off,0,2,1,4,6,21,8,33,2,6,26,13,2
41,12,10,35,445,1,0,902,75,24,13,2,off,0,30,35,27,37,32,37,38,23,25,36,36,20
41,12,10,36,446,1,0,904,76,24,13,2,off,0,26,37,8,26,0,30,37,13,9,19,23,37
41,12,10,37,447,1,0,906,76,26,15,4,off,0,19,39,31,2,37,33,0,2,7,5,12,4
41,12,10,38,448,1,0,908,76,30,19,8,off,0,21,5,19,2,0,6,40,20,18,36,38,16
41,12,10,39,449,1,0,910,76,36,25,14,off,0,4,20,34,8,29,1,6,37,12,20,1,5
41,12,10,40,450,1,0,912,77,3,33,22,off,0,28,16,2,8,22,35,21,25,7,17,18,23
41,12,11,31,482,1,0,976,82,22,10,39,off,0,30,7,31,11,6,16,27,5,37,27,23,24
41,12,11,32,483,1,0,978,82,14,2,31,off,0,23,33,13,6,6,39,6,25,20,40,19,28
41,12,11,33,484,1,0,980,82,8,37,25,off,0,34,6,26,36,25,8,38,4,15,3,33,40
41,12,11,34,485,1,0,982,82,4,33,21,off,0,24,17,24,2,7,8,0,19,8,1,3,33
41,12,11,35,486,1,0,984,83,2,31,19,off,1,0,7,17,0,18,29,5,6,29,11,7,30
41,12,11,36,487,1,0,986,82,2,31,19,off,2,0,0,14,10,0,8,10,35,7,15,28,36
41,12,11,37,488,1,0,988,83,4,33,21,off,0,17,28,13,38,16,0,39,37,32,7,12,5
41,12,11,38,489,1,0,990,83,8,37,25,off,0,6,12,15,16,31,1,29,12,27,33,38,12
41,12,11,39,490,1,0,992,83,14,2,31,off,0,33,24,2,27,1,10,15,40,9,14,37,36
41,12,11,40,491,1,0,994,83,22,10,39,off,0,7,5,33,22,5,21,24,21,38,31,1,12
41,12,12,31,523,1,0,1058,88,39,26,13,off,0,29,39,16,25,23,4,28,9,19,4,18,25
41,12,12,32,524,1,0,1060,89,31,18,5,off,0,28,9,36,40,7,37,12,4,24,21,10,40
41,12,12,33,525,1,0,1062,89,25,12,40,off,0,2,5,0,27,30,27,15,39,2,6,30,7
41,12,12,34,526,1,0,1064,89,21,8,36,off,0,10,3,6,13,34,17,24,31,32,40,11,34
41,12,12,35,527,1,0,1066,89,19,6,34,off,0,16,22,34,39,34,16,15,2,19,18,13,33
41,12,12,36,528,1,0,1068,90,19,6,34,off,0,9,0,27,32,25,3,34,15,1,6,8,35
41,12,12,37,529,1,0,1070,89,21,8,36,off,0,27,19,28,3,31,20,2,30,6,4,5,12
41,12,12,38,530,1,0,1072,90,25,12,40,off,0,26,37,4,36,6,35,6,31,6,7,32,34
41,12,12,39,531,1,0,1074,90,31,18,5,off,0,8,3,34,7,30,30,6,7,5,37,4,24
41,12,12,40,532,1,0,1076,90,39,26,13,off,0,40,35,28,22,3,0,13,2,33,16,8,3
41,12,13,31,564,1,0,1140,96,13,40,26,off,0,26,21,3,35,24,37,18,8,34,38,27,23
41,12,13,32,565,1,0,1142,95,5,32,18,off,0,21,7,0,19,15,37,5,19,22,2,37,38
41,12,13,33,566,1,0,1144,96,40,26,12,off,0,14,10,6,2,5,0,16,28,17,35,39,20
41,12,13,34,567,1,0,1146,96,36,22,8,off,0,9,4,18,37,19,22,3,30,21,40,17,28
41,12,13,35,568,1,0,1148,96,34,20,6,off,0,11,20,23,11,20,30,34,20,5,9,34,39
41,12,13,36,569,1,0,1150,96,34,20,6,off,0,31,13,40,23,32,37,24,10,28,2,37,32
41,12,13,37,570,1,0,1152,97,36,22,8,off,1,0,17,28,22,24,10,14,22,36,30,30,7
41,12,13,38,571,1,0,1154,96,40,26,12,off,0,9,17,6,13,5,0,20,6,33,6,13,21
41,12,13,39,572,1,0,1156,97,5,32,18,off,0,10,37,8,38,34,24,9,1,24,22,39,39
41,12,13,40,573,1,0,1158,97,13,40,26,off,0,35,7,8,30,8,25,25,2,4,8,37,38
41,12,14,31,605,1,0,1222,102,26,11,37,off,0,7,15,35,10,22,19,21,40,15,32,26,28
41,12,14,32,606,1,0,1224,103,18,3,29,off,0,27,37,10,39,13,30,26,0,10,24,20,15
41,12,14,33,607,1,0,1226,102,12,38,23,off,0,24,5,36,15,1,31,4,12,30,28,23,37
41,12,14,34,608,1,0,1228,103,8,34,19,off,0,24,13,27,23,2,2,23,14,8,30,33,27
41,12,14,35,609,1,0,1230,103,6,32,17,off,0,11,37,7,27,29,5,28,31,32,29,1,39
41,12,14,36,610,1,0,1232,103,6,32,17,off,0,26,35,38,33,28,7,18,7,26,9,31,18
41,12,14,37,611,1,0,1234,103,8,34,19,off,0,3,8,17,38,8,15,28,33,34,4,5,38
41,12,14,38,612,1,0,1236,104,12,38,23,off,0,35,29,16,9,19,26,20,2,11,20,8,40
41,12,14,39,613,1,0,1238,103,18,3,29,off,0,30,38,40,26,34,5,4,0,26,21,9,12
41,12,14,40,614,1,0,1240,104,26,11,37,off,0,3,26,14,14,37,1,29,9,0,13,34,33
41,12,15,31,646,1,0,1304,109,37,21,5,off,0,6,13,18,29,31,3,15,36,38,27,12,6
41,12,15,32,647,1,0,1306,109,29,13,38,off,0,28,34,24,38,16,24,18,37,31,14,7,30
41,12,15,33,648,1,0,1308,110,23,7,32,off,0,5,16,1,0,31,3,2,14,26,14,4,8
41,12,15,34,649,1,0,1310,109,19,3,28,off,0,18,4,18,17,17,13,5,23,6,29,4,38
41,12,15,35,650,1,0,1312,110,17,1,26,off,0,31,33,38,30,16,18,4,35,1,29,20,14
41,12,15,36,651,1,0,1314,110,17,1,26,off,0,7,14,33,28,20,20,13,36,36,7,22,13
41,12,15,37,652,1,0,1316,110,19,3,28,off,0,38,28,15,30,36,27,5,37,9,0,31,35
41,12,15,38,653,1,0,1318,110,23,7,32,off,0,15,34,38,0,8,14,6,32,12,14,12,31
41,12,15,39,654,1,0,1320,111,29,13,38,off,0,34,0,5,29,32,34,16,29,33,37,5,28
41,12,15,40,655,1,0,1322,110,37,21,5,off,1,0,6,11,10,16,12,23,36,8,35,4,13
41,12,16,31,687,1,0,1386,116,5,29,12,off,0,15,39,25,7,22,11,16,1,35,10,28,9
41,12,16,32,688,1,0,1388,116,38,21,4,off,0,37,14,6,3,28,22,32,19,32,34,23,25
41,12,16,33,689,1,0,1390,116,32,15,39,off,0,23,13,14,22,31,16,6,34,24,21,0,31
41,12,16,34,690,1,0,1392,117,28,11,35,off,0,26,13,20,36,19,25,37,12,30,7,6,13
41,12,16,35,691,1,0,1394,116,26,9,33,off,0,15,38,10,2,3,14,10,5,35,13,9,16
41,12,16,36,692,1,0,1396,117,26,9,33,off,0,13,36,29,11,9,24,39,29,15,3,15,0
41,12,16,37,693,1,0,1398,117,28,11,35,off,0,1,15,32,12,12,16,0,12,35,25,15,26
41,12,16,38,694,1,0,1400,117,32,15,39,off,0,37,13,23,21,0,27,24,21,1,35,18,35
41,12,16,39,695,1,0,1402,117,38,21,4,off,0,13,8,37,19,5,6,19,18,1,2,32,16
41,12,16,40,696,1,0,1404,118,5,29,12,off,0,11,21,12,5,40,39,18,10,25,2,9,7
41,12,17,31,728,1,0,1468,123,12,35,17,off,0,35,14,12,19,18,11,33,17,11,5,23,18
41,12,17,32,729,1,0,1470,123,4,27,9,off,0,4,13,24,36,19,5,0,29,9,8,19,26
41,12,17,33,730,1,0,1472,123,39,21,3,off,0,28,40,30,32,4,4,2,8,9,27,34,5
41,12,17,34,731,1,0,1474,123,35,17,40,off,0,21,2,1,38,12,27,18,14,33,8,20,6
41,12,17,35,732,1,0,1476,124,33,15,38,off,0,12,27,16,0,9,9,4,24,31,8,12,39
41,12,17,36,733,1,0,1478,123,33,15,38,off,1,0,12,13,7,0,4,13,28,28,33,39,9
41,12,17,37,734,1,0,1480,124,35,17,40,off,0,2,8,1,30,13,34,5,4,10,33,32,18
41,12,17,38,735,1,0,1482,124,39,21,3,off,0,40,17,27,37,36,13,17,40,38,34,15,40
41,12,17,39,736,1,0,1484,124,4,27,9,off,0,13,38,12,24,18,0,1,18,10,14,8,1
41,12,17,40,737,1,0,1486,124,12,35,17,off,0,14,35,16,25,6,12,16,14,4,31,11,36
41,12,18,31,769,1,0,1550,129,17,39,20,off,0,39,23,13,21,26,8,33,21,31,16,3,24
41,12,18,32,770,1,0,1552,130,9,31,12,off,0,14,36,33,14,13,9,29,3,9,20,36,28
41,12,18,33,771,1,0,1554,130,3,25,6,off,0,30,25,32,19,40,1,0,18,27,0,6,14
41,12,18,34,772,1,0,1556,130,40,21,2,off,0,32,24,33,15,36,6,7,17,14,3,23,27
41,12,18,35,773,1,0,1558,130,38,19,0,q1,0,40,5,2,21,2,0,33,4,31,40,18,3
41,12,18,36,774,1,0,1560,131,38,19,0,q1,0,12,32,20,28,13,31,30,36,25,35,24,34
41,12,18,37,775,1,0,1562,130,40,21,2,off,0,29,29,31,35,28,36,4,31,18,29,3,24
41,12,18,38,776,1,0,1564,131,3,25,6,off,0,22,23,2,7,26,11,33,13,0,7,20,33
41,12,18,39,777,1,0,1566,131,9,31,12,off,0,26,10,32,8,11,39,6,4,36,32,11,37
41,12,18,40,778,1,0,1568,131,17,39,20,off,0,19,11,26,22,12,14,36,21,1,13,32,33
41,12,19,31,810,0,1,1632,137,20,0,21,qm,-1,0,0,0,0,0,0,0,0,0,0,0,0
41,12,19,32,811,1,0,1634,136,12,33,13,off,0,12,1,12,17,35,4,11,40,4,17,40,34
41,12,19,33,812,1,0,1636,137,6,27,7,off,0,16,18,26,30,0,2,3,8,25,40,38,12
41,12,19,34,813,1,0,1638,137,2,23,3,off,0,25,26,9,30,12,31,31,16,12,2,38,14
41,12,19,35,814,1,0,1640,137,0,21,1,q0,0,35,10,13,7,20,30,40,21,15,18,37,17
41,12,19,36,815,1,0,1642,137,0,21,1,q0,0,39,27,3,37,32,37,21,31,2,4,27,15
41,12,19,37,816,1,0,1644,138,2,23,3,off,0,25,29,36,36,6,9,2,34,34,37,15,0
41,12,19,38,817,1,0,1646,137,6,27,7,off,0,22,6,26,31,0,13,14,31,22,1,40,29
41,12,19,39,818,1,0,1648,138,12,33,13,off,0,30,27,10,38,2,17,29,5,12,12,35,39
41,12,19,40,819,0,1,1650,138,20,0,21,qm,-1,0,0,0,0,0,0,0,0,0,0,0,0
41,12,20,31,851,0,1,1714,143,21,0,20,qm,-1,0,0,0,0,0,0,0,0,0,0,0,0
41,12,20,32,852,1,0,1716,144,13,33,12,off,0,38,23,9,34,5,37,28,14,28,32,13,31
41,12,20,33,853,1,0,1718,143,7,27,6,off,0,25,3,23,7,10,16,33,7,40,40,7,10
41,12,20,34,854,1,0,1720,144,3,23,2,off,0,31,19,28,25,15,5,33,25,6,15,17,28
41,12,20,35,855,1,0,1722,144,1,21,0,q1,0,39,34,6,30,35,7,28,35,10,17,4,37
41,12,20,36,856,1,0,1724,144,1,21,0,q1,0,40,10,15,23,14,18,18,37,3,18,1,36
41,12,20,37,857,1,0,1726,144,3,23,2,off,0,9,18,7,11,19,17,17,15,5,2,15,6
41,12,20,38,858,1,0,1728,145,7,27,6,off,0,34,29,16,38,32,20,25,22,25,30,14,38
41,12,20,39,859,1,0,1730,144,13,33,12,off,0,24,7,36,9,32,13,39,5,40,28,12,33
41,12,20,40,860,0,1,1732,145,21,0,20,qm,-1,0,0,0,0,0,0,0,0,0,0,0,0
41,12,21,31,892,1,0,1796,150,20,39,17,off,0,1,34,37,14,39,28,9,21,37,10,5,37
41,12,21,32,893,1,0,1798,150,12,31,9,off,0,1,25,22,22,2,1,34,30,0,12,13,2
41,12,21,33,894,1,0,1800,151,6,25,3,off,0,11,5,17,2,39,16,12,17,3,26,4,0
41,12,21,34,895,1,0,1802,150,2,21,40,off,0,20,13,12,9,39,9,31,32,10,3,34,11
41,12,21,35,896,1,0,1804,151,0,19,38,q0,0,33,4,19,15,12,21,13,32,34,34,9,38
41,12,21,36,897,1,0,1806,151,0,19,38,q0,0,22,34,37,14,15,37,32,13,35,28,14,6
41,12,21,37,898,1,0,1808,151,2,21,40,off,0,10,29,36,35,32,4,0,9,32,40,21,8
41,12,21,38,899,1,0,1810,151,6,25,3,off,0,33,26,31,39,18,20,36,33,14,26,12,0
41,12,21,39,900,1,0,1812,152,12,31,9,off,0,23,6,18,2,2,2,11,40,37,26,34,3
41,12,21,40,901,1,0,1814,151,20,39,17,off,0,30,37,8,14,8,31,7,11,12,29,2,30
41,12,22,31,933,1,0,1878,157,17,35,12,off,0,27,5,1,4,21,27,25,37,15,8,26,26
41,12,22,32,934,1,0,1880,157,9,27,4,off,0,32,25,30,14,37,9,27,16,15,24,8,38
41,12,22,33,935,1,0,1882,157,3,21,39,off,0,30,2,38,27,36,23,20,11,18,25,15,31
41,12,22,34,936,1,0,1884,158,40,17,35,off,0,27,2,27,30,31,0,16,8,32,35,34,3
41,12,22,35,937,1,0,1886,157,38,15,33,off,0,25,28,4,32,21,31,24,35,34,26,37,6
41,12,22,36,938,1,0,1888,158,38,15,33,off,0,15,14,2,25,27,19,24,24,20,30,38,26
41,12,22,37,939,1,0,1890,158,40,17,35,off,0,31,37,35,10,39,0,0,8,10,2,3,6
41,12,22,38,940,1,0,1892,158,3,21,39,off,0,10,14,39,23,37,7,1,23,5,6,24,12
41,12,22,39,941,1,0,1894,158,9,27,4,off,0,23,16,25,7,19,38,12,4,37,7,36,29
41,12,22,40,942,1,0,1896,159,17,35,12,off,0,23,22,25,3,28,23,34,38,36,9,39,34
41,12,23,31,974,1,0,1960,164,12,29,5,off,0,40,32,39,38,31,8,28,8,2,39,3,17
41,12,23,32,975,1,0,1962,164,4,21,38,off,0,29,20,27,3,20,18,25,6,17,30,22,36
41,12,23,33,976,1,0,1964,164,39,15,32,off,0,6,38,10,16,25,38,38,36,11,32,20,15
41,12,23,34,977,1,0,1966,164,35,11,28,off,0,22,30,38,12,3,32,6,34,29,0,9,6
41,12,23,35,978,1,0,1968,165,33,9,26,off,0,6,5,32,23,29,7,38,18,2,39,25,35
41,12,23,36,979,1,0,1970,164,33,9,26,off,1,0,6,10,14,10,22,1,20,21,18,21,29
41,12,23,37,980,1,0,1972,165,35,11,28,off,0,30,17,37,28,23,25,18,6,0,21,32,14
41,12,23,38,981,1,0,1974,165,39,15,32,off,0,38,33,34,16,14,1,15,17,1,20,4,32
41,12,23,39,982,1,0,1976,165,4,21,38,off,0,20,12,1,8,32,28,20,34,17,27,30,34
41,12,23,40,983,1,0,1978,165,12,29,5,off,0,32,1,32,18,23,40,22,10,23,29,40,3
41,12,24,31,1015,1,0,2042,170,5,21,37,off,0,35,11,28,34,1,23,22,3,22,35,4,13
41,12,24,32,1016,1,0,2044,171,38,13,29,off,2,0,0,3,6,29,3,33,38,32,21,12,17
41,12,24,33,1017,1,0,2046,171,32,7,23,off,0,19,25,32,23,11,31,5,18,14,19,32,30
41,12,24,34,1018,1,0,2048,171,28,3,19,off,0,19,40,4,18,26,17,30,32,37,13,8,1
41,12,24,35,1019,1,0,2050,171,26,1,17,off,0,2,26,21,6,27,25,8,29,5,15,27,40
41,12,24,36,1020,1,0,2052,172,26,1,17,off,0,18,38,30,39,28,39,7,31,35,17,1,18
41,12,24,37,1021,1,0,2054,171,28,3,19,off,0,39,21,5,1,2,20,23,27,30,30,26,10
41,12,24,38,1022,1,0,2056,172,32,7,23,off,0,24,4,30,12,16,7,31,40,19,21,1,38
41,12,24,39,1023,1,0,2058,172,38,13,29,off,1,0,14,26,31,25,38,32,22,5,33,14,1
41,12,24,40,1024,1,0,2060,172,5,21,37,off,0,33,35,13,21,6,29,19,31,22,20,2,23
41,12,25,31,1056,1,0,2124,178,37,11,26,off,0,34,9,12,37,15,13,7,31,39,18,9,6
41,12,25,32,1057,1,0,2126,177,29,3,18,off,0,8,33,30,2,5,11,10,4,8,27,18,26
41,12,25,33,1058,1,0,2128,178,23,38,12,off,0,27,12,6,15,8,15,2,19,12,32,22,35
41,12,25,34,1059,1,0,2130,178,19,34,8,off,0,33,16,15,10,39,19,31,28,8,6,21,30
41,12,25,35,1060,1,0,2132,178,17,32,6,off,0,25,31,4,38,3,31,2,34,39,2,14,14
41,12,25,36,1061,1,0,2134,178,17,32,6,off,0,22,14,23,31,13,15,40,17,38,5,8,22
41,12,25,37,1062,1,0,2136,179,19,34,8,off,0,31,34,12,20,4,0,24,34,8,12,38,26
41,12,25,38,1063,1,0,2138,178,23,38,12,off,0,32,4,6,36,8,36,23,7,4,9,21,6
41,12,25,39,1064,1,0,2140,179,29,3,18,off,0,35,29,0,3,6,12,18,8,16,4,2,17
41,12,25,40,1065,1,0,2142,179,37,11,26,off,0,19,0,19,1,0,28,20,7,14,29,15,15
41,12,26,31,1097,1,0,2206,184,26,40,13,off,0,8,40,16,11,12,1,31,12,6,25,8,22
41,12,26,32,1098,1,0,2208,185,18,32,5,off,0,25,37,12,12,8,7,33,9,36,2,12,19
41,12,26,33,1099,1,0,2210,184,12,26,40,off,0,15,27,22,26,23,15,10,1,39,29,11,15
41,12,26,34,1100,1,0,2212,185,8,22,36,off,0,14,9,4,7,33,13,18,13,33,13,23,30
41,12,26,35,1101,1,0,2214,185,6,20,34,off,0,34,27,18,16,22,34,17,10,6,1,18,0
41,12,26,36,1102,1,0,2216,185,6,20,34,off,0,17,20,4,15,17,23,8,34,10,30,25,0
41,12,26,37,1103,1,0,2218,185,8,22,36,off,0,12,15,1,8,9,36,13,16,7,40,1,24
41,12,26,38,1104,1,0,2220,186,12,26,40,off,0,36,32,34,19,12,35,25,5,23,22,37,21
41,12,26,39,1105,1,0,2222,185,18,32,5,off,0,5,38,7,8,2,8,24,12,28,12,30,7
41,12,26,40,1106,1,0,2224,186,26,40,13,off,0,4,7,34,22,36,33,5,21,26,9,24,25
41,12,27,31,1138,1,0,2288,191,13,26,39,off,0,32,6,38,40,27,19,6,22,18,14,36,2
41,12,27,32,1139,1,0,2290,191,5,18,31,off,0,23,15,37,7,9,23,39,18,7,24,24,22
41,12,27,33,1140,1,0,2292,192,40,12,25,off,1,0,4,23,2,15,8,23,14,21,15,12,21
41,12,27,34,1141,1,0,2294,191,36,8,21,off,0,6,0,16,14,1,17,10,35,38,3,0,27
41,12,27,35,1142,1,0,2296,192,34,6,19,off,0,37,17,12,6,28,15,36,3,13,27,7,20
41,12,27,36,1143,1,0,2298,192,34,6,19,off,0,11,1,32,22,35,3,35,23,17,15,20,1
41,12,27,37,1144,1,0,2300,192,36,8,21,off,0,31,4,38,30,3,20,29,40,30,17,6,30
41,12,27,38,1145,1,0,2302,192,40,12,25,off,1,0,29,13,39,29,10,28,32,16,15,36,25
41,12,27,39,1146,1,0,2304,193,5,18,31,off,0,21,27,15,17,7,18,12,5,10,33,25,24
41,12,27,40,1147,1,0,2306,192,13,26,39,off,0,6,14,27,33,31,24,23,38,3,16,2,8
41,12,28,31,1179,1,0,2370,198,39,10,22,off,0,6,35,3,32,40,5,39,31,3,5,29,11
41,12,28,32,1180,1,0,2372,198,31,2,14,off,0,24,22,9,19,28,6,36,18,3,28,21,24
41,12,28,33,1181,1,0,2374,198,25,37,8,off,0,33,40,13,3,22,14,24,19,3,9,37,12
41,12,28,34,1182,1,0,2376,199,21,33,4,off,0,37,30,10,22,2,7,21,30,40,40,37,33
41,12,28,35,1183,1,0,2378,198,19,31,2,off,0,22,24,17,28,38,29,30,0,14,12,38,2
41,12,28,36,1184,1,0,2380,199,19,31,2,off,0,40,22,27,11,40,39,8,38,27,5,40,31
41,12,28,37,1185,1,0,2382,199,21,33,4,off,0,3,22,16,21,25,34,0,30,33,14,31,25
41,12,28,38,1186,1,0,2384,199,25,37,8,off,0,40,4,8,34,21,18,38,29,8,23,28,15
41,12,28,39,1187,1,0,2386,199,31,2,14,off,0,5,36,1,12,18,23,9,5,6,0,17,29
41,12,28,40,1188,1,0,2388,200,39,10,22,off,0,11,11,2,0,39,6,32,34,16,34,5,14
41,12,29,31,1220,1,0,2452,205,22,33,3,off,6,0,0,0,0,0,0,30,26,12,6,17,17
41,12,29,32,1221,1,0,2454,205,14,25,36,off,0,22,23,10,3,20,6,24,25,19,21,1,40
41,12,29,33,1222,1,0,2456,205,8,19,30,off,0,33,29,28,26,25,23,34,4,20,20,23,7
41,12,29,34,1223,1,0,2458,205,4,15,26,off,0,8,20,6,10,24,25,15,36,39,37,29,6
41,12,29,35,1224,1,0,2460,206,2,13,24,off,0,7,26,34,17,21,35,16,22,35,16,10,12
41,12,29,36,1225,1,0,2462,205,2,13,24,off,1,0,7,11,20,27,23,5,30,12,28,37,28
41,12,29,37,1226,1,0,2464,206,4,15,26,off,0,20,7,24,19,9,1,7,1,36,13,32,0
41,12,29,38,1227,1,0,2466,206,8,19,30,off,0,29,35,4,16,2,16,29,16,16,23,21,29
41,12,29,39,1228,1,0,2468,206,14,25,36,off,0,23,9,1,8,38,40,15,38,16,18,6,15
41,12,29,40,1229,1,0,2470,206,22,33,3,off,5,0,0,0,0,0,37,10,19,13,14,40,8
41,12,30,31,1261,1,0,2534,211,3,13,23,off,0,15,22,8,25,21,19,38,21,9,30,10,17
41,12,30,32,1262,1,0,2536,212,36,5,15,off,0,13,10,32,0,5,25,1,3,37,12,38,29
41,12,30,33,1263,1,0,2538,212,30,40,9,off,0,24,5,5,35,28,31,14,40,40,31,14,9
41,12,30,34,1264,1,0,2540,212,26,36,5,off,0,13,8,36,40,10,27,29,40,18,17,28,9
41,12,30,35,1265,1,0,2542,212,24,34,3,off,0,30,15,1,31,28,34,40,7,36,17,6,24
41,12,30,36,1266,1,0,2544,213,24,34,3,off,0,17,40,24,5,18,37,17,3,26,32,20,5
41,12,30,37,1267,1,0,2546,212,26,36,5,off,0,31,37,4,25,26,39,40,3,29,14,9,8
41,12,30,38,1268,1,0,2548,213,30,40,9,off,0,22,38,5,10,13,16,37,22,31,8,22,29
41,12,30,39,1269,1,0,2550,213,36,5,15,off,0,30,0,30,3,22,21,15,17,38,13,7,9
41,12,30,40,1270,1,0,2552,213,3,13,23,off,0,5,33,19,21,5,26,27,40,25,8,30,40
41,12,31,32,1303,1,0,2618,218,15,24,33,off,0,3,36,17,1,11,24,24,27,32,9,13,1
41,12,31,33,1304,1,0,2620,219,9,18,27,off,0,5,4,7,34,12,33,3,10,23,14,38,25
41,12,31,34,1305,1,0,2622,219,5,14,23,off,0,35,33,18,29,18,26,33,13,28,39,10,16
41,12,31,35,1306,1,0,2624,219,3,12,21,off,0,18,29,35,1,7,26,11,36,2,19,35,40
41,12,31,36,1307,1,0,2626,219,3,12,21,off,0,6,25,27,17,3,2,15,18,3,27,20,16
41,12,31,37,1308,1,0,2628,220,5,14,23,off,0,40,19,2,5,21,18,17,28,30,20,23,12
41,12,31,38,1309,1,0,2630,219,9,18,27,off,0,12,15,7,16,12,30,14,8,35,27,40,16
41,12,31,39,1310,1,0,2632,220,15,24,33,off,0,17,0,14,31,16,25,9,2,3,10,24,21
41,12,32,33,1345,1,0,2702,225,27,35,2,off,1,0,40,30,13,26,19,4,31,31,19,21,19
41,12,32,34,1346,1,0,2704,226,23,31,39,off,0,9,33,8,7,21,22,37,28,13,21,23,34
41,12,32,35,1347,1,0,2706,226,21,29,37,off,0,5,15,12,0,7,6,6,2,25,26,4,34
41,12,32,36,1348,1,0,2708,226,21,29,37,off,0,23,2,30,0,11,33,39,15,28,1,1,22
41,12,32,37,1349,1,0,2710,226,23,31,39,off,0,37,14,2,8,2,1,29,25,4,11,1,19
41,12,32,38,1350,1,0,2712,227,27,35,2,off,0,25,22,23,33,7,34,1,0,40,14,3,31
41,12,33,34,1387,1,0,2786,232,39,5,12,off,0,18,38,9,14,14,13,4,30,29,23,20,25
41,12,33,35,1388,1,0,2788,233,37,3,10,off,0,12,34,16,16,18,26,6,25,16,10,38,19
41,12,33,36,1389,1,0,2790,233,37,3,10,off,0,8,2,29,4,2,38,40,14,2,1,9,3
41,12,33,37,1390,1,0,2792,233,39,5,12,off,0,1,0,31,37,36,6,23,30,21,1,13,12
41,12,34,35,1429,1,0,2870,239,10,16,22,off,0,33,7,6,23,23,34,35,37,0,23,29,39
41,12,34,36,1430,1,0,2872,240,10,16,22,off,0,29,28,14,16,38,7,12,36,30,26,40,15
41,16,2,27,109,1,0,234,20,21,18,15,off,0,14,25,20,27,20,32,13,25,6,2,13,14
41,16,2,40,122,1,0,260,22,21,18,15,off,0,20,18,22,17,21,0,20,2,3,25,11,21
41,16,3,27,150,1,0,316,27,15,11,7,off,0,38,31,22,16,32,21,3,12,25,33,27,1
41,16,3,28,151,1,0,318,27,3,40,36,off,0,4,4,5,39,40,23,2,2,15,16,39,23
41,16,3,39,162,1,0,340,29,3,40,36,off,0,35,4,10,18,12,17,20,23,38,33,38,9
41,16,3,40,163,1,0,342,29,15,11,7,off,0,32,31,32,25,27,1,21,28,20,30,2,36
41,16,4,27,191,1,0,398,33,7,2,38,off,0,8,39,32,31,4,6,4,8,1,24,14,30
41,16,4,28,192,1,0,400,34,36,31,26,off,0,34,3,16,20,6,25,27,8,34,40,11,32
41,16,4,29,193,1,0,402,34,26,21,16,off,0,36,15,38,8,6,7,18,21,39,3,39,4
41,16,4,38,202,1,0,420,36,26,21,16,off,0,21,3,24,12,21,4,30,0,13,18,39,23
41,16,4,39,203,1,0,422,35,36,31,26,off,0,28,19,9,25,7,16,1,32,30,4,38,5
41,16,4,40,204,1,0,424,36,7,2,38,off,0,9,36,5,40,27,1,22,32,18,32,1,25
41,16,5,27,232,1,0,480,41,38,32,26,off,0,21,19,23,38,10,30,25,17,11,5,35,1
41,16,5,28,233,1,0,482,40,26,20,14,off,0,30,6,0,31,32,36,34,5,29,1,31,27
41,16,5,29,234,1,0,484,41,16,10,4,off,0,5,23,29,36,27,16,5,12,33,25,39,33
41,16,5,30,235,1,0,486,41,8,2,37,off,0,11,12,25,28,9,15,40,18,34,33,12,37
41,16,5,37,242,1,0,500,42,8,2,37,off,0,27,37,22,38,0,0,38,7,10,11,38,17
41,16,5,38,243,1,0,502,42,16,10,4,off,0,33,17,25,26,4,17,14,4,17,12,17,30
41,16,5,39,244,1,0,504,43,26,20,14,off,0,40,36,39,31,8,10,7,20,22,37,4,9
41,16,5,40,245,1,0,506,42,38,32,26,off,0,20,31,30,29,32,10,40,26,33,34,30,13
41,16,6,27,273,1,0,562,47,26,19,12,off,0,22,4,3,18,12,13,28,30,27,35,38,31
41,16,6,28,274,1,0,564,48,14,7,0,q1,0,27,38,36,36,15,28,7,33,20,28,2,10
41,16,6,29,275,1,0,566,47,4,38,31,off,0,22,14,25,32,35,3,26,23,23,24,37,17
41,16,6,30,276,1,0,568,48,37,30,23,off,0,37,37,12,37,21,7,18,36,40,0,5,0
41,16,6,31,277,1,0,570,48,31,24,17,off,0,29,38,32,7,0,36,27,36,19,21,35,28
41,16,6,36,282,1,0,580,49,31,24,17,off,0,22,27,18,28,23,17,2,38,9,17,13,0
41,16,6,37,283,1,0,582,49,37,30,23,off,0,26,14,26,30,11,30,12,1,40,13,16,18
41,16,6,38,284,1,0,584,49,4,38,31,off,0,7,36,11,38,27,2,24,28,33,27,20,40
41,16,6,39,285,1,0,586,49,14,7,0,q1,0,13,5,29,11,22,27,12,9,12,4,32,38
41,16,6,40,286,1,0,588,50,26,19,12,off,0,30,15,19,5,34,36,1,16,36,31,23,14
41,16,7,27,314,1,0,644,54,12,4,37,off,0,35,29,17,0,17,22,25,40,25,3,28,15
41,16,7,28,315,1,0,646,54,0,33,25,q0,0,31,17,22,13,5,24,26,5,8,28,11,39
41,16,7,29,316,1,0,648,55,31,23,15,off,0,28,20,37,29,11,40,22,21,29,20,21,18
41,16,7,30,317,1,0,650,54,23,15,7,off,0,27,18,7,20,15,11,4,30,29,25,19,7
41,16,7,31,318,1,0,652,55,17,9,1,off,0,24,7,2,24,20,28,40,38,37,4,31,13
41,16,7,32,319,1,0,654,55,13,5,38,off,0,31,31,17,15,7,18,8,0,26,18,24,29
41,16,7,35,322,1,0,660,56,13,5,38,off,0,12,2,4,29,27,40,32,16,18,14,10,16
41,16,7,36,323,1,0,662,55,17,9,1,off,0,24,21,16,26,22,6,5,35,39,10,5,32
41,16,7,37,324,1,0,664,56,23,15,7,off,0,2,14,6,21,0,2,27,4,18,31,0,13
41,16,7,38,325,1,0,666,56,31,23,15,off,0,15,2,31,14,37,13,29,27,34,28,9,17
41,16,7,39,326,1,0,668,56,0,33,25,q0,0,38,18,10,27,15,24,28,13,27,26,1,20
41,16,7,40,327,1,0,670,56,12,4,37,off,0,27,37,12,19,21,31,12,12,1,30,12,23
41,16,8,27,355,1,0,726,61,37,28,19,off,0,6,9,11,7,12,36,14,21,27,27,3,9
41,16,8,28,356,1,0,728,61,25,16,7,off,0,6,3,3,6,36,21,9,30,12,34,39,7
41,16,8,29,357,1,0,730,61,15,6,38,off,0,30,14,33,9,24,21,28,30,31,2,30,15
41,16,8,30,358,1,0,732,62,7,39,30,off,0,4,33,16,6,39,6,28,28,40,3,8,17
41,16,8,31,359,1,0,734,61,1,33,24,off,1,0,2,0,4,36,29,23,37,17,29,22,38
41,16,8,32,360,1,0,736,62,38,29,20,off,0,31,10,37,27,37,9,1,4,26,27,17,17
41,16,8,33,361,1,0,738,62,36,27,18,off,0,28,34,13,20,22,6,14,0,35,19,37,15
41,16,8,34,362,1,0,740,62,36,27,18,off,0,14,10,12,29,17,33,9,0,31,37,40,29
41,16,8,35,363,1,0,742,62,38,29,20,off,1,0,10,8,21,27,7,29,7,40,23,1,12
41,16,8,36,364,1,0,744,63,1,33,24,off,0,13,29,28,0,26,3,22,35,18,36,33,34
41,16,8,37,365,1,0,746,62,7,39,30,off,0,3,36,30,37,15,12,29,26,12,36,22,2
41,16,8,38,366,1,0,748,63,15,6,38,off,0,4,38,17,10,18,12,24,8,29,0,11,3
41,16,8,39,367,1,0,750,63,25,16,7,off,0,15,3,30,17,9,15,22,1,33,4,3,9
41,16,8,40,368,1,0,752,63,37,28,19,off,0,39,40,26,20,7,6,7,26,7,26,1,35
41,16,9,27,396,1,0,808,68,19,9,40,off,0,14,24,10,30,30,26,11,17,15,11,2,8
41,16,9,28,397,1,0,810,68,7,38,28,off,0,11,18,9,26,30,1,5,26,30,15,39,15
41,16,9,29,398,1,0,812,68,38,28,18,off,0,16,39,4,14,9,0,26,12,22,22,22,8
41,16,9,30,399,1,0,814,68,30,20,10,off,0,10,21,27,31,19,23,40,15,17,30,26,18
41,16,9,31,400,1,0,816,69,24,14,4,off,0,12,24,15,4,21,13,27,24,8,15,38,39
41,16,9,32,401,1,0,818,68,20,10,0,q1,0,11,16,0,31,2,12,12,17,16,17,8,15
41,16,9,33,402,1,0,820,69,18,8,39,off,0,13,3,30,18,4,5,29,17,32,1,27,26
41,16,9,34,403,1,0,822,69,18,8,39,off,0,36,5,39,25,5,1,2,21,4,37,1,30
41,16,9,35,404,1,0,824,69,20,10,0,q1,0,35,33,23,25,38,13,9,35,32,18,20,33
41,16,9,36,405,1,0,826,69,24,14,4,off,0,3,39,24,24,14,19,18,30,1,9,34,3
41,16,9,37,406,1,0,828,70,30,20,10,off,0,24,6,33,17,16,29,11,26,7,15,39,23
41,16,9,38,407,1,0,830,69,38,28,18,off,0,2,23,2,2,37,0,25,8,29,0,13,36
41,16,9,39,408,1,0,832,70,7,38,28,off,0,18,29,8,8,28,25,17,38,21,28,12,36
41,16,9,40,409,1,0,834,70,19,9,40,off,0,8,2,32,9,0,34,38,25,40,1,37,31
41,16,10,27,437,1,0,890,74,40,29,18,off,0,2,0,22,23,6,29,33,26,40,31,37,8
41,16,10,28,438,1,0,892,75,28,17,6,off,0,2,17,39,4,7,2,16,2,3,31,14,26
41,16,10,29,439,1,0,894,75,18,7,37,off,0,33,21,38,40,1,29,28,8,15,35,15,31
41,16,10,30,440,1,0,896,75,10,40,29,off,0,38,11,35,27,21,28,12,15,2,21,38,26
41,16,10,31,441,1,0,898,75,4,34,23,off,0,37,38,26,17,17,38,25,23,5,17,11,28
41,16,10,32,442,1,0,900,76,0,30,19,q0,0,15,29,7,0,24,9,21,17,13,32,34,9
41,16,10,33,443,1,0,902,75,39,28,17,off,0,7,40,12,10,11,35,34,14,16,23,8,31
41,16,10,34,444,1,0,904,76,39,28,17,off,0,31,2,21,31,32,1,10,5,19,21,0,39
41,16,10,35,445,1,0,906,76,0,30,19,q0,0,40,24,3,0,13,32,0,17,22,3,3,18
41,16,10,36,446,1,0,908,76,4,34,23,off,0,26,11,40,35,23,37,19,18,35,34,33,29
41,16,10,37,447,1,0,910,76,10,40,29,off,0,28,0,16,16,33,10,13,8,17,31,3,6
41,16,10,38,448,1,0,912,77,18,7,37,off,0,19,38,34,13,20,19,26,7,37,33,29,36
41,16,10,39,449,1,0,914,76,28,17,6,off,0,11,19,19,18,22,6,31,40,15,26,26,34
41,16,10,40,450,1,0,916,77,40,29,18,off,0,20,25,15,25,2,28,11,2,30,2,19,8
41,16,11,27,478,1,0,972,82,18,6,35,off,0,33,36,2,20,1,26,13,39,15,23,19,39
41,16,11,28,479,1,0,974,81,6,35,23,off,1,0,11,35,27,19,27,32,18,18,19,4,39
41,16,11,29,480,1,0,976,82,37,25,13,off,0,30,18,18,15,33,34,38,33,9,19,27,14
41,16,11,30,481,1,0,978,82,29,17,5,off,0,31,34,10,24,10,38,35,26,0,36,3,11
41,16,11,31,482,1,0,980,82,23,11,40,off,0,25,28,1,12,15,30,18,1,8,28,13,37
41,16,11,32,483,1,0,982,82,19,7,36,off,0,6,15,28,6,26,3,9,7,11,25,38,4
41,16,11,33,484,1,0,984,83,17,5,34,off,0,26,34,26,3,18,20,18,37,16,24,16,6
41,16,11,34,485,1,0,986,82,17,5,34,off,1,0,26,27,37,12,8,38,3,9,21,35,12
41,16,11,35,486,1,0,988,83,19,7,36,off,0,15,19,39,24,6,17,23,15,21,34,35,37
41,16,11,36,487,1,0,990,83,23,11,40,off,0,28,32,5,26,24,35,38,31,6,13,29,15
41,16,11,37,488,1,0,992,83,29,17,5,off,0,34,9,8,4,22,31,32,0,4,13,16,22
41,16,11,38,489,1,0,994,83,37,25,13,off,0,26,4,19,35,37,0,14,15,10,33,37,9
41,16,11,39,490,1,0,996,84,6,35,23,off,0,35,9,28,7,37,19,19,18,37,35,7,6
41,16,11,40,491,1,0,998,83,18,6,35,off,0,38,19,39,28,3,6,8,28,20,27,5,38
41,16,12,27,519,1,0,1054,88,35,22,9,off,0,18,13,38,20,19,18,37,26,25,20,22,17
41,16,12,28,520,1,0,1056,89,23,10,38,off,0,31,38,31,32,14,14,7,20,22,4,14,10
41,16,12,29,521,1,0,1058,88,13,0,28,qm,0,2,30,0,18,8,14,26,31,11,32,2,27
41,16,12,30,522,1,0,1060,89,5,33,20,off,0,2,29,40,23,38,25,39,33,2,24,33,22
41,16,12,31,523,1,0,1062,89,40,27,14,off,0,29,24,1,3,0,22,19,12,27,3,23,21
41,16,12,32,524,1,0,1064,89,36,23,10,off,0,40,2,0,16,12,8,21,26,34,13,10,27
41,16,12,33,525,1,0,1066,89,34,21,8,off,0,24,15,12,39,27,14,40,35,0,22,6,24
41,16,12,34,526,1,0,1068,90,34,21,8,off,0,13,18,30,30,20,27,7,5,24,5,4,5
41,16,12,35,527,1,0,1070,89,36,23,10,off,0,26,40,0,10,23,7,12,4,32,30,12,24
41,16,12,36,528,1,0,1072,90,40,27,14,off,0,2,33,18,37,24,37,5,32,3,27,35,33
41,16,12,37,529,1,0,1074,90,5,33,20,off,0,28,6,37,1,2,4,40,19,35,27,35,26
41,16,12,38,530,0,1,1076,90,13,0,28,qm,-1,0,0,0,0,0,0,0,0,0,0,0,0
41,16,12,39,531,1,0,1078,90,23,10,38,off,0,34,18,21,4,0,31,4,9,35,32,17,15
41,16,12,40,532,1,0,1080,91,35,22,9,off,0,10,30,13,38,17,20,40,20,25,0,20,22
41,16,13,27,560,1,0,1136,95,9,36,22,off,0,9,21,1,33,22,37,4,15,15,14,4,6
41,16,13,28,561,1,0,1138,95,38,24,10,off,0,28,33,1,34,23,27,10,38,34,36,5,26
41,16,13,29,562,1,0,1140,96,28,14,0,q1,0,13,30,30,27,34,31,23,6,11,16,10,13
41,16,13,30,563,1,0,1142,95,20,6,33,off,0,39,25,18,26,22,37,0,21,33,13,13,31
41,16,13,31,564,0,1,1144,96,14,0,27,qm,-1,0,0,0,0,0,0,0,0,0,0,0,0
41,16,13,32,565,1,0,1146,96,10,37,23,off,0,11,38,9,22,15,39,35,21,20,4,11,37
41,16,13,33,566,1,0,1148,96,8,35,21,off,0,25,1,5,37,24,4,12,24,21,10,3,8
41,16,13,34,567,1,0,1150,96,8,35,21,off,0,22,15,39,14,22,35,35,12,11,25,31,36
41,16,13,35,568,1,0,1152,97,10,37,23,off,0,25,9,10,13,38,14,18,22,10,32,25,10
41,16,13,36,569,0,1,1154,96,14,0,27,qm,-1,0,0,0,0,0,0,0,0,0,0,0,0
41,16,13,37,570,1,0,1156,97,20,6,33,off,0,10,40,32,20,29,18,30,5,19,30,29,37
41,16,13,38,571,1,0,1158,97,28,14,0,q1,0,14,4,5,39,38,20,29,37,9,13,12,22
41,16,13,39,572,1,0,1160,97,38,24,10,off,0,36,36,4,18,8,34,10,0,26,12,0,12
41,16,13,40,573,1,0,1162,97,9,36,22,off,0,29,8,33,31,19,32,36,23,19,6,18,18
41,16,14,27,601,1,0,1218,102,22,7,33,off,0,14,34,11,23,6,3,18,31,2,11,1,31
41,16,14,28,602,1,0,1220,102,10,36,21,off,0,7,36,17,10,23,38,2,2,32,6,33,9
41,16,14,29,603,1,0,1222,102,0,26,11,q0,0,6,26,35,5,11,3,25,14,4,23,30,13
41,16,14,30,604,1,0,1224,103,33,18,3,off,0,31,12,39,29,31,17,32,27,16,6,22,13
41,16,14,31,605,1,0,1226,102,27,12,38,off,0,10,32,27,19,4,1,14,7,30,34,23,38
41,16,14,32,606,1,0,1228,103,23,8,34,off,0,34,17,28,30,21,23,14,2,6,29,25,22
41,16,14,33,607,1,0,1230,103,21,6,32,off,0,37,10,25,25,24,26,21,15,26,26,27,27
41,16,14,34,608,1,0,1232,103,21,6,32,off,0,39,15,1,26,26,20,34,10,16,1,17,3
41,16,14,35,609,1,0,1234,103,23,8,34,off,0,35,1,7,5,2,29,1,34,5,23,10,34
41,16,14,36,610,1,0,1236,104,27,12,38,off,0,14,8,5,18,21,13,32,36,16,3,6,33
41,16,14,37,611,1,0,1238,103,33,18,3,off,0,39,9,33,33,18,37,27,36,17,36,14,35
41,16,14,38,612,1,0,1240,104,0,26,11,q0,0,9,4,24,32,10,0,33,14,37,37,13,15
41,16,14,39,613,1,0,1242,104,10,36,21,off,0,11,16,8,7,29,6,15,16,4,11,3,27
41,16,14,40,614,1,0,1244,104,22,7,33,off,0,25,23,25,38,38,25,18,32,0,10,12,7
41,16,15,27,642,1,0,1300,109,33,17,1,off,0,18,12,29,9,3,33,13,19,24,33,22,7
41,16,15,28,643,1,0,1302,109,21,5,30,off,0,17,15,12,35,1,36,33,36,11,27,36,28
41,16,15,29,644,1,0,1304,109,11,36,20,off,0,20,32,31,32,17,22,16,0,27,8,40,5
41,16,15,30,645,1,0,1306,109,3,28,12,off,0,3,24,28,30,27,40,23,31,8,22,31,40
41,16,15,31,646,1,0,1308,110,38,22,6,off,0,14,11,7,34,0,31,5,38,26,3,8,23
41,16,15,32,647,1,0,1310,109,34,18,2,off,0,34,0,22,1,35,6,36,22,30,11,0,14
41,16,15,33,648,1,0,1312,110,32,16,0,q1,0,27,14,6,22,37,21,1,36,36,0,23,22
41,16,15,34,649,1,0,1314,110,32,16,0,q1,0,18,37,16,26,36,37,34,30,25,0,13,38
41,16,15,35,650,1,0,1316,110,34,18,2,off,0,39,11,9,15,24,21,35,24,18,28,15,37
41,16,15,36,651,1,0,1318,110,38,22,6,off,0,1,8,20,7,0,8,15,40,12,3,24,2
41,16,15,37,652,1,0,1320,111,3,28,12,off,0,22,27,15,20,35,5,39,3,18,23,17,1
41,16,15,38,653,1,0,1322,110,11,36,20,off,0,11,11,20,16,0,5,24,32,13,21,31,9
41,16,15,39,654,1,0,1324,111,21,5,30,off,0,26,13,38,6,3,39,8,33,33,9,30,20
41,16,15,40,655,1,0,1326,111,33,17,1,off,0,30,37,23,34,23,8,37,10,10,6,25,21
41,16,16,27,683,1,0,1382,115,1,25,8,off,0,34,2,6,12,14,30,21,20,8,37,2,8
41,16,16,28,684,1,0,1384,116,30,13,37,off,0,23,14,32,28,40,1,40,11,19,38,2,12
41,16,16,29,685,1,0,1386,116,20,3,27,off,0,12,14,14,28,11,0,30,10,39,40,27,22
41,16,16,30,686,1,0,1388,116,12,36,19,off,0,15,37,33,0,7,33,19,23,5,5,26,1
41,16,16,31,687,1,0,1390,116,6,30,13,off,0,40,5,9,7,38,2,12,18,39,19,1,35
41,16,16,32,688,1,0,1392,117,2,26,9,off,1,0,10,11,9,11,24,13,1,3,2,31,12
41,16,16,33,689,1,0,1394,116,0,24,7,q0,0,6,3,7,19,32,18,40,9,28,27,30,6
41,16,16,34,690,1,0,1396,117,0,24,7,q0,0,21,24,29,35,28,31,32,1,25,23,29,40
41,16,16,35,691,1,0,1398,117,2,26,9,off,1,0,21,34,3,35,17,0,1,24,13,16,24
41,16,16,36,692,1,0,1400,117,6,30,13,off,0,5,11,23,28,10,24,15,32,40,24,11,9
41,16,16,37,693,1,0,1402,117,12,36,19,off,0,31,8,31,11,29,23,21,37,13,6,4,28
41,16,16,38,694,1,0,1404,118,20,3,27,off,1,0,2,3,27,12,19,0,3,12,24,26,17
41,16,16,39,695,1,0,1406,117,30,13,37,off,0,25,11,2,11,17,9,40,9,37,36,32,4
41,16,16,40,696,1,0,1408,118,1,25,8,off,0,40,8,23,6,40,30,14,29,30,18,30,28
41,16,17,27,724,1,0,1464,123,8,31,13,off,0,28,10,18,29,8,14,17,26,8,31,0,2
41,16,17,28,725,1,0,1466,122,37,19,1,off,0,31,6,32,4,31,7,38,20,11,20,36,29
41,16,17,29,726,1,0,1468,123,27,9,32,off,0,37,16,11,16,2,36,38,33,7,35,17,40
41,16,17,30,727,1,0,1470,123,19,1,24,off,0,10,37,20,14,8,4,19,29,1,1,40,13
41,16,17,31,728,1,0,1472,123,13,36,18,off,0,14,1,37,37,11,2,7,25,15,30,12,4
41,16,17,32,729,1,0,1474,123,9,32,14,off,0,3,23,14,4,7,36,31,39,4,28,31,18
41,16,17,33,730,1,0,1476,124,7,30,12,off,0,26,26,28,29,23,22,39,13,38,9,4,30
41,16,17,34,731,1,0,1478,123,7,30,12,off,1,0,26,11,2,34,33,9,27,22,14,8,3
41,16,17,35,732,1,0,1480,124,9,32,14,off,0,23,30,26,38,31,13,11,39,35,4,14,24
41,16,17,36,733,1,0,1482,124,13,36,18,off,0,1,36,12,30,18,25,7,12,24,12,12,12
41,16,17,37,734,1,0,1484,124,19,1,24,off,0,37,18,32,36,39,18,1,2,32,23,4,9
41,16,17,38,735,1,0,1486,124,27,9,32,off,0,16,15,7,21,1,25,19,35,28,14,29,18
41,16,17,39,736,1,0,1488,125,37,19,1,off,0,14,15,15,17,12,26,10,23,7,23,21,31
41,16,17,40,737,1,0,1490,124,8,31,13,off,0,10,20,36,20,13,39,25,4,33,0,14,15
41,16,18,27,765,1,0,1546,129,13,35,16,off,0,33,14,24,14,10,16,30,15,39,18,25,17
41,16,18,28,766,1,0,1548,130,1,23,4,off,0,3,31,9,22,12,17,27,23,24,22,21,36
41,16,18,29,767,1,0,1550,129,32,13,35,off,0,3,29,37,10,23,36,37,15,12,36,25,2
41,16,18,30,768,1,0,1552,130,24,5,27,off,0,25,6,29,12,35,7,39,1,6,37,35,17
41,16,18,31,769,1,0,1554,130,18,40,21,off,0,34,12,14,10,12,8,39,5,5,10,31,24
41,16,18,32,770,1,0,1556,130,14,36,17,off,0,11,38,40,20,28,19,30,16,5,17,18,24
41,16,18,33,771,1,0,1558,130,12,34,15,off,0,17,5,28,10,33,1,31,6,15,22,12,7
41,16,18,34,772,1,0,1560,131,12,34,15,off,0,24,14,9,15,37,35,34,15,24,14,21,6
41,16,18,35,773,1,0,1562,130,14,36,17,off,0,1,22,9,33,40,32,23,34,24,14,38,35
41,16,18,36,774,1,0,1564,131,18,40,21,off,0,31,17,29,20,20,13,7,39,10,19,39,1
41,16,18,37,775,1,0,1566,131,24,5,27,off,0,6,9,34,8,28,33,24,22,1,22,14,8
41,16,18,38,776,1,0,1568,131,32,13,35,off,0,14,27,27,38,21,7,17,31,9,39,14,29
41,16,18,39,777,1,0,1570,131,1,23,4,off,0,15,16,16,38,37,13,20,11,24,27,27,19
41,16,18,40,778,1,0,1572,132,13,35,16,off,0,7,32,10,8,29,7,1,13,25,24,16,33
41,16,19,27,806,1,0,1628,136,16,37,17,off,0,1,32,6,16,5,0,27,2,9,39,14,6
41,16,19,28,807,1,0,1630,136,4,25,5,off,0,40,33,9,20,3,19,35,40,8,28,40,36
41,16,19,29,808,1,0,1632,137,35,15,36,off,0,25,40,2,14,24,22,30,31,19,36,20,34
41,16,19,30,809,1,0,1634,136,27,7,28,off,0,34,28,39,1,12,14,17,20,6,10,14,33
41,16,19,31,810,1,0,1636,137,21,1,22,off,0,3,8,18,8,40,6,21,23,37,8,6,29
41,16,19,32,811,1,0,1638,137,17,38,18,off,0,31,14,31,2,16,28,20,29,6,37,10,11
41,16,19,33,812,1,0,1640,137,15,36,16,off,0,34,15,6,24,15,12,40,4,40,15,31,35
41,16,19,34,813,1,0,1642,137,15,36,16,off,0,25,20,14,39,24,23,21,2,19,17,6,14
41,16,19,35,814,1,0,1644,138,17,38,18,off,0,12,14,27,5,15,19,19,29,2,14,3,36
41,16,19,36,815,1,0,1646,137,21,1,22,off,0,40,30,18,11,40,39,16,2,26,33,2,12
41,16,19,37,816,1,0,1648,138,27,7,28,off,1,0,17,2,28,6,3,19,0,30,13,5,1
41,16,19,38,817,1,0,1650,138,35,15,36,off,0,6,5,36,31,24,10,20,21,3,5,3,23
41,16,19,39,818,1,0,1652,138,4,25,5,off,0,36,0,5,12,8,34,1,5,0,36,34,9
41,16,19,40,819,1,0,1654,138,16,37,17,off,0,1,36,36,9,14,9,0,25,12,38,11,33
41,16,20,27,847,1,0,1710,143,17,37,16,off,0,31,15,9,5,25,37,31,10,27,40,31,21
41,16,20,28,848,1,0,1712,143,5,25,4,off,0,22,33,36,33,2,34,28,3,23,2,24,37
41,16,20,29,849,1,0,1714,143,36,15,35,off,0,8,18,40,11,25,38,7,29,28,18,14,39
41,16,20,30,850,1,0,1716,144,28,7,27,off,0,40,2,12,17,6,3,27,12,37,39,29,6
41,16,20,31,851,1,0,1718,143,22,1,21,off,0,6,13,6,27,6,37,32,3,19,37,6,35
41,16,20,32,852,1,0,1720,144,18,38,17,off,0,2,25,16,29,19,18,28,22,21,36,40,23
41,16,20,33,853,1,0,1722,144,16,36,15,off,0,5,12,6,33,22,2,3,38,8,8,28,22
41,16,20,34,854,1,0,1724,144,16,36,15,off,0,23,18,15,13,17,11,40,39,27,35,7,7
41,16,20,35,855,1,0,1726,144,18,38,17,off,0,31,28,4,39,35,12,2,5,38,13,16,2
41,16,20,36,856,1,0,1728,145,22,1,21,off,0,16,34,22,18,40,12,34,30,32,22,22,34
41,16,20,37,857,1,0,1730,144,28,7,27,off,0,8,22,7,25,22,21,1,16,6,29,11,13
41,16,20,38,858,1,0,1732,145,36,15,35,off,0,37,37,25,33,32,8,8,38,25,18,19,10
41,16,20,39,859,1,0,1734,145,5,25,4,off,0,25,8,28,39,39,40,29,29,8,37,30,40
41,16,20,40,860,1,0,1736,145,17,37,16,off,0,39,0,5,20,23,39,12,37,39,25,6,13
41,16,21,27,888,1,0,1792,150,16,35,13,off,0,26,17,36,21,2,10,16,0,36,8,22,5
41,16,21,28,889,1,0,1794,150,4,23,1,off,0,15,16,15,20,34,22,11,3,28,35,6,9
41,16,21,29,890,1,0,1796,150,35,13,32,off,0,6,16,22,11,16,22,15,25,29,11,11,6
41,16,21,30,891,1,0,1798,150,27,5,24,off,0,25,10,35,32,33,7,36,20,25,20,4,2
41,16,21,31,892,1,0,1800,151,21,40,18,off,0,30,18,27,24,32,2,21,32,11,28,14,7
41,16,21,32,893,1,0,1802,150,17,36,14,off,0,30,22,24,24,26,15,33,19,14,12,25,3
41,16,21,33,894,1,0,1804,151,15,34,12,off,0,22,0,23,0,17,18,20,24,40,15,0,21
41,16,21,34,895,1,0,1806,151,15,34,12,off,0,1,0,34,0,11,20,24,20,5,22,0,40
41,16,21,35,896,1,0,1808,151,17,36,14,off,0,37,28,39,19,0,30,25,4,33,2,27,36
41,16,21,36,897,1,0,1810,151,21,40,18,off,0,8,28,1,17,40,23,22,38,24,28,1,22
41,16,21,37,898,1,0,1812,152,27,5,24,off,0,15,35,18,11,38,37,1,40,12,10,17,38
41,16,21,38,899,1,0,1814,151,35,13,32,off,0,20,3,22,32,9,12,2,2,13,25,4,4
41,16,21,39,900,1,0,1816,152,4,23,1,off,0,32,32,37,22,12,8,22,37,15,10,20,21
41,16,21,40,901,1,0,1818,152,16,35,13,off,0,13,27,16,2,37,4,10,17,38,24,38,14
41,16,22,27,929,1,0,1874,156,13,31,8,off,0,18,8,1,22,17,2,40,1,5,40,4,22
41,16,22,28,930,1,0,1876,157,1,19,37,off,0,23,28,7,39,21,37,5,2,34,9,34,15
41,16,22,29,931,1,0,1878,157,32,9,27,off,0,33,24,35,5,5,23,19,25,25,32,5,33
41,16,22,30,932,1,0,1880,157,24,1,19,off,0,10,40,13,0,15,9,36,17,16,8,8,14
41,16,22,31,933,1,0,1882,157,18,36,13,off,0,12,7,4,21,14,35,37,30,27,9,15,0
41,16,22,32,934,1,0,1884,158,14,32,9,off,1,0,10,18,35,5,16,23,4,12,38,29,39
41,16,22,33,935,1,0,1886,157,12,30,7,off,0,21,40,5,34,22,26,18,33,2,29,30,25
41,16,22,34,936,1,0,1888,158,12,30,7,off,0,40,38,6,3,8,5,30,10,18,40,15,18
41,16,22,35,937,1,0,1890,158,14,32,9,off,1,0,21,37,39,1,25,0,4,14,1,11,37
41,16,22,36,938,1,0,1892,158,18,36,13,off,0,17,8,34,8,1,23,25,29,11,0,22,13
41,16,22,37,939,1,0,1894,158,24,1,19,off,0,27,35,7,13,16,33,14,10,32,10,8,13
41,16,22,38,940,1,0,1896,159,32,9,27,off,0,3,31,36,34,15,31,16,16,40,6,7,23
41,16,22,39,941,1,0,1898,158,1,19,37,off,0,2,9,40,32,7,3,40,24,13,39,3,13
41,16,22,40,942,1,0,1900,159,13,31,8,off,0,31,14,39,27,32,34,6,4,30,36,14,12
41,16,23,27,970,1,0,1956,164,8,25,1,off,0,1,18,17,34,10,1,0,10,21,10,27,39
41,16,23,28,971,1,0,1958,163,37,13,30,off,0,13,13,16,8,39,3,15,6,24,2,37,38
41,16,23,29,972,1,0,1960,164,27,3,20,off,0,1,8,18,6,12,17,37,24,26,14,31,14
41,16,23,30,973,1,0,1962,164,19,36,12,off,0,10,17,24,35,28,33,5,20,30,9,14,17
41,16,23,31,974,1,0,1964,164,13,30,6,off,0,11,14,9,30,32,11,6,7,36,34,21,8
41,16,23,32,975,1,0,1966,164,9,26,2,off,0,19,11,30,39,37,21,14,17,16,36,39,33
41,16,23,33,976,1,0,1968,165,7,24,0,q1,0,23,8,23,25,18,30,40,10,14,4,6,38
41,16,23,34,977,1,0,1970,164,7,24,0,q1,1,0,23,16,28,18,8,16,34,39,3,40,25
41,16,23,35,978,1,0,1972,165,9,26,2,off,0,11,35,28,31,1,31,9,33,4,9,12,33
41,16,23,36,979,1,0,1974,165,13,30,6,off,0,14,1,33,9,17,39,20,37,19,21,24,32
41,16,23,37,980,1,0,1976,165,19,36,12,off,0,17,38,39,3,4,22,12,19,1,6,21,13
41,16,23,38,981,1,0,1978,165,27,3,20,off,0,8,32,18,3,13,6,25,7,3,40,4,36
41,16,23,39,982,1,0,1980,166,37,13,30,off,0,34,13,24,6,40,33,5,30,33,32,2,1
41,16,23,40,983,1,0,1982,165,8,25,1,off,0,18,28,21,25,39,0,38,31,8,22,27,28
41,16,24,27,1011,1,0,2038,170,1,17,33,off,0,39,8,22,1,35,9,20,37,12,19,16,26
41,16,24,28,1012,1,0,2040,171,30,5,21,off,0,16,30,9,26,7,9,29,9,21,9,29,33
41,16,24,29,1013,1,0,2042,170,20,36,11,off,0,38,16,10,20,31,3,16,32,21,27,14,17
41,16,24,30,1014,1,0,2044,171,12,28,3,off,0,26,24,33,5,0,12,39,15,9,40,10,37
41,16,24,31,1015,1,0,2046,171,6,22,38,off,0,17,26,39,6,3,11,4,16,3,10,39,20
41,16,24,32,1016,1,0,2048,171,2,18,34,off,0,14,8,11,3,7,19,32,13,21,34,27,0
41,16,24,33,1017,1,0,2050,171,0,16,32,q0,0,39,36,18,7,29,24,12,17,17,34,31,22
41,16,24,34,1018,1,0,2052,172,0,16,32,q0,0,27,26,18,3,27,16,22,12,11,26,8,16
41,16,24,35,1019,1,0,2054,171,2,18,34,off,0,5,37,24,7,10,32,30,2,27,28,16,0
41,16,24,36,1020,1,0,2056,172,6,22,38,off,0,11,30,36,1,31,12,40,6,10,29,7,37
41,16,24,37,1021,1,0,2058,172,12,28,3,off,0,27,33,27,25,28,20,16,38,31,29,16,33
41,16,24,38,1022,1,0,2060,172,20,36,11,off,0,28,34,16,35,8,14,15,38,21,31,24,33
41,16,24,39,1023,1,0,2062,172,30,5,21,off,0,1,40,33,40,1,35,24,17,21,10,29,36
41,16,24,40,1024,1,0,2064,173,1,17,33,off,0,28,17,38,10,11,14,29,3,34,19,31,18
41,16,25,27,1052,1,0,2120,177,33,7,22,off,0,12,21,30,33,32,1,6,12,1,21,10,25
41,16,25,28,1053,1,0,2122,177,21,36,10,off,0,22,0,38,40,23,12,29,17,30,23,28,38
41,16,25,29,1054,1,0,2124,178,11,26,0,q1,1,0,29,6,33,8,5,16,7,3,40,34,10
41,16,25,30,1055,1,0,2126,177,3,18,33,off,0,14,39,4,35,8,15,24,20,6,15,19,3
41,16,25,31,1056,1,0,2128,178,38,12,27,off,0,30,1,31,29,10,1,5,4,36,37,19,19
41,16,25,32,1057,1,0,2130,178,34,8,23,off,0,19,8,13,10,16,0,12,27,29,25,0,32
41,16,25,33,1058,1,0,2132,178,32,6,21,off,0,15,1,17,27,22,30,36,15,28,35,0,36
41,16,25,34,1059,1,0,2134,178,32,6,21,off,0,5,15,26,8,27,37,23,28,1,26,0,39
41,16,25,35,1060,1,0,2136,179,34,8,23,off,0,17,22,12,24,40,13,29,30,19,8,5,19
41,16,25,36,1061,1,0,2138,178,38,12,27,off,0,31,14,31,4,10,27,37,36,12,4,20,22
41,16,25,37,1062,1,0,2140,179,3,18,33,off,0,13,36,3,22,37,37,2,1,23,2,13,33
41,16,25,38,1063,1,0,2142,179,11,26,0,q1,0,40,26,38,5,30,32,27,23,16,18,25,34
41,16,25,39,1064,1,0,2144,179,21,36,10,off,0,7,28,9,18,29,34,13,20,2,19,40,20
41,16,25,40,1065,1,0,2146,179,33,7,22,off,0,36,25,39,5,19,27,10,27,19,17,23,21
41,16,26,27,1093,1,0,2202,184,22,36,9,off,0,15,39,24,16,31,29,23,2,21,32,7,22
41,16,26,28,1094,1,0,2204,184,10,24,38,off,0,3,21,39,31,32,21,24,37,32,16,1,9
41,16,26,29,1095,1,0,2206,184,0,14,28,q0,0,18,33,23,10,21,6,12,8,35,6,26,13
41,16,26,30,1096,1,0,2208,185,33,6,20,off,0,24,8,12,27,12,12,24,21,31,37,5,18
41,16,26,31,1097,0,1,2210,184,27,0,14,qm,-1,0,0,0,0,0,0,0,0,0,0,0,0
41,16,26,32,1098,1,0,2212,185,23,37,10,off,0,8,1,27,33,7,1,37,11,6,33,28,9
41,16,26,33,1099,1,0,2214,185,21,35,8,off,0,25,40,34,0,30,34,12,18,40,34,13,16
41,16,26,34,1100,1,0,2216,185,21,35,8,off,0,33,19,3,0,12,23,37,12,12,36,34,20
41,16,26,35,1101,1,0,2218,185,23,37,10,off,0,1,29,17,26,28,28,29,23,5,29,3,40
41,16,26,36,1102,0,1,2220,186,27,0,14,qm,-1,0,0,0,0,0,0,0,0,0,0,0,0
41,16,26,37,1103,1,0,2222,185,33,6,20,off,0,13,6,7,18,3,2,10,28,15,17,33,39
41,16,26,38,1104,1,0,2224,186,0,14,28,q0,0,7,8,4,1,9,19,15,1,16,0,39,15
41,16,26,39,1105,1,0,2226,186,10,24,38,off,0,31,17,32,19,8,40,23,1,0,17,32,30
41,16,26,40,1106,1,0,2228,186,22,36,9,off,0,35,11,23,21,20,36,23,40,18,29,37,33
41,16,27,28,1135,1,0,2286,191,38,10,23,off,0,26,4,31,38,37,15,16,17,21,40,7,12
41,16,27,29,1136,0,1,2288,191,28,0,13,qm,-1,0,0,0,0,0,0,0,0,0,0,0,0
41,16,27,30,1137,1,0,2290,191,20,33,5,off,0,5,21,19,21,5,11,14,26,7,33,25,6
41,16,27,31,1138,1,0,2292,192,14,27,40,off,1,0,4,26,19,0,5,16,33,35,31,36,24
41,16,27,32,1139,1,0,2294,191,10,23,36,off,0,20,14,17,25,18,5,39,27,26,7,1,2
41,16,27,33,1140,1,0,2296,192,8,21,34,off,0,14,12,39,15,26,35,40,8,11,19,10,5
41,16,27,34,1141,1,0,2298,192,8,21,34,off,0,23,20,22,14,12,7,7,34,27,6,11,31
41,16,27,35,1142,1,0,2300,192,10,23,36,off,0,27,40,19,2,37,8,34,38,24,20,18,10
41,16,27,36,1143,1,0,2302,192,14,27,40,off,1,0,29,4,22,0,37,7,11,13,31,26,11
41,16,27,37,1144,1,0,2304,193,20,33,5,off,0,35,32,32,10,30,24,23,6,32,38,9,34
41,16,27,38,1145,0,1,2306,192,28,0,13,qm,-1,0,0,0,0,0,0,0,0,0,0,0,0
41,16,27,39,1146,1,0,2308,193,38,10,23,off,0,18,35,26,33,23,11,39,37,17,14,15,11
41,16,28,29,1177,1,0,2370,198,13,25,37,off,0,12,19,11,7,4,11,30,19,10,19,20,25
41,16,28,30,1178,1,0,2372,198,5,17,29,off,0,28,30,29,18,3,38,40,5,18,1,6,10
41,16,28,31,1179,1,0,2374,198,40,11,23,off,0,12,33,7,36,12,19,16,37,13,6,32,1
41,16,28,32,1180,1,0,2376,199,36,7,19,off,0,22,8,32,16,0,12,33,16,16,20,2,30
41,16,28,33,1181,1,0,2378,198,34,5,17,off,0,25,4,12,14,33,18,38,36,10,5,24,6
41,16,28,34,1182,1,0,2380,199,34,5,17,off,0,36,15,33,30,12,5,24,0,19,32,38,13
41,16,28,35,1183,1,0,2382,199,36,7,19,off,0,4,25,2,19,0,29,0,16,5,7,5,19
41,16,28,36,1184,1,0,2384,199,40,11,23,off,0,12,22,8,2,21,3,25,15,38,31,21,21
41,16,28,37,1185,1,0,2386,199,5,17,29,off,0,10,0,37,33,30,22,31,34,40,28,14,17
41,16,28,38,1186,1,0,2388,200,13,25,37,off,0,10,34,25,15,9,3,17,37,35,36,3,8
41,16,29,30,1219,1,0,2454,205,29,40,10,off,0,26,16,23,11,5,22,39,28,8,9,28,19
41,16,29,31,1220,1,0,2456,205,23,34,4,off,0,20,30,12,17,40,4,11,2,9,4,23,4
41,16,29,32,1221,1,0,2458,205,19,30,0,q1,0,3,28,33,14,9,35,23,4,30,15,16,13
41,16,29,33,1222,1,0,2460,206,17,28,39,off,0,31,39,10,5,11,2,9,23,11,4,0,13
41,16,29,34,1223,1,0,2462,205,17,28,39,off,1,0,31,37,30,20,14,12,22,20,17,40,0
41,16,29,35,1224,1,0,2464,206,19,30,0,q1,0,28,18,9,2,29,7,19,26,29,10,1,38
41,16,29,36,1225,1,0,2466,206,23,34,4,off,0,30,15,31,1,36,10,35,40,36,23,12,38
41,16,29,37,1226,1,0,2468,206,29,40,10,off,0,16,33,31,2,30,24,25,16,1,12,9,0
41,16,30,31,1261,1,0,2538,212,4,14,24,off,0,3,32,13,26,36,2,21,39,29,30,30,17
41,16,30,32,1262,1,0,2540,212,0,10,20,q0,0,11,38,40,11,6,24,2,37,30,19,40,1
41,16,30,33,1263,1,0,2542,212,39,8,18,off,0,13,0,23,33,10,18,2,22,40,20,10,19
41,16,30,34,1264,1,0,2544,213,39,8,18,off,0,36,25,12,32,6,34,31,27,33,3,35,34
41,16,30,35,1265,1,0,2546,212,0,10,20,q0,0,1,22,9,12,32,21,7,12,21,6,7,10
41,16,30,36,1266,1,0,2548,213,4,14,24,off,0,34,29,12,27,37,16,36,21,30,36,34,22
41,16,31,32,1303,1,0,2622,219,20,29,38,off,0,22,1,26,1,24,14,22,13,30,24,2,0
41,16,31,33,1304,1,0,2624,219,18,27,36,off,0,21,14,13,13,3,22,12,29,13,0,23,21
41,16,31,34,1305,1,0,2626,219,18,27,36,off,0,7,5,3,16,13,8,35,35,40,0,19,33
41,16,31,35,1306,1,0,2628,220,20,29,38,off,0,18,27,34,7,5,34,17,0,24,6,0,7
41,16,32,33,1345,1,0,2706,226,36,3,11,off,0,19,13,15,40,18,26,27,39,37,22,8,13
41,16,32,34,1346,1,0,2708,226,36,3,11,off,0,30,40,17,17,40,20,32,26,7,4,2,6
43,12,2,33,119,1,0,250,21,27,24,21,off,0,11,19,18,29,28,21,28,36,24,33,41,41
43,12,2,42,128,1,0,268,23,27,24,21,off,0,27,34,4,19,31,21,13,5,4,36,9,25
43,12,3,33,162,1,0,336,29,21,17,13,off,0,2,38,13,41,11,16,40,14,3,15,26,31
43,12,3,34,163,1,0,338,28,13,9,5,off,0,41,23,24,4,30,9,5,10,42,42,23,21
43,12,3,41,170,1,0,352,30,13,9,5,off,0,40,10,36,24,19,5,24,13,17,24,36,7
43,12,3,42,171,1,0,354,30,21,17,13,off,0,31,0,17,37,6,21,6,10,18,28,9,9
43,12,4,33,205,1,0,422,35,13,8,3,off,0,22,17,4,5,39,13,25,31,41,28,29,16
43,12,4,34,206,1,0,424,36,5,0,38,qm,0,17,37,6,17,2,6,13,25,39,29,22,15
43,12,4,35,207,1,0,426,36,42,37,32,off,0,3,34,9,24,32,34,21,33,10,32,38,41
43,12,4,40,212,1,0,436,37,42,37,32,off,0,35,18,11,22,0,14,33,7,27,12,21,2
43,12,4,41,213,1,0,438,37,5,0,38,qm,0,1,24,17,5,10,6,33,15,29,3,1,32
43,12,4,42,214,1,0,440,37,13,8,3,off,0,6,30,38,22,13,30,0,15,2,8,32,16
43,12,5,33,248,1,0,508,43,3,40,34,off,0,42,11,40,8,16,6,35,14,18,6,12,37
43,12,5,34,249,1,0,510,43,38,32,26,off,0,7,24,33,29,26,5,27,28,21,37,11,19
43,12,5,35,250,1,0,512,43,32,26,20,off,0,20,2,19,6,27,19,20,30,17,41,15,10
43,12,5,36,251,1,0,514,43,28,22,16,off,0,34,15,6,15,30,33,31,23,31,26,10,32
43,12,5,39,254,1,0,520,44,28,22,16,off,0,35,14,31,23,22,28,37,2,41,28,2,18
43,12,5,40,255,1,0,522,44,32,26,20,off,0,37,20,4,37,13,35,36,14,13,10,22,22
43,12,5,41,256,1,0,524,44,38,32,26,off,0,16,21,12,7,30,20,30,24,26,27,8,22
43,12,5,42,257,1,0,526,44,3,40,34,off,0,3,29,34,14,37,15,35,7,20,26,6,20
43,12,6,33,291,1,0,594,50,34,27,20,off,0,11,11,6,5,21,34,25,12,39,38,24,16
43,12,6,34,292,1,0,596,50,26,19,12,off,0,6,16,15,30,4,22,14,1,2,23,30,3
43,12,6,35,293,1,0,598,50,20,13,6,off,0,31,32,20,35,24,41,1,17,8,13,15,3
43,12,6,36,294,1,0,600,51,16,9,2,off,0,24,13,18,5,33,16,7,25,5,38,27,35
43,12,6,37,295,1,0,602,50,14,7,0,q1,0,34,19,39,16,18,15,26,6,5,4,33,1
43,12,6,38,296,1,0,604,51,14,7,0,q1,0,1,36,13,36,42,5,13,33,3,5,39,13
43,12,6,39,297,1,0,606,51,16,9,2,off,0,21,22,33,3,39,16,41,27,5,19,0,14
43,12,6,40,298,1,0,608,51,20,13,6,off,0,22,31,27,4,13,21,21,17,39,30,14,19
43,12,6,41,299,1,0,610,51,26,19,12,off,0,14,30,0,30,2,14,37,3,18,24,16,8
43,12,6,42,300,1,0,612,52,34,27,20,off,0,12,9,12,18,24,21,10,37,19,12,3,8
43,12,7,33,334,1,0,680,57,20,12,4,off,0,2,25,9,6,31,9,4,8,5,28,13,33
43,12,7,34,335,1,0,682,57,12,4,39,off,0,8,23,1,29,12,36,14,23,33,9,3,3
43,12,7,35,336,1,0,684,58,6,41,33,off,0,10,37,21,14,1,21,32,12,31,38,16,24
43,12,7,36,337,1,0,686,57,2,37,29,off,0,23,40,28,7,37,34,7,41,20,19,17,34
43,12,7,37,338,1,0,688,58,0,35,27,q0,0,36,15,40,13,41,3,23,25,2,1,13,29
43,12,7,38,339,1,0,690,58,0,35,27,q0,0,24,25,35,19,5,17,10,34,3,24,24,23
43,12,7,39,340,1,0,692,58,2,37,29,off,0,31,3,24,31,15,6,25,2,21,13,7,22
43,12,7,40,341,1,0,694,58,6,41,33,off,0,18,38,32,40,13,6,28,19,28,33,3,9
43,12,7,41,342,1,0,696,59,12,4,39,off,0,41,27,9,15,7,31,12,19,10,37,4,25
43,12,7,42,343,1,0,698,58,20,12,4,off,0,9,17,3,23,9,11,2,4,9,30,11,40
43,12,8,33,377,1,0,766,64,4,38,29,off,0,41,5,16,0,33,25,20,6,29,40,14,0
43,12,8,34,378,1,0,768,65,39,30,21,off,0,28,38,32,38,7,35,15,29,13,6,1,42
43,12,8,35,379,1,0,770,64,33,24,15,off,0,26,15,15,23,0,39,40,23,3,11,21,9
43,12,8,36,380,1,0,772,65,29,20,11,off,0,25,32,6,18,18,24,25,26,29,38,41,30
43,12,8,37,381,1,0,774,65,27,18,9,off,0,13,37,35,33,35,18,39,10,20,29,23,34
43,12,8,38,382,1,0,776,65,27,18,9,off,0,28,34,23,8,7,13,17,32,41,39,5,4
43,12,8,39,383,1,0,778,65,29,20,11,off,0,30,22,40,30,17,37,34,36,13,40,39,14
43,12,8,40,384,1,0,780,66,33,24,15,off,0,13,29,0,32,5,28,1,17,35,1,42,30
43,12,8,41,385,1,0,782,65,39,30,21,off,0,34,4,11,5,36,5,36,6,38,33,19,34
43,12,8,42,386,1,0,784,66,4,38,29,off,0,20,22,40,29,10,24,40,24,2,20,29,36
43,12,9,33,420,1,0,852,72,29,19,9,off,0,30,34,37,34,22,29,25,31,34,17,34,39
43,12,9,34,421,1,0,854,71,21,11,1,off,0,13,7,23,7,6,8,19,23,23,21,29,15
43,12,9,35,422,1,0,856,72,15,5,38,off,0,29,19,9,38,41,17,15,25,21,10,27,3
43,12,9,36,423,1,0,858,72,11,1,34,off,0,3,21,2,30,14,0,5,14,14,3,34,32
43,12,9,37,424,1,0,860,72,9,42,32,off,0,13,10,26,32,16,18,6,32,20,13,1,18
43,12,9,38,425,1,0,862,72,9,42,32,off,0,33,42,32,35,12,10,38,34,9,21,39,32
43,12,9,39,426,1,0,864,73,11,1,34,off,0,22,20,17,21,12,9,14,19,25,21,39,28
43,12,9,40,427,1,0,866,72,15,5,38,off,0,21,13,38,37,7,2,13,21,18,11,1,2
43,12,9,41,428,1,0,868,73,21,11,1,off,0,11,30,33,8,18,32,29,30,13,2,37,31
43,12,9,42,429,1,0,870,73,29,19,9,off,0,28,8,32,5,40,32,26,34,40,7,13,24
43,12,10,33,463,1,0,938,78,9,41,30,off,0,12,28,20,30,40,28,22,7,3,42,37,27
43,12,10,34,464,1,0,940,79,1,33,22,off,0,24,36,1,4,34,25,37,5,7,22,22,28
43,12,10,35,465,1,0,942,79,38,27,16,off,0,27,31,32,38,25,34,24,18,2,28,22,34
43,12,10,36,466,1,0,944,79,34,23,12,off,0,39,37,22,38,10,16,6,27,1,20,4,35
43,12,10,37,467,1,0,946,79,32,21,10,off,0,3,20,0,2,37,22,3,4,20,19,27,4
43,12,10,38,468,1,0,948,80,32,21,10,off,0,11,42,31,42,1,2,39,37,38,31,24,31
43,12,10,39,469,1,0,950,79,34,23,12,off,0,39,6,2,19,31,1,37,0,1,31,22,4
43,12,10,40,470,1,0,952,80,38,27,16,off,0,40,41,2,42,33,12,20,0,36,23,21,9
43,12,10,41,471,1,0,954,80,1,33,22,off,0,10,25,39,8,10,26,4,37,21,40,13,31
43,12,10,42,472,1,0,956,80,9,41,30,off,0,38,22,23,1,3,15,31,39,9,7,38,33
43,12,11,33,506,1,0,1024,86,30,18,6,off,0,32,37,3,24,11,8,34,26,29,24,37,39
43,12,11,34,507,1,0,1026,86,22,10,41,off,0,14,17,19,26,9,3,12,34,29,26,5,9
43,12,11,35,508,1,0,1028,86,16,4,35,off,0,34,31,18,9,35,15,14,3,24,13,31,17
43,12,11,36,509,0,1,1030,86,12,0,31,qm,-1,0,0,0,0,0,0,0,0,0,0,0,0
43,12,11,37,510,1,0,1032,87,10,41,29,off,0,13,23,16,30,8,15,1,40,37,20,29,2
43,12,11,38,511,1,0,1034,86,10,41,29,off,1,0,13,3,5,34,40,4,7,19,32,28,18
43,12,11,39,512,0,1,1036,87,12,0,31,qm,-1,0,0,0,0,0,0,0,0,0,0,0,0
43,12,11,40,513,1,0,1038,87,16,4,35,off,0,31,17,37,21,5,31,25,5,1,1,14,24
43,12,11,41,514,1,0,1040,87,22,10,41,off,0,17,24,16,9,25,29,23,14,33,30,9,35
43,12,11,42,515,1,0,1042,87,30,18,6,off,0,37,31,37,4,4,34,17,36,23,12,32,22
43,12,12,33,549,1,0,1110,93,6,36,23,off,0,34,28,13,35,14,8,7,15,24,9,41,20
43,12,12,34,550,1,0,1112,93,41,28,15,off,0,38,7,13,28,16,17,7,29,22,2,19,1
43,12,12,35,551,1,0,1114,93,35,22,9,off,0,19,29,40,27,40,11,1,40,42,37,13,26
43,12,12,36,552,1,0,1116,94,31,18,5,off,0,34,2,22,5,25,23,22,16,37,2,30,13
43,12,12,37,553,1,0,1118,93,29,16,3,off,0,11,31,5,39,35,14,9,39,12,1,6,19
43,12,12,38,554,1,0,1120,94,29,16,3,off,0,36,0,25,24,7,8,26,2,38,41,1,10
43,12,12,39,555,1,0,1122,94,31,18,5,off,0,36,39,27,33,28,6,39,35,20,22,36,28
43,12,12,40,556,1,0,1124,94,35,22,9,off,0,22,28,33,42,33,7,39,34,29,29,5,26
43,12,12,41,557,1,0,1126,94,41,28,15,off,0,9,17,23,20,19,25,8,41,34,13,6,20
43,12,12,42,558,1,0,1128,95,6,36,23,off,0,41,4,5,0,20,8,8,39,28,28,40,32
43,12,13,33,592,1,0,1196,100,23,9,38,off,0,14,20,7,8,2,4,32,22,38,3,38,22
43,12,13,34,593,1,0,1198,100,15,1,30,off,0,33,4,42,10,24,10,17,39,33,40,14,35
43,12,13,35,594,1,0,1200,101,9,38,24,off,0,4,25,11,30,1,16,0,23,8,16,9,39
43,12,13,36,595,1,0,1202,100,5,34,20,off,0,1,39,39,16,7,28,11,31,19,23,2,21
43,12,13,37,596,1,0,1204,101,3,32,18,off,0,18,33,33,14,23,27,9,8,29,24,19,14
43,12,13,38,597,1,0,1206,101,3,32,18,off,0,12,12,2,37,7,24,17,4,22,17,2,20
43,12,13,39,598,1,0,1208,101,5,34,20,off,0,36,25,26,31,27,31,18,11,22,42,21,40
43,12,13,40,599,1,0,1210,101,9,38,24,off,0,23,9,10,11,30,29,0,37,7,36,1,31
43,12,13,41,600,1,0,1212,102,15,1,30,off,0,7,31,30,39,12,34,27,14,21,38,24,24
43,12,13,42,601,1,0,1214,101,23,9,38,off,0,12,13,10,13,25,1,4,23,24,17,0,41
43,12,14,33,635,1,0,1282,107,38,23,8,off,0,34,22,19,15,25,32,13,34,32,15,20,31
43,12,14,34,636,1,0,1284,108,30,15,0,q1,0,22,40,1,34,4,33,15,14,26,13,34,28
43,12,14,35,637,1,0,1286,107,24,9,37,off,0,33,17,41,32,37,36,33,30,3,41,7,28
43,12,14,36,638,1,0,1288,108,20,5,33,off,0,38,23,23,23,16,10,26,2,14,31,24,33
43,12,14,37,639,1,0,1290,108,18,3,31,off,0,32,37,37,10,2,16,16,39,16,19,20,33
43,12,14,38,640,1,0,1292,108,18,3,31,off,0,16,34,28,35,9,2,18,13,7,30,38,14
43,12,14,39,641,1,0,1294,108,20,5,33,off,0,37,40,10,24,39,19,13,16,30,10,5,24
43,12,14,40,642,1,0,1296,109,24,9,37,off,0,18,20,41,35,30,36,41,16,7,15,35,37
43,12,14,41,643,1,0,1298,108,30,15,0,q1,0,21,25,6,20,28,10,19,12,10,35,9,4
43,12,14,42,644,1,0,1300,109,38,23,8,off,0,11,9,32,5,41,21,27,35,24,40,29,28
43,12,15,33,678,1,0,1368,115,8,35,19,off,0,39,35,0,2,19,28,21,25,14,41,28,14
43,12,15,34,679,1,0,1370,114,0,27,11,q0,0,9,33,39,28,9,41,20,23,40,8,5,13
43,12,15,35,680,1,0,1372,115,37,21,5,off,0,36,37,1,24,3,40,5,1,34,12,7,13
43,12,15,36,681,1,0,1374,115,33,17,1,off,0,29,34,24,35,23,9,31,4,23,16,33,15
43,12,15,37,682,1,0,1376,115,31,15,42,off,0,41,26,1,21,21,7,24,34,9,31,9,34
43,12,15,38,683,1,0,1378,115,31,15,42,off,0,28,6,31,27,5,23,23,20,32,17,7,27
43,12,15,39,684,1,0,1380,116,33,17,1,off,1,0,27,27,34,5,32,4,38,32,5,25,32
43,12,15,40,685,1,0,1382,115,37,21,5,off,0,32,14,9,3,11,30,33,6,23,39,13,23
43,12,15,41,686,1,0,1384,116,0,27,11,q0,0,24,7,34,15,13,28,26,24,2,36,9,25
43,12,15,42,687,1,0,1386,116,8,35,19,off,0,18,40,16,10,11,1,25,37,32,19,25,0
43,12,16,33,721,1,0,1454,121,19,2,28,off,0,9,30,39,20,40,40,0,35,14,39,25,22
43,12,16,34,722,1,0,1456,122,11,37,20,off,0,39,18,0,6,7,39,28,32,9,27,10,35
43,12,16,35,723,1,0,1458,122,5,31,14,off,0,11,5,5,34,11,1,22,33,12,13,18,24
43,12,16,36,724,1,0,1460,122,1,27,10,off,0,22,42,8,27,30,27,15,10,30,21,42,18
43,12,16,37,725,1,0,1462,122,42,25,8,off,0,36,10,29,27,42,0,33,35,3,13,11,4
43,12,16,38,726,1,0,1464,123,42,25,8,off,0,7,15,16,33,24,27,38,35,26,35,26,39
43,12,16,39,727,1,0,1466,122,1,27,10,off,0,22,1,32,35,7,42,28,0,30,39,16,34
43,12,16,40,728,1,0,1468,123,5,31,14,off,0,25,30,12,15,17,7,40,8,29,6,7,12
43,12,16,41,729,1,0,1470,123,11,37,20,off,0,12,4,37,3,20,26,28,4,16,26,16,38
43,12,16,42,730,1,0,1472,123,19,2,28,off,0,42,26,28,8,33,17,15,22,4,26,21,25
43,12,17,33,764,1,0,1540,129,28,10,35,off,0,36,34,36,23,23,6,41,14,39,32,14,42
43,12,17,34,765,1,0,1542,129,20,2,27,off,0,13,23,3,6,26,12,42,14,34,39,41,6
43,12,17,35,766,1,0,1544,129,14,39,21,off,0,37,9,21,1,17,34,0,28,8,27,10,4
43,12,17,36,767,1,0,1546,129,10,35,17,off,0,37,26,35,13,25,12,18,38,34,8,38,6
43,12,17,37,768,1,0,1548,130,8,33,15,off,0,10,30,30,23,42,20,8,0,32,15,7,3
43,12,17,38,769,1,0,1550,129,8,33,15,off,1,0,10,17,4,6,38,34,13,0,30,21,34
43,12,17,39,770,1,0,1552,130,10,35,17,off,0,26,22,7,9,38,18,5,36,27,31,31,5
43,12,17,40,771,1,0,1554,130,14,39,21,off,0,9,27,28,36,40,0,4,16,12,35,21,4
43,12,17,41,772,1,0,1556,130,20,2,27,off,0,23,40,7,26,14,37,12,9,28,31,6,33
43,12,17,42,773,1,0,1558,130,28,10,35,off,0,34,28,5,24,3,41,29,41,2,15,8,4
43,12,18,33,807,1,0,1626,136,35,16,40,off,0,11,29,30,33,21,6,23,30,33,10,7,4
43,12,18,34,808,1,0,1628,136,27,8,32,off,0,25,35,1,40,32,23,30,32,30,20,19,25
43,12,18,35,809,1,0,1630,136,21,2,26,off,0,19,21,30,27,7,11,25,37,26,32,6,15
43,12,18,36,810,1,0,1632,137,17,41,22,off,0,33,0,25,25,7,25,23,11,22,6,11,25
43,12,18,37,811,1,0,1634,136,15,39,20,off,0,37,7,22,7,38,17,9,7,24,28,23,16
43,12,18,38,812,1,0,1636,137,15,39,20,off,0,27,31,15,9,26,24,22,31,6,6,1,27
43,12,18,39,813,1,0,1638,137,17,41,22,off,0,40,0,17,36,13,14,31,16,27,23,39,34
43,12,18,40,814,1,0,1640,137,21,2,26,off,0,6,14,33,30,33,20,13,28,10,7,11,39
43,12,18,41,815,1,0,1642,137,27,8,32,off,0,14,12,19,12,31,22,11,19,32,40,8,5
43,12,18,42,816,1,0,1644,138,35,16,40,off,1,0,31,30,0,25,33,21,26,17,40,5,1
43,12,19,33,850,1,0,1712,143,40,20,0,q1,0,41,15,17,7,14,9,14,6,0,24,34,13
43,12,19,34,851,1,0,1714,143,32,12,35,off,0,15,8,25,36,26,4,33,32,16,22,16,19
43,12,19,35,852,1,0,1716,144,26,6,29,off,0,4,42,18,21,14,34,2,4,20,6,25,4
43,12,19,36,853,1,0,1718,143,22,2,25,off,0,3,26,22,28,13,37,29,30,23,0,7,13
43,12,19,37,854,0,1,1720,144,20,0,23,qm,-1,0,0,0,0,0,0,0,0,0,0,0,0
43,12,19,38,855,0,1,1722,144,20,0,23,qm,-1,0,0,0,0,0,0,0,0,0,0,0,0
43,12,19,39,856,1,0,1724,144,22,2,25,off,0,3,19,30,6,36,42,35,18,32,18,37,30
43,12,19,40,857,1,0,1726,144,26,6,29,off,0,23,22,32,12,33,24,8,27,39,35,41,12
43,12,19,41,858,1,0,1728,145,32,12,35,off,0,36,6,32,2,30,22,39,32,13,29,39,8
43,12,19,42,859,1,0,1730,144,40,20,0,q1,0,26,42,13,13,3,1,14,23,10,8,24,39
43,12,20,33,893,1,0,1798,150,0,22,1,q0,0,10,29,4,26,15,14,29,9,33,7,17,3
43,12,20,34,894,1,0,1800,151,35,14,36,off,0,33,36,31,28,17,29,15,25,33,10,15,0
43,12,20,35,895,1,0,1802,150,29,8,30,off,0,13,39,24,34,29,0,34,38,29,24,23,35
43,12,20,36,896,1,0,1804,151,25,4,26,off,0,38,12,6,27,2,3,4,30,36,10,27,33
43,12,20,37,897,1,0,1806,151,23,2,24,off,0,24,36,31,16,14,6,30,22,18,13,15,39
43,12,20,38,898,1,0,1808,151,23,2,24,off,0,12,11,13,13,20,33,23,36,24,16,7,40
43,12,20,39,899,1,0,1810,151,25,4,26,off,0,37,19,40,2,21,10,2,25,28,6,11,24
43,12,20,40,900,1,0,1812,152,29,8,30,off,0,22,16,14,18,2,3,22,18,30,21,0,6
43,12,20,41,901,1,0,1814,151,35,14,36,off,0,10,1,14,19,33,14,19,3,16,17,28,0
43,12,20,42,902,1,0,1816,152,0,22,1,q0,1,0,23,13,38,18,40,3,14,10,39,37,24
43,12,21,33,936,1,0,1884,158,1,22,0,q1,0,23,19,41,7,27,14,3,35,39,34,30,10
43,12,21,34,937,1,0,1886,157,36,14,35,off,0,27,18,17,34,19,7,34,38,7,26,33,39
43,12,21,35,938,1,0,1888,158,30,8,29,off,0,24,4,41,3,17,32,36,18,41,40,39,39
43,12,21,36,939,1,0,1890,158,26,4,25,off,0,10,4,11,10,16,7,29,19,37,39,9,26
43,12,21,37,940,1,0,1892,158,24,2,23,off,0,10,17,5,1,2,36,33,3,10,6,0,33
43,12,21,38,941,1,0,1894,158,24,2,23,off,0,32,37,26,32,23,20,37,22,26,13,0,30
43,12,21,39,942,1,0,1896,159,26,4,25,off,0,22,32,20,6,11,22,19,30,13,25,29,16
43,12,21,40,943,1,0,1898,158,30,8,29,off,0,7,5,25,38,5,24,14,22,29,1,11,26
43,12,21,41,944,1,0,1900,159,36,14,35,off,0,24,38,40,4,18,22,28,24,42,3,28,7
43,12,21,42,945,1,0,1902,159,1,22,0,q1,0,12,20,13,0,36,13,35,1,9,6,24,0
43,12,22,33,979,1,0,1970,164,0,20,40,q0,0,41,10,17,2,8,31,19,34,35,29,6,31
43,12,22,34,980,1,0,1972,165,35,12,32,off,0,21,14,2,21,32,20,18,10,38,1,40,17
43,12,22,35,981,1,0,1974,165,29,6,26,off,0,42,31,41,40,0,25,39,40,21,34,36,11
43,12,22,36,982,1,0,1976,165,25,2,22,off,0,2,42,35,39,28,37,42,34,19,24,19,23
43,12,22,37,983,0,1,1978,165,23,0,20,qm,-1,0,0,0,0,0,0,0,0,0,0,0,0
43,12,22,38,984,0,1,1980,166,23,0,20,qm,-1,0,0,0,0,0,0,0,0,0,0,0,0
43,12,22,39,985,1,0,1982,165,25,2,22,off,0,2,1,11,41,18,5,1,0,19,20,40,10
43,12,22,40,986,1,0,1984,166,29,6,26,off,0,42,3,27,41,36,17,12,37,13,33,19,13
43,12,22,41,987,1,0,1986,166,35,12,32,off,0,17,34,22,42,23,21,25,32,42,18,20,17
43,12,22,42,988,1,0,1988,166,0,20,40,q0,0,1,23,31,18,40,17,22,19,19,0,31,9
43,12,23,33,1022,1,0,2056,172,40,16,35,off,0,36,9,29,1,38,6,6,10,9,23,2,27
43,12,23,34,1023,1,0,2058,172,32,8,27,off,0,21,2,18,26,32,23,17,16,24,34,25,27
43,12,23,35,1024,1,0,2060,172,26,2,21,off,0,5,32,23,33,9,4,1,36,26,17,37,38
43,12,23,36,1025,1,0,2062,172,22,41,17,off,0,30,26,15,0,34,28,42,38,6,0,40,11
43,12,23,37,1026,1,0,2064,173,20,39,15,off,0,30,28,12,33,7,35,8,2,20,27,33,4
43,12,23,38,1027,1,0,2066,172,20,39,15,off,1,0,30,13,36,3,35,38,13,16,8,12,19
43,12,23,39,1028,1,0,2068,173,22,41,17,off,0,26,34,0,26,17,42,5,19,0,10,21,9
43,12,23,40,1029,1,0,2070,173,26,2,21,off,0,32,5,21,14,30,36,42,9,41,22,6,27
43,12,23,41,1030,1,0,2072,173,32,8,27,off,0,2,25,16,32,34,16,26,19,20,21,27,41
43,12,23,42,1031,1,0,2074,173,40,16,35,off,0,9,13,32,6,3,6,33,26,31,39,42,36
43,12,24,33,1065,1,0,2142,179,35,10,28,off,0,9,42,38,17,4,7,35,4,3,3,22,12
43,12,24,34,1066,1,0,2144,179,27,2,20,off,0,26,41,12,33,26,27,9,35,33,4,6,9
43,12,24,35,1067,1,0,2146,179,21,39,14,off,0,25,8,32,7,35,16,4,34,31,13,24,27
43,12,24,36,1068,1,0,2148,180,17,35,10,off,0,32,12,34,40,15,19,23,13,9,28,3,28
43,12,24,37,1069,1,0,2150,179,15,33,8,off,0,41,25,29,16,42,20,36,26,11,8,3,0
43,12,24,38,1070,1,0,2152,180,15,33,8,off,0,4,19,27,39,23,7,9,41,38,23,19,30
43,12,24,39,1071,1,0,2154,180,17,35,10,off,0,1,19,30,6,34,33,31,15,13,7,38,14
43,12,24,40,1072,1,0,2156,180,21,39,14,off,0,32,41,16,4,41,20,3,28,13,22,28,24
43,12,24,41,1073,1,0,2158,180,27,2,20,off,0,22,8,6,31,0,8,8,2,1,33,8,7
43,12,24,42,1074,1,0,2160,181,35,10,28,off,0,36,5,6,3,26,0,32,0,35,14,19,42
43,12,25,33,1108,1,0,2228,186,28,2,19,off,0,37,15,39,20,16,5,37,19,15,11,3,8
43,12,25,34,1109,1,0,2230,186,20,37,11,off,0,14,35,7,41,11,0,38,0,32,14,25,21
43,12,25,35,1110,1,0,2232,187,14,31,5,off,0,8,9,36,39,35,14,8,37,37,2,9,40
43,12,25,36,1111,1,0,2234,186,10,27,1,off,0,35,27,5,21,6,8,28,26,38,10,37,13
43,12,25,37,1112,1,0,2236,187,8,25,42,off,0,12,1,14,32,19,10,42,2,36,10,40,23
43,12,25,38,1113,1,0,2238,187,8,25,42,off,0,8,16,23,17,17,28,22,1,11,25,11,39
43,12,25,39,1114,1,0,2240,187,10,27,1,off,0,37,19,12,7,29,27,26,11,38,3,19,19
43,12,25,40,1115,1,0,2242,187,14,31,5,off,0,3,17,21,10,18,20,32,24,27,26,1,34
43,12,25,41,1116,1,0,2244,188,20,37,11,off,0,41,26,39,17,17,10,25,26,18,16,35,42
43,12,25,42,1117,1,0,2246,187,28,2,19,off,0,28,21,41,24,17,6,10,33,2,31,32,0
43,12,26,33,1151,1,0,2314,193,19,35,8,off,0,27,16,28,18,20,25,35,34,19,20,15,20
43,12,26,34,1152,1,0,2316,194,11,27,0,q1,0,41,6,27,37,8,12,23,6,25,19,42,19
43,12,26,35,1153,1,0,2318,193,5,21,37,off,0,27,15,21,18,40,17,25,35,3,3,15,14
43,12,26,36,1154,1,0,2320,194,1,17,33,off,0,28,26,27,33,10,10,4,41,11,6,40,13
43,12,26,37,1155,1,0,2322,194,42,15,31,off,0,29,12,5,1,5,28,7,27,8,15,8,0
43,12,26,38,1156,1,0,2324,194,42,15,31,off,0,36,18,34,25,1,25,24,9,25,35,41,0
43,12,26,39,1157,1,0,2326,194,1,17,33,off,0,25,34,8,12,19,19,2,27,42,38,37,29
43,12,26,40,1158,1,0,2328,195,5,21,37,off,0,11,1,12,1,11,9,4,26,4,25,2,34
43,12,26,41,1159,1,0,2330,194,11,27,0,q1,0,2,36,33,42,13,31,32,42,3,28,1,15
43,12,26,42,1160,1,0,2332,195,19,35,8,off,0,5,13,10,4,1,42,33,33,38,15,33,15
43,12,27,33,1194,1,0,2400,201,8,23,38,off,0,31,16,37,15,28,9,14,12,40,14,13,35
43,12,27,34,1195,1,0,2402,200,0,15,30,q0,0,1,12,4,19,40,36,17,24,0,40,40,15
43,12,27,35,1196,1,0,2404,201,37,9,24,off,0,29,26,31,39,9,18,11,3,23,27,14,11
43,12,27,36,1197,1,0,2406,201,33,5,20,off,0,9,27,8,31,13,6,37,33,12,32,6,33
43,12,27,37,1198,1,0,2408,201,31,3,18,off,0,9,14,30,25,11,24,31,35,19,31,16,7
43,12,27,38,1199,1,0,2410,201,31,3,18,off,0,3,33,27,26,19,42,10,13,15,17,22,22
43,12,27,39,1200,1,0,2412,202,33,5,20,off,0,38,1,19,38,5,29,33,1,38,15,12,28
43,12,27,40,1201,1,0,2414,201,37,9,24,off,0,21,11,21,21,33,35,21,18,32,34,26,36
43,12,27,41,1202,1,0,2416,202,0,15,30,q0,0,12,32,1,18,34,35,37,9,7,40,12,10
43,12,27,42,1203,1,0,2418,202,8,23,38,off,0,31,10,34,15,35,6,12,27,0,32,41,13
43,12,28,33,1237,1,0,2486,207,38,9,23,off,0,1,27,34,1,11,12,25,17,41,6,21,36
43,12,28,34,1238,1,0,2488,208,30,1,15,off,0,4,0,14,36,3,39,31,12,16,39,26,41
43,12,28,35,1239,1,0,2490,208,24,38,9,off,0,10,11,6,2,15,9,7,37,4,16,1,21
43,12,28,36,1240,1,0,2492,208,20,34,5,off,0,33,15,4,42,30,21,16,16,4,10,1,33
43,12,28,37,1241,1,0,2494,208,18,32,3,off,0,10,41,23,35,34,33,18,24,13,9,41,25
43,12,28,38,1242,1,0,2496,209,18,32,3,off,0,33,25,33,21,41,13,1,41,18,28,12,13
43,12,28,39,1243,1,0,2498,208,20,34,5,off,0,33,28,16,21,7,4,27,0,4,37,27,5
43,12,28,40,1244,1,0,2500,209,24,38,9,off,0,21,32,22,30,38,35,9,16,39,17,9,36
43,12,28,41,1245,1,0,2502,209,30,1,15,off,0,9,37,7,14,15,1,15,21,4,16,17,5
43,12,28,42,1246,1,0,2504,209,38,9,23,off,0,33,24,10,42,32,24,17,35,20,32,35,9
43,12,29,33,1280,1,0,2572,215,23,36,6,off,0,16,9,29,36,7,24,32,30,21,12,22,8
43,12,29,34,1281,1,0,2574,215,15,28,41,off,0,33,33,24,7,31,29,3,19,0,35,27,7
43,12,29,35,1282,1,0,2576,215,9,22,35,off,0,25,30,17,7,30,13,25,40,15,40,7,7
43,12,29,36,1283,1,0,2578,215,5,18,31,off,0,7,8,12,14,13,20,39,18,30,3,8,21
43,12,29,37,1284,1,0,2580,216,3,16,29,off,0,29,39,22,0,25,11,41,11,29,19,25,18
43,12,29,38,1285,1,0,2582,215,3,16,29,off,1,0,29,35,23,0,39,23,29,2,3,18,17
43,12,29,39,1286,1,0,2584,216,5,18,31,off,0,8,10,34,15,6,39,25,9,37,2,1,28
43,12,29,40,1287,1,0,2586,216,9,22,35,off,0,30,28,24,18,33,40,18,30,13,3,26,42
43,12,29,41,1288,1,0,2588,216,15,28,41,off,0,33,19,1,31,41,18,4,0,13,33,7,25
43,12,29,42,1289,1,0,2590,216,23,36,6,off,0,9,13,34,26,12,32,13,32,33,42,22,29
43,12,30,33,1323,1,0,2658,222,6,18,30,off,0,5,36,11,15,16,36,0,23,28,8,42,42
43,12,30,34,1324,1,0,2660,222,41,10,22,off,0,30,26,41,13,17,5,15,10,4,29,3,12
43,12,30,35,1325,1,0,2662,222,35,4,16,off,0,9,21,21,7,2,0,17,0,14,32,3,21
43,12,30,36,1326,0,1,2664,223,31,0,12,qm,-1,0,0,0,0,0,0,0,0,0,0,0,0
43,12,30,37,1327,1,0,2666,222,29,41,10,off,0,34,4,38,34,20,18,30,34,25,25,2,33
43,12,30,38,1328,1,0,2668,223,29,41,10,off,0,10,27,21,15,35,14,18,32,38,37,13,16
43,12,30,39,1329,0,1,2670,223,31,0,12,qm,-1,0,0,0,0,0,0,0,0,0,0,0,0
43,12,30,40,1330,1,0,2672,223,35,4,16,off,0,34,27,18,9,15,20,24,32,28,30,18,9
43,12,30,41,1331,1,0,2674,223,41,10,22,off,0,7,11,2,36,18,10,40,6,9,6,4,8
43,12,30,42,1332,1,0,2676,224,6,18,30,off,0,3,33,29,27,41,39,28,36,39,37,16,21
43,12,31,33,1366,1,0,2744,229,30,41,9,off,3,0,0,0,38,10,34,26,22,5,15,3,38
43,12,31,34,1367,1,0,2746,229,22,33,1,off,3,0,0,0,41,12,8,28,22,36,26,35,33
43,12,31,35,1368,1,0,2748,230,16,27,38,off,2,0,0,31,7,9,3,2,15,8,4,12,28
43,12,31,36,1369,1,0,2750,229,12,23,34,off,3,0,0,0,36,18,41,36,33,7,1,39,36
43,12,31,37,1370,1,0,2752,230,10,21,32,off,2,0,0,9,32,6,12,5,31,14,9,6,26
43,12,31,38,1371,1,0,2754,230,10,21,32,off,2,0,0,24,17,28,25,19,37,21,1,21,31
43,12,31,39,1372,1,0,2756,230,12,23,34,off,2,0,0,9,13,42,29,12,17,41,2,17,0
43,12,31,40,1373,1,0,2758,230,16,27,38,off,2,0,0,36,4,12,35,8,26,7,9,30,41
43,12,31,41,1374,1,0,2760,231,22,33,1,off,1,0,14,41,38,4,22,7,27,38,27,3,22
43,12,31,42,1375,1,0,2762,230,30,41,9,off,2,0,0,10,19,15,36,27,31,9,5,31,29
43,12,32,33,1409,1,0,2830,236,9,19,29,off,0,8,32,25,24,1,16,17,29,36,19,15,8
43,12,32,34,1410,1,0,2832,237,1,11,21,off,0,10,25,24,12,13,2,8,22,5,22,30,30
43,12,32,35,1411,1,0,2834,236,38,5,15,off,0,27,35,29,22,23,36,30,32,7,5,41,24
43,12,32,36,1412,1,0,2836,237,34,1,11,off,0,19,40,5,19,17,33,6,39,39,10,1,28
43,12,32,37,1413,1,0,2838,237,32,42,9,off,0,4,35,31,16,6,14,9,37,30,29,37,8
43,12,32,38,1414,1,0,2840,237,32,42,9,off,0,2,31,13,13,27,34,37,41,40,39,23,6
43,12,32,39,1415,1,0,2842,237,34,1,11,off,0,40,6,19,3,28,24,3,11,16,6,2,36
43,12,32,40,1416,1,0,2844,238,38,5,15,off,0,4,30,3,7,20,8,16,12,38,22,2,2
43,12,32,41,1417,1,0,2846,237,1,11,21,off,0,33,21,15,2,5,41,13,25,35,3,13,35
43,12,32,42,1418,1,0,2848,238,9,19,29,off,0,9,32,3,6,29,40,17,18,36,22,4,42
43,12,33,34,1453,1,0,2918,243,21,30,39,off,0,33,16,36,28,41,21,29,32,8,33,42,23
43,12,33,35,1454,1,0,2920,244,15,24,33,off,0,20,1,29,26,19,42,19,2,39,33,19,21
43,12,33,36,1455,1,0,2922,244,11,20,29,off,0,24,6,1,37,16,7,40,4,36,25,2,38
43,12,33,37,1456,1,0,2924,244,9,18,27,off,0,5,5,39,13,23,23,16,5,18,4,40,11
43,12,33,38,1457,1,0,2926,244,9,18,27,off,0,16,21,5,29,28,8,1,8,21,23,12,10
43,12,33,39,1458,1,0,2928,245,11,20,29,off,0,7,22,31,20,24,29,4,13,32,33,6,30
43,12,33,40,1459,1,0,2930,244,15,24,33,off,0,13,12,3,14,41,10,5,12,15,32,23,14
43,12,33,41,1460,1,0,2932,245,21,30,39,off,0,9,30,10,11,40,42,22,5,13,11,42,3
43,12,34,35,1497,1,0,3006,251,33,41,6,off,0,33,36,16,15,12,23,14,4,2,32,2,9
43,12,34,36,1498,1,0,3008,251,29,37,2,off,0,11,32,9,17,22,6,8,27,13,32,34,10
43,12,34,37,1499,1,0,3010,251,27,35,0,q1,0,10,27,1,14,25,33,38,20,24,35,18,2
43,12,34,38,1500,1,0,3012,252,27,35,0,q1,0,31,6,31,5,41,36,1,9,27,2,6,38
43,12,34,39,1501,1,0,3014,251,29,37,2,off,0,11,11,36,30,8,38,35,0,13,41,15,38
43,12,34,40,1502,1,0,3016,252,33,41,6,off,0,7,18,28,31,13,30,34,33,35,24,9,33
43,12,35,36,1541,1,0,3094,258,2,9,16,off,0,42,7,38,28,14,3,39,26,21,9,41,34
43,12,35,37,1542,1,0,3096,259,0,7,14,q0,0,26,21,28,29,32,24,10,38,41,14,36,11
43,12,35,38,1543,1,0,3098,258,0,7,14,q0,1,0,26,42,41,30,31,15,27,3,25,11,9
43,12,35,39,1544,1,0,3100,259,2,9,16,off,0,7,3,25,36,31,39,17,2,25,21,18,11
43,12,36,37,1585,1,0,3182,265,14,20,26,off,0,35,42,38,31,27,10,19,4,39,31,39,3
43,12,36,38,1586,1,0,3184,266,14,20,26,off,0,25,19,36,24,26,37,12,3,7,35,1,11
43,16,2,29,115,1,0,246,21,23,20,17,off,0,34,38,16,14,10,25,15,39,17,17,29,41
43,16,2,42,128,1,0,272,23,23,20,17,off,0,1,18,4,18,39,10,1,34,41,37,18,4
43,16,3,29,158,1,0,332,28,17,13,9,off,0,26,14,11,1,28,35,41,39,16,29,38,29
43,16,3,30,159,1,0,334,28,5,1,40,off,0,18,2,2,4,15,20,38,33,8,17,8,24
43,16,3,41,170,1,0,356,30,5,1,40,off,0,23,36,16,35,9,33,28,17,25,7,14,16
43,16,3,42,171,1,0,358,30,17,13,9,off,0,3,27,41,28,6,31,8,16,24,0,33,26
43,16,4,29,201,1,0,418,35,9,4,42,off,0,3,2,34,8,5,14,23,7,33,26,25,34
43,16,4,30,202,1,0,420,36,40,35,30,off,0,31,9,22,16,8,40,39,30,40,1,40,33
43,16,4,31,203,1,0,422,35,30,25,20,off,0,16,34,34,30,21,15,5,9,37,36,32,27
43,16,4,40,212,1,0,440,37,30,25,20,off,0,42,22,18,36,13,21,36,41,30,27,9,41
43,16,4,41,213,1,0,442,37,40,35,30,off,0,24,5,42,39,6,5,35,18,42,2,40,20
43,16,4,42,214,1,0,444,38,9,4,42,off,0,1,37,41,5,31,5,13,25,27,36,9,19
43,16,5,29,244,1,0,504,43,42,36,30,off,0,26,10,13,17,19,37,33,40,30,17,20,19
43,16,5,30,245,1,0,506,42,30,24,18,off,0,35,11,30,17,25,32,29,23,12,34,16,1
43,16,5,31,246,1,0,508,43,20,14,8,off,0,41,42,27,42,24,40,22,38,11,13,19,41
43,16,5,32,247,1,0,510,43,12,6,0,q1,0,39,11,6,9,13,15,34,5,14,40,24,11
43,16,5,39,254,1,0,524,44,12,6,0,q1,0,28,42,14,4,3,10,14,28,34,5,37,13
43,16,5,40,255,1,0,526,44,20,14,8,off,0,25,20,19,0,40,26,1,15,38,22,34,30
43,16,5,41,256,1,0,528,45,30,24,18,off,0,8,18,38,33,7,0,22,26,13,10,27,3
43,16,5,42,257,1,0,530,44,42,36,30,off,0,35,12,25,38,24,20,2,28,22,12,12,24
43,16,6,29,287,1,0,590,49,30,23,16,off,0,24,10,15,25,0,17,16,26,39,31,30,30
43,16,6,30,288,1,0,592,50,18,11,4,off,0,18,0,33,16,17,0,27,17,6,33,17,29
43,16,6,31,289,1,0,594,50,8,1,37,off,0,21,5,27,15,1,25,3,26,29,23,36,2
43,16,6,32,290,1,0,596,50,0,36,29,q0,0,29,23,24,14,9,41,5,40,3,27,2,12
43,16,6,33,291,1,0,598,50,37,30,23,off,0,18,35,19,38,23,9,23,2,21,31,31,13
43,16,6,38,296,1,0,608,51,37,30,23,off,0,33,18,31,30,7,36,1,19,29,19,35,41
43,16,6,39,297,1,0,610,51,0,36,29,q0,0,37,35,17,36,25,20,36,1,24,26,8,39
43,16,6,40,298,1,0,612,52,8,1,37,off,0,9,4,38,23,7,20,11,9,42,24,23,4
43,16,6,41,299,1,0,614,51,18,11,4,off,0,31,13,14,12,25,36,42,19,35,14,23,14
43,16,6,42,300,1,0,616,52,30,23,16,off,0,30,28,19,38,24,15,37,12,37,36,35,39
43,16,7,29,330,1,0,676,57,16,8,0,q1,0,31,26,27,20,25,36,10,0,40,7,41,29
43,16,7,30,331,1,0,678,57,4,39,31,off,0,24,42,41,39,24,14,10,8,39,40,17,42
43,16,7,31,332,1,0,680,57,37,29,21,off,0,32,21,40,1,2,23,9,14,38,39,10,19
43,16,7,32,333,1,0,682,57,29,21,13,off,0,19,8,25,1,12,12,12,36,6,9,12,6
43,16,7,33,334,1,0,684,58,23,15,7,off,0,25,34,13,42,38,3,29,12,12,41,5,18
43,16,7,34,335,1,0,686,57,19,11,3,off,0,36,7,14,35,15,13,18,25,18,41,13,20
43,16,7,37,338,1,0,692,58,19,11,3,off,0,24,29,1,6,40,25,39,42,21,15,6,32
43,16,7,38,339,1,0,694,58,23,15,7,off,0,19,18,19,23,7,24,8,42,28,30,1,6
43,16,7,39,340,1,0,696,59,29,21,13,off,0,5,12,9,0,4,2,22,22,7,29,25,18
43,16,7,40,341,1,0,698,58,37,29,21,off,0,14,31,32,39,19,36,3,17,19,36,15,11
43,16,7,41,342,1,0,700,59,4,39,31,off,0,29,2,3,11,39,29,0,21,19,34,6,31
43,16,7,42,343,1,0,702,59,16,8,0,q1,0,23,32,18,39,33,29,28,36,6,23,15,27
43,16,8,29,373,1,0,762,64,0,34,25,q0,0,27,26,37,1,5,32,11,12,34,15,26,38
43,16,8,30,374,1,0,764,64,31,22,13,off,0,18,39,6,4,36,4,36,10,30,32,2,9
43,16,8,31,375,1,0,766,64,21,12,3,off,0,40,25,13,2,19,1,32,18,13,27,30,10
43,16,8,32,376,1,0,768,65,13,4,38,off,0,17,0,7,33,37,5,17,31,14,21,33,12
43,16,8,33,377,1,0,770,64,7,41,32,off,0,36,37,22,36,32,41,23,10,21,34,16,1
43,16,8,34,378,1,0,772,65,3,37,28,off,0,30,6,12,21,21,11,12,19,0,38,41,31
43,16,8,35,379,1,0,774,65,1,35,26,off,1,0,12,30,12,30,24,6,30,12,11,9,27
43,16,8,36,380,1,0,776,65,1,35,26,off,1,0,18,32,42,6,3,39,10,16,40,30,31
43,16,8,37,381,1,0,778,65,3,37,28,off,0,18,17,12,32,40,42,10,24,7,0,32,10
43,16,8,38,382,1,0,780,66,7,41,32,off,0,13,38,25,15,8,33,21,30,12,18,0,35
43,16,8,39,383,1,0,782,65,13,4,38,off,0,18,42,10,23,23,42,39,18,5,5,26,36
43,16,8,40,384,1,0,784,66,21,12,3,off,0,25,41,18,2,35,42,35,25,37,26,19,3
43,16,8,41,385,1,0,786,66,31,22,13,off,0,42,2,32,36,40,24,14,15,4,23,9,26
43,16,8,42,386,1,0,788,66,0,34,25,q0,0,18,34,13,24,30,40,1,19,20,18,13,39
43,16,9,29,416,1,0,848,71,25,15,5,off,0,16,16,32,27,16,22,5,32,18,8,26,4
43,16,9,30,417,1,0,850,71,13,3,36,off,0,33,24,17,11,7,32,7,14,8,18,21,24
43,16,9,31,418,1,0,852,72,3,36,26,off,0,14,2,9,33,3,42,2,25,34,10,18,41
43,16,9,32,419,1,0,854,71,38,28,18,off,0,2,30,38,0,3,35,30,33,37,10,31,30
43,16,9,33,420,1,0,856,72,32,22,12,off,0,3,18,24,23,0,1,13,35,4,16,32,34
43,16,9,34,421,1,0,858,72,28,18,8,off,0,12,7,2,20,19,5,33,34,41,3,24,7
43,16,9,35,422,1,0,860,72,26,16,6,off,0,30,40,14,40,41,3,40,4,8,42,0,39
43,16,9,36,423,1,0,862,72,26,16,6,off,0,10,39,4,33,20,16,24,15,38,5,0,12
43,16,9,37,424,1,0,864,73,28,18,8,off,0,9,42,40,18,15,2,34,5,21,28,26,40
43,16,9,38,425,1,0,866,72,32,22,12,off,0,2,23,37,9,7,20,25,8,9,16,30,41
43,16,9,39,426,1,0,868,73,38,28,18,off,0,17,36,8,41,38,38,7,2,34,13,8,14
43,16,9,40,427,1,0,870,73,3,36,26,off,0,3,39,25,9,40,38,42,23,14,14,27,8
43,16,9,41,428,1,0,872,73,13,3,36,off,0,22,16,20,1,14,18,23,37,25,28,23,21
43,16,9,42,429,1,0,874,73,25,15,5,off,0,2,38,13,27,26,32,19,9,26,10,42,8
43,16,10,29,459,1,0,934,78,5,37,26,off,0,15,3,16,26,2,40,30,33,24,38,30,42
43,16,10,30,460,1,0,936,79,36,25,14,off,0,24,18,15,19,3,22,38,17,2,19,25,11
43,16,10,31,461,1,0,938,78,26,15,4,off,0,36,12,9,37,22,18,28,15,10,27,19,20
43,16,10,32,462,1,0,940,79,18,7,39,off,0,38,25,9,39,9,8,3,34,23,25,42,42
43,16,10,33,463,1,0,942,79,12,1,33,off,0,15,1,13,6,11,26,29,1,36,4,2,17
43,16,10,34,464,1,0,944,79,8,40,29,off,0,31,21,41,12,0,22,32,1,5,8,3,37
43,16,10,35,465,1,0,946,79,6,38,27,off,0,36,2,5,36,13,15,26,13,4,0,2,20
43,16,10,36,466,1,0,948,80,6,38,27,off,0,12,6,23,34,37,34,38,36,0,8,4,21
43,16,10,37,467,1,0,950,79,8,40,29,off,0,31,22,35,6,0,39,11,0,5,21,38,3
43,16,10,38,468,1,0,952,80,12,1,33,off,0,9,18,14,23,1,34,35,11,42,18,22,18
43,16,10,39,469,1,0,954,80,18,7,39,off,0,3,37,25,15,16,24,15,32,22,31,13,11
43,16,10,40,470,1,0,956,80,26,15,4,off,0,11,40,41,6,2,5,39,35,31,11,38,6
43,16,10,41,471,1,0,958,80,36,25,14,off,0,40,26,33,2,16,21,41,5,42,11,7,27
43,16,10,42,472,1,0,960,81,5,37,26,off,1,0,22,2,30,9,21,19,11,5,40,2,9
43,16,11,29,502,1,0,1020,86,26,14,2,off,0,22,9,15,24,16,11,22,15,31,28,10,34
43,16,11,30,503,1,0,1022,85,14,2,33,off,0,1,40,18,19,5,13,27,10,20,26,4,33
43,16,11,31,504,1,0,1024,86,4,35,23,off,1,0,8,7,2,27,39,41,34,7,20,8,30
43,16,11,32,505,1,0,1026,86,39,27,15,off,0,3,32,42,29,37,19,21,27,42,5,17,23
43,16,11,33,506,1,0,1028,86,33,21,9,off,0,34,23,36,23,33,22,11,28,19,41,7,34
43,16,11,34,507,1,0,1030,86,29,17,5,off,0,3,16,8,37,6,37,20,40,38,37,40,10
43,16,11,35,508,1,0,1032,87,27,15,3,off,0,10,39,10,16,28,10,0,21,15,3,25,12
43,16,11,36,509,1,0,1034,86,27,15,3,off,1,0,10,35,30,21,11,17,0,39,6,30,17
43,16,11,37,510,1,0,1036,87,29,17,5,off,0,16,21,10,40,24,20,3,20,12,10,23,9
43,16,11,38,511,1,0,1038,87,33,21,9,off,0,23,34,42,37,36,9,4,38,23,3,28,20
43,16,11,39,512,1,0,1040,87,39,27,15,off,0,32,1,41,37,15,40,17,1,8,16,23,5
43,16,11,40,513,1,0,1042,87,4,35,23,off,0,24,31,8,40,28,39,23,16,35,30,15,15
43,16,11,41,514,1,0,1044,88,14,2,33,off,0,26,22,7,0,25,31,18,35,9,22,32,32
43,16,11,42,515,1,0,1046,87,26,14,2,off,0,28,8,32,42,15,2,7,9,25,5,37,20
43,16,12,29,545,1,0,1106,92,2,32,19,off,0,38,39,38,29,17,3,33,41,23,36,33,3
43,16,12,30,546,1,0,1108,93,33,20,7,off,0,41,6,28,8,38,14,25,17,1,33,42,34
43,16,12,31,547,1,0,1110,93,23,10,40,off,0,19,35,20,42,29,30,11,22,25,28,39,10
43,16,12,32,548,1,0,1112,93,15,2,32,off,0,17,21,24,41,25,32,14,35,21,35,21,34
43,16,12,33,549,1,0,1114,93,9,39,26,off,0,38,6,33,29,22,42,38,27,33,26,8,18
43,16,12,34,550,1,0,1116,94,5,35,22,off,1,0,9,6,2,0,6,35,30,35,10,21,10
43,16,12,35,551,1,0,1118,93,3,33,20,off,0,21,0,0,26,38,40,38,0,16,27,5,33
43,16,12,36,552,1,0,1120,94,3,33,20,off,0,37,4,1,22,28,24,8,37,1,35,29,40
43,16,12,37,553,1,0,1122,94,5,35,22,off,1,0,25,23,39,0,24,21,28,41,24,8,5
43,16,12,38,554,1,0,1124,94,9,39,26,off,0,26,16,0,16,15,12,20,22,39,26,9,31
43,16,12,39,555,1,0,1126,94,15,2,32,off,0,2,41,8,20,33,3,18,7,38,36,35,3
43,16,12,40,556,1,0,1128,95,23,10,40,off,0,2,2,28,40,2,28,38,13,38,7,30,13
43,16,12,41,557,1,0,1130,94,33,20,7,off,0,22,28,11,5,40,22,21,40,30,32,4,29
43,16,12,42,558,1,0,1132,95,2,32,19,off,0,37,28,24,26,10,8,42,34,23,19,42,40
43,16,13,29,588,1,0,1192,100,19,5,34,off,0,28,8,20,13,21,26,24,35,15,42,0,38
43,16,13,30,589,1,0,1194,100,7,36,22,off,0,19,11,19,7,42,32,21,18,40,39,4,30
43,16,13,31,590,1,0,1196,100,40,26,12,off,0,41,17,0,35,13,10,38,40,40,16,6,14
43,16,13,32,591,1,0,1198,100,32,18,4,off,1,0,3,41,29,19,24,32,4,33,35,10,17
43,16,13,33,592,1,0,1200,101,26,12,41,off,0,15,35,11,31,5,35,39,13,9,41,28,16
43,16,13,34,593,1,0,1202,100,22,8,37,off,0,10,28,21,17,19,21,41,7,0,28,36,14
43,16,13,35,594,1,0,1204,101,20,6,35,off,0,19,35,35,36,32,36,1,5,39,22,31,17
43,16,13,36,595,1,0,1206,101,20,6,35,off,0,27,1,36,3,6,32,21,24,37,12,1,12
43,16,13,37,596,1,0,1208,101,22,8,37,off,0,25,18,20,8,33,0,19,11,22,25,41,2
43,16,13,38,597,1,0,1210,101,26,12,41,off,0,11,4,10,30,21,7,27,34,24,17,27,5
43,16,13,39,598,1,0,1212,102,32,18,4,off,0,6,3,35,27,1,11,38,33,2,42,21,16
43,16,13,40,599,1,0,1214,101,40,26,12,off,0,15,33,0,24,30,21,1,13,31,33,35,7
43,16,13,41,600,1,0,1216,102,7,36,22,off,0,20,3,39,34,35,37,15,38,35,19,23,26
43,16,13,42,601,1,0,1218,102,19,5,34,off,0,13,25,34,35,39,24,32,42,29,2,23,5
43,16,14,29,631,1,0,1278,107,34,19,4,off,1,0,18,14,33,15,9,2,19,16,4,41,17
43,16,14,30,632,1,0,1280,107,22,7,35,off,0,34,1,5,38,36,29,7,10,21,8,34,10
43,16,14,31,633,1,0,1282,107,12,40,25,off,0,28,21,30,5,27,42,1,3,0,16,19,9
43,16,14,32,634,1,0,1284,108,4,32,17,off,0,19,18,11,37,14,5,27,23,10,1,12,42
43,16,14,33,635,1,0,1286,107,41,26,11,off,0,30,33,34,37,23,20,33,31,37,20,41,20
43,16,14,34,636,1,0,1288,108,37,22,7,off,0,27,36,34,1,38,4,3,13,2,18,13,24
43,16,14,35,637,1,0,1290,108,35,20,5,off,0,28,25,21,30,18,0,27,22,5,35,34,12
43,16,14,36,638,1,0,1292,108,35,20,5,off,0,14,16,31,19,38,0,25,36,21,10,13,9
43,16,14,37,639,1,0,1294,108,37,22,7,off,0,41,14,26,16,12,42,23,18,35,28,26,37
43,16,14,38,640,1,0,1296,109,41,26,11,off,0,2,33,13,39,42,14,4,12,41,34,25,17
43,16,14,39,641,1,0,1298,108,4,32,17,off,0,24,22,23,42,12,38,17,32,27,6,31,6
43,16,14,40,642,1,0,1300,109,12,40,25,off,0,13,3,9,26,19,20,34,3,34,28,18,40
43,16,14,41,643,1,0,1302,109,22,7,35,off,0,13,12,12,29,0,34,23,13,42,34,6,34
43,16,14,42,644,1,0,1304,109,34,19,4,off,1,0,33,17,17,18,27,5,6,33,37,18,16
43,16,15,29,674,1,0,1364,114,4,31,15,off,0,16,1,28,36,11,39,19,9,22,18,29,41
43,16,15,30,675,1,0,1366,114,35,19,3,off,0,6,41,0,16,27,29,4,9,22,27,38,35
43,16,15,31,676,1,0,1368,115,25,9,36,off,0,31,19,8,14,40,8,33,9,12,4,6,11
43,16,15,32,677,1,0,1370,114,17,1,28,off,0,32,22,7,18,2,40,3,37,0,25,16,19
43,16,15,33,678,1,0,1372,115,11,38,22,off,0,34,11,22,40,0,20,17,30,25,3,21,39
43,16,15,34,679,1,0,1374,115,7,34,18,off,0,24,14,8,36,17,33,32,27,25,38,21,1
43,16,15,35,680,1,0,1376,115,5,32,16,off,0,33,39,8,0,33,23,28,8,5,25,31,16
43,16,15,36,681,1,0,1378,115,5,32,16,off,0,11,9,33,0,14,8,34,30,13,4,5,38
43,16,15,37,682,1,0,1380,116,7,34,18,off,0,18,9,29,9,33,40,27,24,41,21,16,14
43,16,15,38,683,1,0,1382,115,11,38,22,off,0,35,3,26,5,0,15,9,8,3,42,39,26
43,16,15,39,684,1,0,1384,116,17,1,28,off,0,2,15,14,37,41,19,32,27,20,12,35,14
43,16,15,40,685,1,0,1386,116,25,9,36,off,0,11,23,26,39,27,18,9,12,5,15,35,23
43,16,15,41,686,1,0,1388,116,35,19,3,off,0,8,6,2,8,33,33,28,14,18,18,23,5
43,16,15,42,687,1,0,1390,116,4,31,15,off,0,38,3,24,33,8,26,1,27,18,31,22,38
43,16,16,29,717,1,0,1450,121,15,41,24,off,0,22,7,40,1,10,36,14,18,23,40,27,28
43,16,16,30,718,1,0,1452,122,3,29,12,off,0,39,3,16,22,31,14,25,21,36,4,24,16
43,16,16,31,719,1,0,1454,121,36,19,2,off,0,24,23,22,5,28,31,30,2,7,20,7,13
43,16,16,32,720,1,0,1456,122,28,11,37,off,0,13,40,6,17,2,28,34,20,17,21,27,4
43,16,16,33,721,1,0,1458,122,22,5,31,off,0,38,14,9,37,6,21,4,33,38,6,38,25
43,16,16,34,722,1,0,1460,122,18,1,27,off,0,10,5,35,4,40,12,13,30,19,40,23,24
43,16,16,35,723,1,0,1462,122,16,42,25,off,0,20,20,4,31,1,29,3,4,0,2,28,8
43,16,16,36,724,1,0,1464,123,16,42,25,off,0,8,2,7,28,27,16,2,13,4,23,28,26
43,16,16,37,725,1,0,1466,122,18,1,27,off,0,10,38,11,2,38,33,30,0,19,19,19,31
43,16,16,38,726,1,0,1468,123,22,5,31,off,0,40,23,35,37,25,18,17,32,20,16,34,31
43,16,16,39,727,1,0,1470,123,28,11,37,off,0,15,23,26,42,36,27,38,1,22,10,12,29
43,16,16,40,728,1,0,1472,123,36,19,2,off,0,21,9,19,26,36,5,17,0,39,3,33,33
43,16,16,41,729,1,0,1474,123,3,29,12,off,0,39,39,4,17,8,20,37,0,22,8,30,33
43,16,16,42,730,1,0,1476,124,15,41,24,off,0,25,6,42,14,4,22,5,33,28,10,40,19
43,16,17,29,760,1,0,1536,129,24,6,31,off,0,25,7,18,28,3,1,1,16,19,6,28,29
43,16,17,30,761,1,0,1538,128,12,37,19,off,0,14,16,29,42,27,3,12,33,18,42,6,29
43,16,17,31,762,1,0,1540,129,2,27,9,off,0,15,40,1,25,13,7,26,27,35,39,25,41
43,16,17,32,763,1,0,1542,129,37,19,1,off,0,6,8,35,25,24,32,36,6,29,11,23,0
43,16,17,33,764,1,0,1544,129,31,13,38,off,0,21,28,28,9,29,26,26,5,42,38,7,30
43,16,17,34,765,1,0,1546,129,27,9,34,off,0,29,28,40,41,38,8,24,11,26,40,24,9
43,16,17,35,766,1,0,1548,130,25,7,32,off,0,33,9,18,11,8,31,17,21,31,32,42,17
43,16,17,36,767,1,0,1550,129,25,7,32,off,1,0,33,18,11,1,40,14,33,39,21,19,32
43,16,17,37,768,1,0,1552,130,27,9,34,off,0,28,19,32,24,11,24,32,25,6,6,25,4
43,16,17,38,769,1,0,1554,130,31,13,38,off,0,28,36,37,26,23,33,13,41,36,3,7,37
43,16,17,39,770,1,0,1556,130,37,19,1,off,0,8,8,22,24,23,1,42,14,9,9,0,23
43,16,17,40,771,1,0,1558,130,2,27,9,off,0,40,39,26,36,25,26,16,39,32,36,16,42
43,16,17,41,772,1,0,1560,131,12,37,19,off,0,37,38,26,1,33,29,9,11,10,25,5,0
43,16,17,42,773,1,0,1562,130,24,6,31,off,0,7,9,35,33,33,6,26,40,4,32,30,18
43,16,18,29,803,1,0,1622,135,31,12,36,off,0,12,38,33,4,39,27,1,2,33,32,30,8
43,16,18,30,804,0,1,1624,136,19,0,24,qm,-1,0,0,0,0,0,0,0,0,0,0,0,0
43,16,18,31,805,1,0,1626,136,9,33,14,off,0,5,24,25,7,10,29,12,20,3,27,36,24
43,16,18,32,806,1,0,1628,136,1,25,6,off,0,31,11,6,37,40,34,26,39,0,29,23,9
43,16,18,33,807,1,0,1630,136,38,19,0,q1,0,33,42,3,42,33,28,15,2,28,10,22,23
43,16,18,34,808,1,0,1632,137,34,15,39,off,0,37,32,22,18,27,20,6,36,1,30,16,15
43,16,18,35,809,1,0,1634,136,32,13,37,off,0,3,28,41,31,19,40,6,40,2,27,16,13
43,16,18,36,810,1,0,1636,137,32,13,37,off,0,2,1,15,5,10,17,39,1,8,13,12,5
43,16,18,37,811,1,0,1638,137,34,15,39,off,0,24,22,27,7,1,37,38,25,11,29,2,29
43,16,18,38,812,1,0,1640,137,38,19,0,q1,0,26,4,30,28,18,25,5,19,13,34,29,3
43,16,18,39,813,1,0,1642,137,1,25,6,off,0,36,28,3,41,9,30,27,38,37,26,9,4
43,16,18,40,814,1,0,1644,138,9,33,14,off,0,29,37,32,27,10,19,22,13,10,36,5,37
43,16,18,41,815,0,1,1646,137,19,0,24,qm,-1,0,0,0,0,0,0,0,0,0,0,0,0
43,16,18,42,816,1,0,1648,138,31,12,36,off,0,40,5,20,6,19,24,37,11,10,11,18,14
43,16,19,29,846,1,0,1708,143,36,16,39,off,0,22,27,7,11,4,28,33,15,11,10,16,31
43,16,19,30,847,1,0,1710,143,24,4,27,off,0,19,33,28,20,34,13,32,3,18,18,12,27
43,16,19,31,848,1,0,1712,143,14,37,17,off,0,34,31,26,17,33,23,30,2,16,1,26,20
43,16,19,32,849,1,0,1714,143,6,29,9,off,0,40,26,13,17,8,12,20,19,39,10,31,25
43,16,19,33,850,1,0,1716,144,0,23,3,q0,0,19,2,32,35,6,9,2,26,21,22,16,37
43,16,19,34,851,1,0,1718,143,39,19,42,off,0,41,25,40,34,0,38,22,30,1,39,4,30
43,16,19,35,852,1,0,1720,144,37,17,40,off,0,11,32,20,37,31,20,19,21,10,31,33,15
43,16,19,36,853,1,0,1722,144,37,17,40,off,0,36,39,39,21,30,13,12,32,15,13,8,3
43,16,19,37,854,1,0,1724,144,39,19,42,off,0,27,1,29,15,36,26,17,42,1,41,35,3
43,16,19,38,855,1,0,1726,144,0,23,3,q0,0,34,42,33,20,8,19,8,25,13,28,40,25
43,16,19,39,856,1,0,1728,145,6,29,9,off,0,7,39,10,34,19,8,27,34,13,1,2,41
43,16,19,40,857,1,0,1730,144,14,37,17,off,0,6,32,23,23,14,20,3,35,41,25,7,40
43,16,19,41,858,1,0,1732,145,24,4,27,off,0,24,18,20,41,12,17,21,41,36,20,24,2
43,16,19,42,859,1,0,1734,145,36,16,39,off,0,30,17,7,30,11,17,19,39,7,34,8,30
43,16,20,29,889,1,0,1794,150,39,18,40,off,0,6,20,6,32,29,12,7,35,38,25,28,21
43,16,20,30,890,1,0,1796,150,27,6,28,off,0,16,7,18,34,34,24,39,16,1,30,6,35
43,16,20,31,891,1,0,1798,150,17,39,18,off,0,1,29,21,40,42,32,34,37,0,26,31,27
43,16,20,32,892,1,0,1800,151,9,31,10,off,0,18,26,24,1,37,34,10,13,25,6,9,15
43,16,20,33,893,1,0,1802,150,3,25,4,off,0,25,17,23,3,12,37,25,24,40,26,12,19
43,16,20,34,894,1,0,1804,151,42,21,0,q1,0,31,27,20,17,4,20,41,8,36,38,29,26
43,16,20,35,895,1,0,1806,151,40,19,41,off,0,35,38,24,16,36,0,4,21,38,27,42,17
43,16,20,36,896,1,0,1808,151,40,19,41,off,0,39,14,17,13,33,0,26,7,22,20,11,2
43,16,20,37,897,1,0,1810,151,42,21,0,q1,0,20,32,33,14,42,38,42,21,28,40,15,15
43,16,20,38,898,1,0,1812,152,3,25,4,off,0,28,35,16,16,4,36,26,28,40,15,4,5
43,16,20,39,899,1,0,1814,151,9,31,10,off,0,25,27,15,36,1,9,27,5,3,36,34,39
43,16,20,40,900,1,0,1816,152,17,39,18,off,0,20,24,41,14,40,39,7,40,40,29,36,3
43,16,20,41,901,1,0,1818,152,27,6,28,off,0,28,3,4,22,16,3,1,12,2,40,2,23
43,16,20,42,902,1,0,1820,152,39,18,40,off,0,1,3,5,30,22,29,22,3,10,39,37,41
43,16,21,29,932,1,0,1880,157,40,18,39,off,0,36,10,9,23,2,19,35,27,28,1,27,19
43,16,21,30,933,1,0,1882,157,28,6,27,off,0,29,6,18,15,34,31,35,24,29,19,42,25
43,16,21,31,934,1,0,1884,158,18,39,17,off,0,9,32,13,25,1,41,28,34,22,1,29,23
43,16,21,32,935,1,0,1886,157,10,31,9,off,0,15,12,23,14,1,5,28,20,35,30,23,38
43,16,21,33,936,1,0,1888,158,4,25,3,off,0,33,31,9,1,12,12,34,35,24,39,12,32
43,16,21,34,937,1,0,1890,158,0,21,42,q0,0,31,37,38,39,24,20,5,29,24,24,37,31
43,16,21,35,938,1,0,1892,158,41,19,40,off,0,28,2,30,21,10,0,3,25,0,34,20,5
43,16,21,36,939,1,0,1894,158,41,19,40,off,0,38,17,27,27,29,0,19,40,0,2,6,28
43,16,21,37,940,1,0,1896,159,0,21,42,q0,0,30,25,35,25,35,21,29,16,1,24,23,22
43,16,21,38,941,1,0,1898,158,4,25,3,off,0,15,28,38,27,1,9,18,38,39,30,10,7
43,16,21,39,942,1,0,1900,159,10,31,9,off,0,4,2,42,18,13,14,7,26,34,15,20,30
43,16,21,40,943,1,0,1902,159,18,39,17,off,0,31,5,28,22,1,30,34,3,5,1,38,38
43,16,21,41,944,1,0,1904,159,28,6,27,off,0,27,23,32,33,26,10,39,3,23,38,12,29
43,16,21,42,945,1,0,1906,159,40,18,39,off,0,11,41,8,29,21,19,41,42,2,27,34,8
43,16,22,29,975,1,0,1966,164,39,16,36,off,0,5,22,27,8,11,41,42,12,2,7,20,19
43,16,22,30,976,1,0,1968,165,27,4,24,off,0,21,38,22,23,11,33,21,22,13,41,32,23
43,16,22,31,977,1,0,1970,164,17,37,14,off,0,32,13,24,5,31,13,32,22,6,21,2,30
43,16,22,32,978,1,0,1972,165,9,29,6,off,0,11,3,31,20,22,17,23,7,41,23,23,17
43,16,22,33,979,1,0,1974,165,3,23,0,q1,0,33,5,19,6,30,16,39,15,34,5,11,30
43,16,22,34,980,1,0,1976,165,42,19,39,off,0,7,17,33,11,20,29,10,1,42,24,42,14
43,16,22,35,981,1,0,1978,165,40,17,37,off,0,27,28,31,24,20,23,34,28,14,40,7,20
43,16,22,36,982,1,0,1980,166,40,17,37,off,0,22,8,40,27,15,11,7,38,37,1,23,9
43,16,22,37,983,1,0,1982,165,42,19,39,off,0,7,26,3,27,19,26,33,0,42,20,16,36
43,16,22,38,984,1,0,1984,166,3,23,0,q1,0,5,17,42,0,22,5,34,22,31,18,13,33
43,16,22,39,985,1,0,1986,166,9,29,6,off,0,39,3,23,35,37,22,9,1,20,34,37,7
43,16,22,40,986,1,0,1988,166,17,37,14,off,0,29,5,26,39,16,14,9,42,6,33,2,26
43,16,22,41,987,1,0,1990,166,27,4,24,off,0,21,29,41,41,28,33,10,30,32,11,37,2
43,16,22,42,988,1,0,1992,167,39,16,36,off,0,21,4,29,17,9,28,11,38,15,29,13,39
43,16,23,29,1018,1,0,2052,172,36,12,31,off,0,6,21,14,27,24,5,39,3,15,42,33,16
43,16,23,30,1019,0,1,2054,171,24,0,19,qm,-1,0,0,0,0,0,0,0,0,0,0,0,0
43,16,23,31,1020,1,0,2056,172,14,33,9,off,0,32,2,13,1,21,7,5,34,3,22,15,7
43,16,23,32,1021,1,0,2058,172,6,25,1,off,0,34,21,1,31,26,1,2,42,1,23,40,1
43,16,23,33,1022,1,0,2060,172,0,19,38,q0,0,8,16,8,13,9,2,28,15,5,32,6,28
43,16,23,34,1023,1,0,2062,172,39,15,34,off,0,13,32,3,21,10,33,15,37,3,36,0,30
43,16,23,35,1024,1,0,2064,173,37,13,32,off,0,16,24,23,37,30,30,33,27,31,34,15,25
43,16,23,36,1025,1,0,2066,172,37,13,32,off,1,0,16,5,26,19,21,8,16,1,21,39,36
43,16,23,37,1026,1,0,2068,173,39,15,34,off,0,32,24,8,38,40,15,6,31,14,0,26,9
43,16,23,38,1027,1,0,2070,173,0,19,38,q0,0,16,41,20,14,15,19,39,10,19,21,18,5
43,16,23,39,1028,1,0,2072,173,6,25,1,off,0,21,42,29,26,37,12,36,42,11,25,1,33
43,16,23,40,1029,1,0,2074,173,14,33,9,off,0,2,34,32,35,25,5,9,23,39,13,30,39
43,16,23,41,1030,0,1,2076,174,24,0,19,qm,-1,0,0,0,0,0,0,0,0,0,0,0,0
43,16,23,42,1031,1,0,2078,173,36,12,31,off,0,21,7,23,6,36,19,21,18,28,7,21,42
43,16,24,29,1061,1,0,2138,178,31,6,24,off,0,23,9,7,28,40,23,32,40,23,13,30,27
43,16,24,30,1062,1,0,2140,179,19,37,12,off,0,3,16,1,34,12,19,4,30,14,1,22,3
43,16,24,31,1063,1,0,2142,179,9,27,2,off,0,9,40,26,41,41,27,15,0,19,21,3,14
43,16,24,32,1064,1,0,2144,179,1,19,37,off,0,13,10,31,13,3,14,20,24,15,32,21,23
43,16,24,33,1065,1,0,2146,179,38,13,31,off,0,37,14,9,32,36,26,17,8,0,24,35,14
43,16,24,34,1066,1,0,2148,180,34,9,27,off,0,41,19,7,24,15,2,16,22,27,10,22,13
43,16,24,35,1067,1,0,2150,179,32,7,25,off,0,5,2,27,17,6,4,33,39,16,11,6,15
43,16,24,36,1068,1,0,2152,180,32,7,25,off,0,33,31,8,27,10,12,36,34,14,0,29,13
43,16,24,37,1069,1,0,2154,180,34,9,27,off,0,8,5,34,38,34,8,1,32,39,24,35,28
43,16,24,38,1070,1,0,2156,180,38,13,31,off,0,19,40,16,18,14,5,39,18,16,41,4,30
43,16,24,39,1071,1,0,2158,180,1,19,37,off,1,0,1,25,27,40,3,23,33,9,41,26,0
43,16,24,40,1072,1,0,2160,181,9,27,2,off,0,26,41,25,33,39,40,24,31,16,9,22,33
43,16,24,41,1073,1,0,2162,180,19,37,12,off,0,23,23,3,42,40,35,38,29,8,8,28,11
43,16,24,42,1074,1,0,2164,181,31,6,24,off,0,32,23,33,10,7,5,15,32,41,17,6,39
43,16,25,29,1104,1,0,2224,186,24,41,15,off,0,33,5,16,33,28,16,16,12,1,32,28,18
43,16,25,30,1105,1,0,2226,186,12,29,3,off,0,19,6,35,30,30,29,19,16,10,34,21,40
43,16,25,31,1106,1,0,2228,186,2,19,36,off,0,35,14,8,32,24,0,31,28,39,24,0,3
43,16,25,32,1107,1,0,2230,186,37,11,28,off,0,19,3,13,40,3,17,37,0,13,14,40,10
43,16,25,33,1108,1,0,2232,187,31,5,22,off,0,6,42,38,27,21,8,15,25,33,22,22,18
43,16,25,34,1109,1,0,2234,186,27,1,18,off,0,23,5,0,20,13,22,17,25,14,13,35,20
43,16,25,35,1110,1,0,2236,187,25,42,16,off,0,4,24,42,14,30,26,11,28,2,13,32,24
43,16,25,36,1111,1,0,2238,187,25,42,16,off,0,17,40,26,37,11,4,16,14,3,11,26,22
43,16,25,37,1112,1,0,2240,187,27,1,18,off,0,27,39,38,28,9,26,27,12,33,4,41,18
43,16,25,38,1113,1,0,2242,187,31,5,22,off,0,13,22,15,40,28,36,17,29,2,28,12,11
43,16,25,39,1114,1,0,2244,188,37,11,28,off,0,6,8,0,26,14,7,35,17,10,40,34,5
43,16,25,40,1115,1,0,2246,187,2,19,36,off,0,13,30,1,17,29,19,14,7,14,6,30,21
43,16,25,41,1116,1,0,2248,188,12,29,3,off,0,17,42,27,0,16,34,19,8,7,23,40,23
43,16,25,42,1117,1,0,2250,188,24,41,15,off,0,13,4,26,41,22,29,0,2,29,11,26,8
43,16,26,29,1147,1,0,2310,193,15,31,4,off,0,24,13,31,14,2,26,21,25,7,5,34,40
43,16,26,30,1148,1,0,2312,193,3,19,35,off,0,8,27,23,5,22,36,36,17,31,27,6,17
43,16,26,31,1149,1,0,2314,193,36,9,25,off,0,31,34,23,15,26,6,27,37,32,4,2,26
43,16,26,32,1150,1,0,2316,194,28,1,17,off,0,20,13,35,10,38,40,21,33,15,9,31,9
43,16,26,33,1151,1,0,2318,193,22,38,11,off,0,42,11,4,42,17,12,18,40,2,24,19,0
43,16,26,34,1152,1,0,2320,194,18,34,7,off,0,11,22,25,36,29,32,24,6,42,4,9,3
43,16,26,35,1153,1,0,2322,194,16,32,5,off,0,21,41,25,38,24,9,39,5,35,34,19,34
43,16,26,36,1154,1,0,2324,194,16,32,5,off,0,32,40,41,4,22,28,17,16,18,22,6,4
43,16,26,37,1155,1,0,2326,194,18,34,7,off,0,39,42,9,17,25,35,12,5,4,11,18,10
43,16,26,38,1156,1,0,2328,195,22,38,11,off,0,31,4,21,31,41,33,34,3,38,6,26,2
43,16,26,39,1157,1,0,2330,194,28,1,17,off,0,23,35,38,16,8,3,18,16,19,11,12,32
43,16,26,40,1158,1,0,2332,195,36,9,25,off,0,27,15,4,0,16,30,11,41,26,18,6,34
43,16,26,41,1159,1,0,2334,195,3,19,35,off,0,20,33,34,1,29,15,18,22,32,9,24,42
43,16,26,42,1160,1,0,2336,195,15,31,4,off,0,18,35,0,41,15,27,34,9,23,20,9,31
43,16,27,29,1190,1,0,2396,200,4,19,34,off,0,12,23,12,26,15,30,24,18,1,21,30,29
43,16,27,30,1191,1,0,2398,200,35,7,22,off,0,35,37,42,15,33,17,19,0,37,6,33,2
43,16,27,31,1192,1,0,2400,201,25,40,12,off,0,28,19,39,0,18,15,4,4,22,38,40,15
43,16,27,32,1193,1,0,2402,200,17,32,4,off,0,14,16,2,13,19,35,4,17,4,18,15,7
43,16,27,33,1194,1,0,2404,201,11,26,41,off,0,39,20,40,31,35,18,35,39,38,25,42,22
43,16,27,34,1195,1,0,2406,201,7,22,37,off,0,37,23,39,5,18,41,14,27,15,2,38,25
43,16,27,35,1196,1,0,2408,201,5,20,35,off,0,34,37,21,15,30,15,33,10,25,40,34,8
43,16,27,36,1197,1,0,2410,201,5,20,35,off,0,40,35,6,7,1,37,37,16,22,15,36,19
43,16,27,37,1198,1,0,2412,202,7,22,37,off,0,40,3,10,11,15,35,27,5,25,11,13,31
43,16,27,38,1199,1,0,2414,201,11,26,41,off,0,6,25,16,20,28,35,16,19,8,6,35,29
43,16,27,39,1200,1,0,2416,202,17,32,4,off,0,33,26,17,32,41,4,7,9,23,42,33,8
43,16,27,40,1201,1,0,2418,202,25,40,12,off,0,6,5,0,17,20,25,4,8,22,4,36,12
43,16,27,41,1202,1,0,2420,202,35,7,22,off,0,13,3,12,13,9,31,42,12,17,37,2,5
43,16,27,42,1203,1,0,2422,202,4,19,34,off,0,5,16,36,13,9,16,27,15,10,2,29,9
43,16,28,29,1233,1,0,2482,207,34,5,19,off,0,16,31,26,1,23,39,8,29,17,4,7,8
43,16,28,30,1234,1,0,2484,208,22,36,7,off,0,1,15,36,27,25,11,11,0,16,13,15,0
43,16,28,31,1235,1,0,2486,207,12,26,40,off,0,13,22,33,38,26,2,37,16,17,36,13,27
43,16,28,32,1236,1,0,2488,208,4,18,32,off,0,39,20,17,4,6,36,27,2,11,0,17,27
43,16,28,33,1237,1,0,2490,208,41,12,26,off,0,38,19,23,28,40,21,18,36,35,34,40,25
43,16,28,34,1238,1,0,2492,208,37,8,22,off,0,36,6,31,17,12,6,7,2,20,13,38,18
43,16,28,35,1239,1,0,2494,208,35,6,20,off,0,23,17,35,34,8,17,14,10,35,37,9,1
43,16,28,36,1240,1,0,2496,209,35,6,20,off,0,28,18,34,31,10,10,41,22,31,2,8,40
43,16,28,37,1241,1,0,2498,208,37,8,22,off,0,36,37,38,30,20,38,36,0,20,18,37,34
43,16,28,38,1242,1,0,2500,209,41,12,26,off,0,32,4,6,31,25,4,17,29,13,29,34,3
43,16,28,39,1243,1,0,2502,209,4,18,32,off,1,0,20,39,40,17,27,28,6,0,27,8,26
43,16,28,40,1244,1,0,2504,209,12,26,40,off,0,19,23,4,10,38,10,3,5,5,16,22,1
43,16,28,41,1245,1,0,2506,209,22,36,7,off,0,36,17,21,13,15,10,23,25,7,26,6,33
43,16,28,42,1246,1,0,2508,210,34,5,19,off,0,37,37,21,28,34,42,19,7,25,3,8,41
43,16,29,30,1277,1,0,2570,214,7,20,33,off,0,28,16,9,16,9,36,34,41,7,42,41,1
43,16,29,31,1278,1,0,2572,215,40,10,23,off,0,14,4,8,30,35,21,28,15,8,2,38,23
43,16,29,32,1279,1,0,2574,215,32,2,15,off,0,11,26,19,3,12,32,6,24,8,9,20,39
43,16,29,33,1280,1,0,2576,215,26,39,9,off,0,28,40,35,21,31,11,24,5,39,26,36,31
43,16,29,34,1281,1,0,2578,215,22,35,5,off,0,1,27,35,0,41,9,37,42,36,13,21,37
43,16,29,35,1282,1,0,2580,216,20,33,3,off,0,6,20,2,39,33,17,28,3,27,40,25,2
43,16,29,36,1283,1,0,2582,215,20,33,3,off,1,0,6,40,6,27,36,16,24,24,28,13,17
43,16,29,37,1284,1,0,2584,216,22,35,5,off,0,27,22,0,1,7,37,1,28,17,16,12,15
43,16,29,38,1285,1,0,2586,216,26,39,9,off,0,40,2,29,10,18,4,13,35,2,40,23,38
43,16,29,39,1286,1,0,2588,216,32,2,15,off,0,26,24,25,12,23,36,39,35,23,34,39,8
43,16,29,40,1287,1,0,2590,216,40,10,23,off,0,4,11,14,1,32,28,28,4,27,10,31,24
43,16,29,41,1288,1,0,2592,217,7,20,33,off,0,29,23,18,39,30,1,3,14,30,34,22,28
43,16,30,31,1321,1,0,2658,222,23,35,4,off,0,34,4,6,16,40,4,0,36,27,20,1,10
43,16,30,32,1322,1,0,2660,222,15,27,39,off,0,8,3,31,1,39,6,6,2,30,0,7,4
43,16,30,33,1323,1,0,2662,222,9,21,33,off,0,40,36,36,12,28,0,23,0,24,18,11,24
43,16,30,34,1324,1,0,2664,223,5,17,29,off,0,31,11,8,10,7,33,2,9,1,26,23,13
43,16,30,35,1325,1,0,2666,222,3,15,27,off,0,3,3,1,34,41,16,22,26,42,2,32,41
43,16,30,36,1326,1,0,2668,223,3,15,27,off,0,17,28,2,32,23,10,15,42,38,27,0,24
43,16,30,37,1327,1,0,2670,223,5,17,29,off,0,5,21,2,23,13,3,27,17,11,28,19,28
43,16,30,38,1328,1,0,2672,223,9,21,33,off,0,3,34,37,40,38,22,35,18,5,40,24,23
43,16,30,39,1329,1,0,2674,223,15,27,39,off,0,23,23,23,24,37,3,1,37,9,27,21,30
43,16,30,40,1330,1,0,2676,224,23,35,4,off,0,29,18,8,3,38,33,27,4,26,41,34,7
43,16,31,32,1365,1,0,2746,229,39,7,18,off,3,0,0,0,2,8,36,10,21,24,37,13,27
43,16,31,33,1366,1,0,2748,230,33,1,12,off,2,0,0,24,8,10,31,11,12,0,14,38,6
43,16,31,34,1367,1,0,2750,229,29,40,8,off,3,0,0,0,19,11,36,25,13,9,3,26,33
43,16,31,35,1368,1,0,2752,230,27,38,6,off,2,0,0,9,2,11,5,36,38,11,41,18,25
43,16,31,36,1369,1,0,2754,230,27,38,6,off,2,0,0,24,36,37,14,25,19,38,38,20,5
43,16,31,37,1370,1,0,2756,230,29,40,8,off,2,0,0,37,39,18,7,36,28,37,30,12,36
43,16,31,38,1371,1,0,2758,230,33,1,12,off,2,0,0,14,23,42,32,1,38,0,10,9,18
43,16,31,39,1372,1,0,2760,231,39,7,18,off,1,0,29,13,42,26,21,19,7,35,26,22,31
43,16,32,33,1409,1,0,2834,236,12,22,32,off,0,41,28,21,24,8,14,22,33,17,31,32,6
43,16,32,34,1410,1,0,2836,237,8,18,28,off,0,16,39,21,35,9,35,36,20,2,33,42,40
43,16,32,35,1411,1,0,2838,237,6,16,26,off,0,41,0,37,15,37,3,25,35,4,19,2,19
43,16,32,36,1412,1,0,2840,237,6,16,26,off,0,42,0,28,31,16,38,12,26,34,30,21,25
43,16,32,37,1413,1,0,2842,237,8,18,28,off,0,2,8,11,1,30,2,18,31,35,37,41,33
43,16,32,38,1414,1,0,2844,238,12,22,32,off,0,38,8,15,21,6,33,41,40,5,19,31,8
43,16,33,34,1453,1,0,2922,244,28,37,3,off,0,41,17,39,13,10,35,26,36,12,17,7,9
43,16,33,35,1454,1,0,2924,244,26,35,1,off,0,10,27,25,21,6,21,8,42,3,22,7,31
43,16,33,36,1455,1,0,2926,244,26,35,1,off,0,32,36,1,27,26,26,22,7,25,19,15,36
43,16,33,37,1456,1,0,2928,245,28,37,3,off,0,19,8,26,17,19,11,36,9,2,8,15,16
43,16,34,35,1497,1,0,3010,251,1,9,17,off,0,3,4,39,40,17,11,15,12,36,30,37,7
43,16,34,36,1498,1,0,3012,252,1,9,17,off,0,21,19,8,16,23,33,39,10,17,18,36,42
